sample_id,relative_path,split,label_type,flavor_id,flavor_name,donor_sample_id,donor_source_file,extraction_method,empty_slot_file,empty_source_file,box_size,target_side,offset_x,offset_y,seed
cocoashot_amaretto_0001,data/synthetic_slots/v1/dataset/images/train/cocoashot_amaretto/cocoashot_amaretto_0001.jpg,train,occupied,cocoashot_amaretto,Amaretto,IMG_1978_c006,IMG_1978.jpg,expanded_u2net,IMG_2021_r02_c02.jpg,IMG_2021.jpg,6,180,24,13,20260917
cocoashot_amaretto_0002,data/synthetic_slots/v1/dataset/images/train/cocoashot_amaretto/cocoashot_amaretto_0002.jpg,train,occupied,cocoashot_amaretto,Amaretto,IMG_1978_c006,IMG_1978.jpg,expanded_u2net,IMG_2025_r03_c03.jpg,IMG_2025.jpg,16,175,31,15,20260917
cocoashot_amaretto_0003,data/synthetic_slots/v1/dataset/images/train/cocoashot_amaretto/cocoashot_amaretto_0003.jpg,train,occupied,cocoashot_amaretto,Amaretto,IMG_1978_c006,IMG_1978.jpg,expanded_u2net,IMG_2027_r02_c01.jpg,IMG_2027.jpg,30,146,48,30,20260917
cocoashot_amaretto_0004,data/synthetic_slots/v1/dataset/images/train/cocoashot_amaretto/cocoashot_amaretto_0004.jpg,train,occupied,cocoashot_amaretto,Amaretto,IMG_1978_c006,IMG_1978.jpg,expanded_u2net,IMG_2033_r08_c01.jpg,IMG_2033.jpg,50,157,41,38,20260917
cocoashot_amaretto_0005,data/synthetic_slots/v1/dataset/images/train/cocoashot_amaretto/cocoashot_amaretto_0005.jpg,train,occupied,cocoashot_amaretto,Amaretto,IMG_1978_c006,IMG_1978.jpg,expanded_u2net,IMG_2021_r01_c01.jpg,IMG_2021.jpg,6,181,31,13,20260917
cocoashot_amaretto_0006,data/synthetic_slots/v1/dataset/images/train/cocoashot_amaretto/cocoashot_amaretto_0006.jpg,train,occupied,cocoashot_amaretto,Amaretto,IMG_1978_c006,IMG_1978.jpg,expanded_u2net,IMG_2025_r01_c04.jpg,IMG_2025.jpg,16,153,38,26,20260917
cocoashot_amaretto_0007,data/synthetic_slots/v1/dataset/images/train/cocoashot_amaretto/cocoashot_amaretto_0007.jpg,train,occupied,cocoashot_amaretto,Amaretto,IMG_1978_c006,IMG_1978.jpg,expanded_u2net,IMG_2027_r03_c01.jpg,IMG_2027.jpg,30,152,45,29,20260917
cocoashot_amaretto_0008,data/synthetic_slots/v1/dataset/images/train/cocoashot_amaretto/cocoashot_amaretto_0008.jpg,train,occupied,cocoashot_amaretto,Amaretto,IMG_1978_c006,IMG_1978.jpg,expanded_u2net,IMG_2031_r06_c01.jpg,IMG_2031.jpg,50,180,35,14,20260917
cocoashot_amaretto_0009,data/synthetic_slots/v1/dataset/images/train/cocoashot_amaretto/cocoashot_amaretto_0009.jpg,train,occupied,cocoashot_amaretto,Amaretto,IMG_1978_c006,IMG_1978.jpg,expanded_u2net,IMG_2021_r01_c01.jpg,IMG_2021.jpg,6,174,24,28,20260917
cocoashot_amaretto_0010,data/synthetic_slots/v1/dataset/images/train/cocoashot_amaretto/cocoashot_amaretto_0010.jpg,train,occupied,cocoashot_amaretto,Amaretto,IMG_1978_c006,IMG_1978.jpg,expanded_u2net,IMG_2024_r01_c03.jpg,IMG_2024.jpg,16,181,23,20,20260917
cocoashot_amaretto_0011,data/synthetic_slots/v1/dataset/images/train/cocoashot_amaretto/cocoashot_amaretto_0011.jpg,train,occupied,cocoashot_amaretto,Amaretto,IMG_1978_c006,IMG_1978.jpg,expanded_u2net,IMG_2027_r03_c01.jpg,IMG_2027.jpg,30,181,32,17,20260917
cocoashot_amaretto_0012,data/synthetic_slots/v1/dataset/images/train/cocoashot_amaretto/cocoashot_amaretto_0012.jpg,train,occupied,cocoashot_amaretto,Amaretto,IMG_1978_c006,IMG_1978.jpg,expanded_u2net,IMG_2032_r07_c01.jpg,IMG_2032.jpg,50,176,37,22,20260917
cocoashot_amaretto_0013,data/synthetic_slots/v1/dataset/images/train/cocoashot_amaretto/cocoashot_amaretto_0013.jpg,train,occupied,cocoashot_amaretto,Amaretto,IMG_1978_c006,IMG_1978.jpg,expanded_u2net,IMG_2021_r03_c01.jpg,IMG_2021.jpg,6,149,36,37,20260917
cocoashot_amaretto_0014,data/synthetic_slots/v1/dataset/images/train/cocoashot_amaretto/cocoashot_amaretto_0014.jpg,train,occupied,cocoashot_amaretto,Amaretto,IMG_1978_c006,IMG_1978.jpg,expanded_u2net,IMG_2026_r03_c02.jpg,IMG_2026.jpg,16,171,28,21,20260917
cocoashot_amaretto_0015,data/synthetic_slots/v1/dataset/images/train/cocoashot_amaretto/cocoashot_amaretto_0015.jpg,train,occupied,cocoashot_amaretto,Amaretto,IMG_1978_c006,IMG_1978.jpg,expanded_u2net,IMG_2027_r04_c01.jpg,IMG_2027.jpg,30,171,31,34,20260917
cocoashot_amaretto_0016,data/synthetic_slots/v1/dataset/images/train/cocoashot_amaretto/cocoashot_amaretto_0016.jpg,train,occupied,cocoashot_amaretto,Amaretto,IMG_1978_c006,IMG_1978.jpg,expanded_u2net,IMG_2031_r05_c05.jpg,IMG_2031.jpg,50,147,41,29,20260917
cocoashot_amaretto_0017,data/synthetic_slots/v1/dataset/images/train/cocoashot_amaretto/cocoashot_amaretto_0017.jpg,train,occupied,cocoashot_amaretto,Amaretto,IMG_1978_c006,IMG_1978.jpg,expanded_u2net,IMG_2019_r01_c02.jpg,IMG_2019.jpg,6,167,41,35,20260917
cocoashot_amaretto_0018,data/synthetic_slots/v1/dataset/images/train/cocoashot_amaretto/cocoashot_amaretto_0018.jpg,train,occupied,cocoashot_amaretto,Amaretto,IMG_1978_c006,IMG_1978.jpg,expanded_u2net,IMG_2026_r03_c01.jpg,IMG_2026.jpg,16,150,43,45,20260917
cocoashot_amaretto_0019,data/synthetic_slots/v1/dataset/images/train/cocoashot_amaretto/cocoashot_amaretto_0019.jpg,train,occupied,cocoashot_amaretto,Amaretto,IMG_1978_c006,IMG_1978.jpg,expanded_u2net,IMG_2028_r06_c04.jpg,IMG_2028.jpg,30,182,22,17,20260917
cocoashot_amaretto_0020,data/synthetic_slots/v1/dataset/images/train/cocoashot_amaretto/cocoashot_amaretto_0020.jpg,train,occupied,cocoashot_amaretto,Amaretto,IMG_1978_c006,IMG_1978.jpg,expanded_u2net,IMG_2032_r02_c05.jpg,IMG_2032.jpg,50,149,39,44,20260917
cocoashot_amaretto_0021,data/synthetic_slots/v1/dataset/images/train/cocoashot_amaretto/cocoashot_amaretto_0021.jpg,train,occupied,cocoashot_amaretto,Amaretto,IMG_1978_c006,IMG_1978.jpg,expanded_u2net,IMG_2021_r03_c02.jpg,IMG_2021.jpg,6,179,23,26,20260917
cocoashot_amaretto_0022,data/synthetic_slots/v1/dataset/images/train/cocoashot_amaretto/cocoashot_amaretto_0022.jpg,train,occupied,cocoashot_amaretto,Amaretto,IMG_1978_c006,IMG_1978.jpg,expanded_u2net,IMG_2026_r02_c01.jpg,IMG_2026.jpg,16,150,33,41,20260917
cocoashot_amaretto_0023,data/synthetic_slots/v1/dataset/images/train/cocoashot_amaretto/cocoashot_amaretto_0023.jpg,train,occupied,cocoashot_amaretto,Amaretto,IMG_1978_c006,IMG_1978.jpg,expanded_u2net,IMG_2028_r04_c05.jpg,IMG_2028.jpg,30,157,36,30,20260917
cocoashot_amaretto_0024,data/synthetic_slots/v1/dataset/images/train/cocoashot_amaretto/cocoashot_amaretto_0024.jpg,train,occupied,cocoashot_amaretto,Amaretto,IMG_1978_c006,IMG_1978.jpg,expanded_u2net,IMG_2031_r07_c03.jpg,IMG_2031.jpg,50,159,30,25,20260917
cocoashot_amaretto_0025,data/synthetic_slots/v1/dataset/images/train/cocoashot_amaretto/cocoashot_amaretto_0025.jpg,train,occupied,cocoashot_amaretto,Amaretto,IMG_1978_c006,IMG_1978.jpg,expanded_u2net,IMG_2019_r02_c02.jpg,IMG_2019.jpg,6,156,44,41,20260917
cocoashot_amaretto_0026,data/synthetic_slots/v1/dataset/images/train/cocoashot_amaretto/cocoashot_amaretto_0026.jpg,train,occupied,cocoashot_amaretto,Amaretto,IMG_1978_c006,IMG_1978.jpg,expanded_u2net,IMG_2024_r01_c04.jpg,IMG_2024.jpg,16,152,43,38,20260917
cocoashot_amaretto_0027,data/synthetic_slots/v1/dataset/images/train/cocoashot_amaretto/cocoashot_amaretto_0027.jpg,train,occupied,cocoashot_amaretto,Amaretto,IMG_1978_c006,IMG_1978.jpg,expanded_u2net,IMG_2027_r06_c03.jpg,IMG_2027.jpg,30,146,33,46,20260917
cocoashot_amaretto_0028,data/synthetic_slots/v1/dataset/images/train/cocoashot_amaretto/cocoashot_amaretto_0028.jpg,train,occupied,cocoashot_amaretto,Amaretto,IMG_1978_c006,IMG_1978.jpg,expanded_u2net,IMG_2031_r04_c02.jpg,IMG_2031.jpg,50,163,37,21,20260917
cocoashot_amaretto_0029,data/synthetic_slots/v1/dataset/images/train/cocoashot_amaretto/cocoashot_amaretto_0029.jpg,train,occupied,cocoashot_amaretto,Amaretto,IMG_1978_c006,IMG_1978.jpg,expanded_u2net,IMG_2019_r02_c01.jpg,IMG_2019.jpg,6,176,31,25,20260917
cocoashot_amaretto_0030,data/synthetic_slots/v1/dataset/images/train/cocoashot_amaretto/cocoashot_amaretto_0030.jpg,train,occupied,cocoashot_amaretto,Amaretto,IMG_1978_c006,IMG_1978.jpg,expanded_u2net,IMG_2024_r01_c02.jpg,IMG_2024.jpg,16,160,36,28,20260917
cocoashot_amaretto_0031,data/synthetic_slots/v1/dataset/images/train/cocoashot_amaretto/cocoashot_amaretto_0031.jpg,train,occupied,cocoashot_amaretto,Amaretto,IMG_1978_c006,IMG_1978.jpg,expanded_u2net,IMG_2027_r06_c01.jpg,IMG_2027.jpg,30,167,34,35,20260917
cocoashot_amaretto_0032,data/synthetic_slots/v1/dataset/images/train/cocoashot_amaretto/cocoashot_amaretto_0032.jpg,train,occupied,cocoashot_amaretto,Amaretto,IMG_1978_c006,IMG_1978.jpg,expanded_u2net,IMG_2031_r08_c02.jpg,IMG_2031.jpg,50,152,47,33,20260917
cocoashot_amaretto_0033,data/synthetic_slots/v1/dataset/images/train/cocoashot_amaretto/cocoashot_amaretto_0033.jpg,train,occupied,cocoashot_amaretto,Amaretto,IMG_1978_c006,IMG_1978.jpg,expanded_u2net,IMG_2019_r03_c02.jpg,IMG_2019.jpg,6,185,33,12,20260917
cocoashot_amaretto_0034,data/synthetic_slots/v1/dataset/images/train/cocoashot_amaretto/cocoashot_amaretto_0034.jpg,train,occupied,cocoashot_amaretto,Amaretto,IMG_1978_c006,IMG_1978.jpg,expanded_u2net,IMG_2026_r01_c02.jpg,IMG_2026.jpg,16,184,29,17,20260917
cocoashot_amaretto_0035,data/synthetic_slots/v1/dataset/images/train/cocoashot_amaretto/cocoashot_amaretto_0035.jpg,train,occupied,cocoashot_amaretto,Amaretto,IMG_1978_c006,IMG_1978.jpg,expanded_u2net,IMG_2027_r03_c03.jpg,IMG_2027.jpg,30,185,19,23,20260917
cocoashot_amaretto_0036,data/synthetic_slots/v1/dataset/images/train/cocoashot_amaretto/cocoashot_amaretto_0036.jpg,train,occupied,cocoashot_amaretto,Amaretto,IMG_1978_c006,IMG_1978.jpg,expanded_u2net,IMG_2031_r02_c02.jpg,IMG_2031.jpg,50,148,49,30,20260917
cocoashot_amaretto_0037,data/synthetic_slots/v1/dataset/images/train/cocoashot_amaretto/cocoashot_amaretto_0037.jpg,train,occupied,cocoashot_amaretto,Amaretto,IMG_1978_c006,IMG_1978.jpg,expanded_u2net,IMG_2019_r01_c02.jpg,IMG_2019.jpg,6,176,31,20,20260917
cocoashot_amaretto_0038,data/synthetic_slots/v1/dataset/images/train/cocoashot_amaretto/cocoashot_amaretto_0038.jpg,train,occupied,cocoashot_amaretto,Amaretto,IMG_1978_c006,IMG_1978.jpg,expanded_u2net,IMG_2026_r04_c01.jpg,IMG_2026.jpg,16,162,29,28,20260917
cocoashot_amaretto_0039,data/synthetic_slots/v1/dataset/images/train/cocoashot_amaretto/cocoashot_amaretto_0039.jpg,train,occupied,cocoashot_amaretto,Amaretto,IMG_1978_c006,IMG_1978.jpg,expanded_u2net,IMG_2029_r01_c03.jpg,IMG_2029.jpg,30,164,28,23,20260917
cocoashot_amaretto_0040,data/synthetic_slots/v1/dataset/images/train/cocoashot_amaretto/cocoashot_amaretto_0040.jpg,train,occupied,cocoashot_amaretto,Amaretto,IMG_1978_c006,IMG_1978.jpg,expanded_u2net,IMG_2031_r09_c05.jpg,IMG_2031.jpg,50,182,32,12,20260917
cocoashot_amaretto_0041,data/synthetic_slots/v1/dataset/images/train/cocoashot_amaretto/cocoashot_amaretto_0041.jpg,train,occupied,cocoashot_amaretto,Amaretto,IMG_1978_c006,IMG_1978.jpg,expanded_u2net,IMG_2019_r03_c01.jpg,IMG_2019.jpg,6,173,21,28,20260917
cocoashot_amaretto_0042,data/synthetic_slots/v1/dataset/images/train/cocoashot_amaretto/cocoashot_amaretto_0042.jpg,train,occupied,cocoashot_amaretto,Amaretto,IMG_1978_c006,IMG_1978.jpg,expanded_u2net,IMG_2022_r02_c02.jpg,IMG_2022.jpg,16,168,23,25,20260917
cocoashot_amaretto_0043,data/synthetic_slots/v1/dataset/images/train/cocoashot_amaretto/cocoashot_amaretto_0043.jpg,train,occupied,cocoashot_amaretto,Amaretto,IMG_1978_c006,IMG_1978.jpg,expanded_u2net,IMG_2027_r04_c04.jpg,IMG_2027.jpg,30,161,25,38,20260917
cocoashot_amaretto_0044,data/synthetic_slots/v1/dataset/images/train/cocoashot_amaretto/cocoashot_amaretto_0044.jpg,train,occupied,cocoashot_amaretto,Amaretto,IMG_1978_c006,IMG_1978.jpg,expanded_u2net,IMG_2031_r03_c02.jpg,IMG_2031.jpg,50,160,28,31,20260917
cocoashot_amaretto_0045,data/synthetic_slots/v1/dataset/images/train/cocoashot_amaretto/cocoashot_amaretto_0045.jpg,train,occupied,cocoashot_amaretto,Amaretto,IMG_1978_c006,IMG_1978.jpg,expanded_u2net,IMG_2021_r02_c01.jpg,IMG_2021.jpg,6,174,33,26,20260917
cocoashot_amaretto_0046,data/synthetic_slots/v1/dataset/images/train/cocoashot_amaretto/cocoashot_amaretto_0046.jpg,train,occupied,cocoashot_amaretto,Amaretto,IMG_1978_c006,IMG_1978.jpg,expanded_u2net,IMG_2025_r03_c04.jpg,IMG_2025.jpg,16,172,30,19,20260917
cocoashot_amaretto_0047,data/synthetic_slots/v1/dataset/images/train/cocoashot_amaretto/cocoashot_amaretto_0047.jpg,train,occupied,cocoashot_amaretto,Amaretto,IMG_1978_c006,IMG_1978.jpg,expanded_u2net,IMG_2029_r02_c03.jpg,IMG_2029.jpg,30,184,19,17,20260917
cocoashot_amaretto_0048,data/synthetic_slots/v1/dataset/images/train/cocoashot_amaretto/cocoashot_amaretto_0048.jpg,train,occupied,cocoashot_amaretto,Amaretto,IMG_1978_c006,IMG_1978.jpg,expanded_u2net,IMG_2032_r08_c02.jpg,IMG_2032.jpg,50,171,32,20,20260917
cocoashot_amaretto_0049,data/synthetic_slots/v1/dataset/images/train/cocoashot_amaretto/cocoashot_amaretto_0049.jpg,train,occupied,cocoashot_amaretto,Amaretto,IMG_1978_c006,IMG_1978.jpg,expanded_u2net,IMG_2019_r01_c02.jpg,IMG_2019.jpg,6,161,25,29,20260917
cocoashot_amaretto_0050,data/synthetic_slots/v1/dataset/images/train/cocoashot_amaretto/cocoashot_amaretto_0050.jpg,train,occupied,cocoashot_amaretto,Amaretto,IMG_1978_c006,IMG_1978.jpg,expanded_u2net,IMG_2025_r02_c04.jpg,IMG_2025.jpg,16,160,33,25,20260917
cocoashot_amaretto_0051,data/synthetic_slots/v1/dataset/images/train/cocoashot_amaretto/cocoashot_amaretto_0051.jpg,train,occupied,cocoashot_amaretto,Amaretto,IMG_1978_c006,IMG_1978.jpg,expanded_u2net,IMG_2027_r05_c04.jpg,IMG_2027.jpg,30,171,28,35,20260917
cocoashot_amaretto_0052,data/synthetic_slots/v1/dataset/images/train/cocoashot_amaretto/cocoashot_amaretto_0052.jpg,train,occupied,cocoashot_amaretto,Amaretto,IMG_1978_c006,IMG_1978.jpg,expanded_u2net,IMG_2031_r01_c01.jpg,IMG_2031.jpg,50,151,47,30,20260917
cocoashot_amaretto_0053,data/synthetic_slots/v1/dataset/images/train/cocoashot_amaretto/cocoashot_amaretto_0053.jpg,train,occupied,cocoashot_amaretto,Amaretto,IMG_1978_c006,IMG_1978.jpg,expanded_u2net,IMG_2021_r01_c02.jpg,IMG_2021.jpg,6,172,21,18,20260917
cocoashot_amaretto_0054,data/synthetic_slots/v1/dataset/images/train/cocoashot_amaretto/cocoashot_amaretto_0054.jpg,train,occupied,cocoashot_amaretto,Amaretto,IMG_1978_c006,IMG_1978.jpg,expanded_u2net,IMG_2026_r01_c04.jpg,IMG_2026.jpg,16,182,31,27,20260917
cocoashot_amaretto_0055,data/synthetic_slots/v1/dataset/images/train/cocoashot_amaretto/cocoashot_amaretto_0055.jpg,train,occupied,cocoashot_amaretto,Amaretto,IMG_1978_c006,IMG_1978.jpg,expanded_u2net,IMG_2029_r05_c01.jpg,IMG_2029.jpg,30,156,39,38,20260917
cocoashot_amaretto_0056,data/synthetic_slots/v1/dataset/images/train/cocoashot_amaretto/cocoashot_amaretto_0056.jpg,train,occupied,cocoashot_amaretto,Amaretto,IMG_1978_c006,IMG_1978.jpg,expanded_u2net,IMG_2033_r09_c05.jpg,IMG_2033.jpg,50,184,20,20,20260917
cocoashot_amaretto_0057,data/synthetic_slots/v1/dataset/images/train/cocoashot_amaretto/cocoashot_amaretto_0057.jpg,train,occupied,cocoashot_amaretto,Amaretto,IMG_1978_c006,IMG_1978.jpg,expanded_u2net,IMG_2019_r01_c02.jpg,IMG_2019.jpg,6,179,31,28,20260917
cocoashot_amaretto_0058,data/synthetic_slots/v1/dataset/images/train/cocoashot_amaretto/cocoashot_amaretto_0058.jpg,train,occupied,cocoashot_amaretto,Amaretto,IMG_1978_c006,IMG_1978.jpg,expanded_u2net,IMG_2026_r01_c04.jpg,IMG_2026.jpg,16,185,29,10,20260917
cocoashot_amaretto_0059,data/synthetic_slots/v1/dataset/images/train/cocoashot_amaretto/cocoashot_amaretto_0059.jpg,train,occupied,cocoashot_amaretto,Amaretto,IMG_1978_c006,IMG_1978.jpg,expanded_u2net,IMG_2028_r05_c01.jpg,IMG_2028.jpg,30,171,21,33,20260917
cocoashot_amaretto_0060,data/synthetic_slots/v1/dataset/images/train/cocoashot_amaretto/cocoashot_amaretto_0060.jpg,train,occupied,cocoashot_amaretto,Amaretto,IMG_1978_c006,IMG_1978.jpg,expanded_u2net,IMG_2033_r06_c01.jpg,IMG_2033.jpg,50,153,43,43,20260917
cocoashot_amaretto_0061,data/synthetic_slots/v1/dataset/images/train/cocoashot_amaretto/cocoashot_amaretto_0061.jpg,train,occupied,cocoashot_amaretto,Amaretto,IMG_1978_c006,IMG_1978.jpg,expanded_u2net,IMG_2019_r03_c02.jpg,IMG_2019.jpg,6,174,34,33,20260917
cocoashot_amaretto_0062,data/synthetic_slots/v1/dataset/images/train/cocoashot_amaretto/cocoashot_amaretto_0062.jpg,train,occupied,cocoashot_amaretto,Amaretto,IMG_1978_c006,IMG_1978.jpg,expanded_u2net,IMG_2022_r04_c03.jpg,IMG_2022.jpg,16,168,33,32,20260917
cocoashot_amaretto_0063,data/synthetic_slots/v1/dataset/images/train/cocoashot_amaretto/cocoashot_amaretto_0063.jpg,train,occupied,cocoashot_amaretto,Amaretto,IMG_1978_c006,IMG_1978.jpg,expanded_u2net,IMG_2029_r06_c04.jpg,IMG_2029.jpg,30,167,26,22,20260917
cocoashot_amaretto_0064,data/synthetic_slots/v1/dataset/images/train/cocoashot_amaretto/cocoashot_amaretto_0064.jpg,train,occupied,cocoashot_amaretto,Amaretto,IMG_1978_c006,IMG_1978.jpg,expanded_u2net,IMG_2032_r02_c04.jpg,IMG_2032.jpg,50,185,28,26,20260917
cocoashot_amaretto_0065,data/synthetic_slots/v1/dataset/images/train/cocoashot_amaretto/cocoashot_amaretto_0065.jpg,train,occupied,cocoashot_amaretto,Amaretto,IMG_1978_c006,IMG_1978.jpg,expanded_u2net,IMG_2021_r03_c01.jpg,IMG_2021.jpg,6,174,22,20,20260917
cocoashot_amaretto_0066,data/synthetic_slots/v1/dataset/images/train/cocoashot_amaretto/cocoashot_amaretto_0066.jpg,train,occupied,cocoashot_amaretto,Amaretto,IMG_1978_c006,IMG_1978.jpg,expanded_u2net,IMG_2022_r01_c01.jpg,IMG_2022.jpg,16,147,50,42,20260917
cocoashot_amaretto_0067,data/synthetic_slots/v1/dataset/images/train/cocoashot_amaretto/cocoashot_amaretto_0067.jpg,train,occupied,cocoashot_amaretto,Amaretto,IMG_1978_c006,IMG_1978.jpg,expanded_u2net,IMG_2028_r05_c02.jpg,IMG_2028.jpg,30,163,37,35,20260917
cocoashot_amaretto_0068,data/synthetic_slots/v1/dataset/images/train/cocoashot_amaretto/cocoashot_amaretto_0068.jpg,train,occupied,cocoashot_amaretto,Amaretto,IMG_1978_c006,IMG_1978.jpg,expanded_u2net,IMG_2033_r06_c05.jpg,IMG_2033.jpg,50,155,30,35,20260917
cocoashot_amaretto_0069,data/synthetic_slots/v1/dataset/images/train/cocoashot_amaretto/cocoashot_amaretto_0069.jpg,train,occupied,cocoashot_amaretto,Amaretto,IMG_1978_c006,IMG_1978.jpg,expanded_u2net,IMG_2021_r02_c01.jpg,IMG_2021.jpg,6,175,21,15,20260917
cocoashot_amaretto_0070,data/synthetic_slots/v1/dataset/images/train/cocoashot_amaretto/cocoashot_amaretto_0070.jpg,train,occupied,cocoashot_amaretto,Amaretto,IMG_1978_c006,IMG_1978.jpg,expanded_u2net,IMG_2022_r01_c01.jpg,IMG_2022.jpg,16,151,44,31,20260917
cocoashot_amaretto_0071,data/synthetic_slots/v1/dataset/images/train/cocoashot_amaretto/cocoashot_amaretto_0071.jpg,train,occupied,cocoashot_amaretto,Amaretto,IMG_1978_c006,IMG_1978.jpg,expanded_u2net,IMG_2027_r01_c03.jpg,IMG_2027.jpg,30,173,25,29,20260917
cocoashot_amaretto_0072,data/synthetic_slots/v1/dataset/images/train/cocoashot_amaretto/cocoashot_amaretto_0072.jpg,train,occupied,cocoashot_amaretto,Amaretto,IMG_1978_c006,IMG_1978.jpg,expanded_u2net,IMG_2033_r06_c01.jpg,IMG_2033.jpg,50,164,31,39,20260917
cocoashot_amaretto_0073,data/synthetic_slots/v1/dataset/images/train/cocoashot_amaretto/cocoashot_amaretto_0073.jpg,train,occupied,cocoashot_amaretto,Amaretto,IMG_1978_c006,IMG_1978.jpg,expanded_u2net,IMG_2019_r01_c02.jpg,IMG_2019.jpg,6,149,46,39,20260917
cocoashot_amaretto_0074,data/synthetic_slots/v1/dataset/images/train/cocoashot_amaretto/cocoashot_amaretto_0074.jpg,train,occupied,cocoashot_amaretto,Amaretto,IMG_1978_c006,IMG_1978.jpg,expanded_u2net,IMG_2022_r01_c03.jpg,IMG_2022.jpg,16,180,22,14,20260917
cocoashot_amaretto_0075,data/synthetic_slots/v1/dataset/images/train/cocoashot_amaretto/cocoashot_amaretto_0075.jpg,train,occupied,cocoashot_amaretto,Amaretto,IMG_1978_c006,IMG_1978.jpg,expanded_u2net,IMG_2027_r02_c03.jpg,IMG_2027.jpg,30,166,32,25,20260917
cocoashot_amaretto_0076,data/synthetic_slots/v1/dataset/images/train/cocoashot_amaretto/cocoashot_amaretto_0076.jpg,train,occupied,cocoashot_amaretto,Amaretto,IMG_1978_c006,IMG_1978.jpg,expanded_u2net,IMG_2032_r10_c04.jpg,IMG_2032.jpg,50,166,31,31,20260917
cocoashot_amaretto_0077,data/synthetic_slots/v1/dataset/images/train/cocoashot_amaretto/cocoashot_amaretto_0077.jpg,train,occupied,cocoashot_amaretto,Amaretto,IMG_1978_c006,IMG_1978.jpg,expanded_u2net,IMG_2021_r01_c02.jpg,IMG_2021.jpg,6,147,47,31,20260917
cocoashot_amaretto_0078,data/synthetic_slots/v1/dataset/images/train/cocoashot_amaretto/cocoashot_amaretto_0078.jpg,train,occupied,cocoashot_amaretto,Amaretto,IMG_1978_c006,IMG_1978.jpg,expanded_u2net,IMG_2025_r02_c03.jpg,IMG_2025.jpg,16,183,27,14,20260917
cocoashot_amaretto_0079,data/synthetic_slots/v1/dataset/images/train/cocoashot_amaretto/cocoashot_amaretto_0079.jpg,train,occupied,cocoashot_amaretto,Amaretto,IMG_1978_c006,IMG_1978.jpg,expanded_u2net,IMG_2027_r06_c05.jpg,IMG_2027.jpg,30,174,33,30,20260917
cocoashot_amaretto_0080,data/synthetic_slots/v1/dataset/images/train/cocoashot_amaretto/cocoashot_amaretto_0080.jpg,train,occupied,cocoashot_amaretto,Amaretto,IMG_1978_c006,IMG_1978.jpg,expanded_u2net,IMG_2031_r07_c05.jpg,IMG_2031.jpg,50,165,40,34,20260917
cocoashot_amaretto_0081,data/synthetic_slots/v1/dataset/images/validation/cocoashot_amaretto/cocoashot_amaretto_0081.jpg,validation,occupied,cocoashot_amaretto,Amaretto,IMG_1978_c006,IMG_1978.jpg,expanded_u2net,IMG_2020_r02_c01.jpg,IMG_2020.jpg,6,161,26,24,20260917
cocoashot_amaretto_0082,data/synthetic_slots/v1/dataset/images/validation/cocoashot_amaretto/cocoashot_amaretto_0082.jpg,validation,occupied,cocoashot_amaretto,Amaretto,IMG_1978_c006,IMG_1978.jpg,expanded_u2net,IMG_2023_r04_c03.jpg,IMG_2023.jpg,16,168,30,36,20260917
cocoashot_amaretto_0083,data/synthetic_slots/v1/dataset/images/validation/cocoashot_amaretto/cocoashot_amaretto_0083.jpg,validation,occupied,cocoashot_amaretto,Amaretto,IMG_1978_c006,IMG_1978.jpg,expanded_u2net,IMG_2030_r06_c05.jpg,IMG_2030.jpg,30,173,21,30,20260917
cocoashot_amaretto_0084,data/synthetic_slots/v1/dataset/images/validation/cocoashot_amaretto/cocoashot_amaretto_0084.jpg,validation,occupied,cocoashot_amaretto,Amaretto,IMG_1978_c006,IMG_1978.jpg,expanded_u2net,IMG_2034_r08_c02.jpg,IMG_2034.jpg,50,148,45,42,20260917
cocoashot_amaretto_0085,data/synthetic_slots/v1/dataset/images/validation/cocoashot_amaretto/cocoashot_amaretto_0085.jpg,validation,occupied,cocoashot_amaretto,Amaretto,IMG_1978_c006,IMG_1978.jpg,expanded_u2net,IMG_2020_r03_c02.jpg,IMG_2020.jpg,6,163,38,28,20260917
cocoashot_amaretto_0086,data/synthetic_slots/v1/dataset/images/validation/cocoashot_amaretto/cocoashot_amaretto_0086.jpg,validation,occupied,cocoashot_amaretto,Amaretto,IMG_1978_c006,IMG_1978.jpg,expanded_u2net,IMG_2023_r03_c02.jpg,IMG_2023.jpg,16,176,27,26,20260917
cocoashot_amaretto_0087,data/synthetic_slots/v1/dataset/images/validation/cocoashot_amaretto/cocoashot_amaretto_0087.jpg,validation,occupied,cocoashot_amaretto,Amaretto,IMG_1978_c006,IMG_1978.jpg,expanded_u2net,IMG_2030_r01_c05.jpg,IMG_2030.jpg,30,158,27,31,20260917
cocoashot_amaretto_0088,data/synthetic_slots/v1/dataset/images/validation/cocoashot_amaretto/cocoashot_amaretto_0088.jpg,validation,occupied,cocoashot_amaretto,Amaretto,IMG_1978_c006,IMG_1978.jpg,expanded_u2net,IMG_2034_r05_c02.jpg,IMG_2034.jpg,50,167,29,35,20260917
cocoashot_amaretto_0089,data/synthetic_slots/v1/dataset/images/validation/cocoashot_amaretto/cocoashot_amaretto_0089.jpg,validation,occupied,cocoashot_amaretto,Amaretto,IMG_1978_c006,IMG_1978.jpg,expanded_u2net,IMG_2020_r02_c01.jpg,IMG_2020.jpg,6,158,35,29,20260917
cocoashot_amaretto_0090,data/synthetic_slots/v1/dataset/images/validation/cocoashot_amaretto/cocoashot_amaretto_0090.jpg,validation,occupied,cocoashot_amaretto,Amaretto,IMG_1978_c006,IMG_1978.jpg,expanded_u2net,IMG_2023_r01_c04.jpg,IMG_2023.jpg,16,158,29,34,20260917
cocoashot_amaretto_0091,data/synthetic_slots/v1/dataset/images/validation/cocoashot_amaretto/cocoashot_amaretto_0091.jpg,validation,occupied,cocoashot_amaretto,Amaretto,IMG_1978_c006,IMG_1978.jpg,expanded_u2net,IMG_2030_r02_c03.jpg,IMG_2030.jpg,30,179,30,26,20260917
cocoashot_amaretto_0092,data/synthetic_slots/v1/dataset/images/validation/cocoashot_amaretto/cocoashot_amaretto_0092.jpg,validation,occupied,cocoashot_amaretto,Amaretto,IMG_1978_c006,IMG_1978.jpg,expanded_u2net,IMG_2034_r08_c02.jpg,IMG_2034.jpg,50,163,31,30,20260917
cocoashot_amaretto_0093,data/synthetic_slots/v1/dataset/images/validation/cocoashot_amaretto/cocoashot_amaretto_0093.jpg,validation,occupied,cocoashot_amaretto,Amaretto,IMG_1978_c006,IMG_1978.jpg,expanded_u2net,IMG_2020_r01_c01.jpg,IMG_2020.jpg,6,178,35,14,20260917
cocoashot_amaretto_0094,data/synthetic_slots/v1/dataset/images/validation/cocoashot_amaretto/cocoashot_amaretto_0094.jpg,validation,occupied,cocoashot_amaretto,Amaretto,IMG_1978_c006,IMG_1978.jpg,expanded_u2net,IMG_2023_r02_c04.jpg,IMG_2023.jpg,16,179,25,13,20260917
cocoashot_amaretto_0095,data/synthetic_slots/v1/dataset/images/validation/cocoashot_amaretto/cocoashot_amaretto_0095.jpg,validation,occupied,cocoashot_amaretto,Amaretto,IMG_1978_c006,IMG_1978.jpg,expanded_u2net,IMG_2030_r06_c03.jpg,IMG_2030.jpg,30,152,47,28,20260917
cocoashot_amaretto_0096,data/synthetic_slots/v1/dataset/images/validation/cocoashot_amaretto/cocoashot_amaretto_0096.jpg,validation,occupied,cocoashot_amaretto,Amaretto,IMG_1978_c006,IMG_1978.jpg,expanded_u2net,IMG_2034_r01_c02.jpg,IMG_2034.jpg,50,149,43,34,20260917
cocoashot_amaretto_0097,data/synthetic_slots/v1/dataset/images/validation/cocoashot_amaretto/cocoashot_amaretto_0097.jpg,validation,occupied,cocoashot_amaretto,Amaretto,IMG_1978_c006,IMG_1978.jpg,expanded_u2net,IMG_2020_r02_c01.jpg,IMG_2020.jpg,6,171,24,23,20260917
cocoashot_amaretto_0098,data/synthetic_slots/v1/dataset/images/validation/cocoashot_amaretto/cocoashot_amaretto_0098.jpg,validation,occupied,cocoashot_amaretto,Amaretto,IMG_1978_c006,IMG_1978.jpg,expanded_u2net,IMG_2023_r04_c04.jpg,IMG_2023.jpg,16,174,27,34,20260917
cocoashot_amaretto_0099,data/synthetic_slots/v1/dataset/images/validation/cocoashot_amaretto/cocoashot_amaretto_0099.jpg,validation,occupied,cocoashot_amaretto,Amaretto,IMG_1978_c006,IMG_1978.jpg,expanded_u2net,IMG_2030_r01_c05.jpg,IMG_2030.jpg,30,152,47,39,20260917
cocoashot_amaretto_0100,data/synthetic_slots/v1/dataset/images/validation/cocoashot_amaretto/cocoashot_amaretto_0100.jpg,validation,occupied,cocoashot_amaretto,Amaretto,IMG_1978_c006,IMG_1978.jpg,expanded_u2net,IMG_2034_r06_c03.jpg,IMG_2034.jpg,50,161,27,35,20260917
cocoashot_bourbon_0001,data/synthetic_slots/v1/dataset/images/train/cocoashot_bourbon/cocoashot_bourbon_0001.jpg,train,occupied,cocoashot_bourbon,Bourbon,IMG_1984_c010,IMG_1984.jpg,expanded_u2net,IMG_2019_r01_c01.jpg,IMG_2019.jpg,6,181,17,20,20260917
cocoashot_bourbon_0002,data/synthetic_slots/v1/dataset/images/train/cocoashot_bourbon/cocoashot_bourbon_0002.jpg,train,occupied,cocoashot_bourbon,Bourbon,IMG_1984_c010,IMG_1984.jpg,expanded_u2net,IMG_2025_r03_c03.jpg,IMG_2025.jpg,16,177,23,17,20260917
cocoashot_bourbon_0003,data/synthetic_slots/v1/dataset/images/train/cocoashot_bourbon/cocoashot_bourbon_0003.jpg,train,occupied,cocoashot_bourbon,Bourbon,IMG_1984_c010,IMG_1984.jpg,expanded_u2net,IMG_2028_r06_c05.jpg,IMG_2028.jpg,30,146,38,41,20260917
cocoashot_bourbon_0004,data/synthetic_slots/v1/dataset/images/train/cocoashot_bourbon/cocoashot_bourbon_0004.jpg,train,occupied,cocoashot_bourbon,Bourbon,IMG_1984_c010,IMG_1984.jpg,expanded_u2net,IMG_2033_r09_c04.jpg,IMG_2033.jpg,50,181,21,16,20260917
cocoashot_bourbon_0005,data/synthetic_slots/v1/dataset/images/train/cocoashot_bourbon/cocoashot_bourbon_0005.jpg,train,occupied,cocoashot_bourbon,Bourbon,IMG_1984_c010,IMG_1984.jpg,expanded_u2net,IMG_2021_r01_c02.jpg,IMG_2021.jpg,6,153,41,27,20260917
cocoashot_bourbon_0006,data/synthetic_slots/v1/dataset/images/train/cocoashot_bourbon/cocoashot_bourbon_0006.jpg,train,occupied,cocoashot_bourbon,Bourbon,IMG_1984_c010,IMG_1984.jpg,expanded_u2net,IMG_2026_r04_c01.jpg,IMG_2026.jpg,16,161,35,25,20260917
cocoashot_bourbon_0007,data/synthetic_slots/v1/dataset/images/train/cocoashot_bourbon/cocoashot_bourbon_0007.jpg,train,occupied,cocoashot_bourbon,Bourbon,IMG_1984_c010,IMG_1984.jpg,expanded_u2net,IMG_2028_r03_c04.jpg,IMG_2028.jpg,30,185,33,12,20260917
cocoashot_bourbon_0008,data/synthetic_slots/v1/dataset/images/train/cocoashot_bourbon/cocoashot_bourbon_0008.jpg,train,occupied,cocoashot_bourbon,Bourbon,IMG_1984_c010,IMG_1984.jpg,expanded_u2net,IMG_2032_r05_c03.jpg,IMG_2032.jpg,50,172,31,34,20260917
cocoashot_bourbon_0009,data/synthetic_slots/v1/dataset/images/train/cocoashot_bourbon/cocoashot_bourbon_0009.jpg,train,occupied,cocoashot_bourbon,Bourbon,IMG_1984_c010,IMG_1984.jpg,expanded_u2net,IMG_2021_r02_c01.jpg,IMG_2021.jpg,6,167,26,25,20260917
cocoashot_bourbon_0010,data/synthetic_slots/v1/dataset/images/train/cocoashot_bourbon/cocoashot_bourbon_0010.jpg,train,occupied,cocoashot_bourbon,Bourbon,IMG_1984_c010,IMG_1984.jpg,expanded_u2net,IMG_2022_r01_c01.jpg,IMG_2022.jpg,16,174,34,31,20260917
cocoashot_bourbon_0011,data/synthetic_slots/v1/dataset/images/train/cocoashot_bourbon/cocoashot_bourbon_0011.jpg,train,occupied,cocoashot_bourbon,Bourbon,IMG_1984_c010,IMG_1984.jpg,expanded_u2net,IMG_2028_r03_c05.jpg,IMG_2028.jpg,30,176,28,31,20260917
cocoashot_bourbon_0012,data/synthetic_slots/v1/dataset/images/train/cocoashot_bourbon/cocoashot_bourbon_0012.jpg,train,occupied,cocoashot_bourbon,Bourbon,IMG_1984_c010,IMG_1984.jpg,expanded_u2net,IMG_2032_r09_c01.jpg,IMG_2032.jpg,50,185,30,18,20260917
cocoashot_bourbon_0013,data/synthetic_slots/v1/dataset/images/train/cocoashot_bourbon/cocoashot_bourbon_0013.jpg,train,occupied,cocoashot_bourbon,Bourbon,IMG_1984_c010,IMG_1984.jpg,expanded_u2net,IMG_2019_r03_c02.jpg,IMG_2019.jpg,6,148,52,37,20260917
cocoashot_bourbon_0014,data/synthetic_slots/v1/dataset/images/train/cocoashot_bourbon/cocoashot_bourbon_0014.jpg,train,occupied,cocoashot_bourbon,Bourbon,IMG_1984_c010,IMG_1984.jpg,expanded_u2net,IMG_2022_r02_c03.jpg,IMG_2022.jpg,16,178,32,27,20260917
cocoashot_bourbon_0015,data/synthetic_slots/v1/dataset/images/train/cocoashot_bourbon/cocoashot_bourbon_0015.jpg,train,occupied,cocoashot_bourbon,Bourbon,IMG_1984_c010,IMG_1984.jpg,expanded_u2net,IMG_2027_r01_c05.jpg,IMG_2027.jpg,30,160,30,37,20260917
cocoashot_bourbon_0016,data/synthetic_slots/v1/dataset/images/train/cocoashot_bourbon/cocoashot_bourbon_0016.jpg,train,occupied,cocoashot_bourbon,Bourbon,IMG_1984_c010,IMG_1984.jpg,expanded_u2net,IMG_2033_r01_c02.jpg,IMG_2033.jpg,50,151,47,38,20260917
cocoashot_bourbon_0017,data/synthetic_slots/v1/dataset/images/train/cocoashot_bourbon/cocoashot_bourbon_0017.jpg,train,occupied,cocoashot_bourbon,Bourbon,IMG_1984_c010,IMG_1984.jpg,expanded_u2net,IMG_2021_r01_c01.jpg,IMG_2021.jpg,6,170,29,32,20260917
cocoashot_bourbon_0018,data/synthetic_slots/v1/dataset/images/train/cocoashot_bourbon/cocoashot_bourbon_0018.jpg,train,occupied,cocoashot_bourbon,Bourbon,IMG_1984_c010,IMG_1984.jpg,expanded_u2net,IMG_2022_r01_c02.jpg,IMG_2022.jpg,16,179,21,16,20260917
cocoashot_bourbon_0019,data/synthetic_slots/v1/dataset/images/train/cocoashot_bourbon/cocoashot_bourbon_0019.jpg,train,occupied,cocoashot_bourbon,Bourbon,IMG_1984_c010,IMG_1984.jpg,expanded_u2net,IMG_2028_r05_c04.jpg,IMG_2028.jpg,30,181,20,28,20260917
cocoashot_bourbon_0020,data/synthetic_slots/v1/dataset/images/train/cocoashot_bourbon/cocoashot_bourbon_0020.jpg,train,occupied,cocoashot_bourbon,Bourbon,IMG_1984_c010,IMG_1984.jpg,expanded_u2net,IMG_2033_r06_c03.jpg,IMG_2033.jpg,50,156,30,37,20260917
cocoashot_bourbon_0021,data/synthetic_slots/v1/dataset/images/train/cocoashot_bourbon/cocoashot_bourbon_0021.jpg,train,occupied,cocoashot_bourbon,Bourbon,IMG_1984_c010,IMG_1984.jpg,expanded_u2net,IMG_2019_r01_c01.jpg,IMG_2019.jpg,6,178,33,29,20260917
cocoashot_bourbon_0022,data/synthetic_slots/v1/dataset/images/train/cocoashot_bourbon/cocoashot_bourbon_0022.jpg,train,occupied,cocoashot_bourbon,Bourbon,IMG_1984_c010,IMG_1984.jpg,expanded_u2net,IMG_2022_r01_c01.jpg,IMG_2022.jpg,16,169,36,36,20260917
cocoashot_bourbon_0023,data/synthetic_slots/v1/dataset/images/train/cocoashot_bourbon/cocoashot_bourbon_0023.jpg,train,occupied,cocoashot_bourbon,Bourbon,IMG_1984_c010,IMG_1984.jpg,expanded_u2net,IMG_2028_r03_c04.jpg,IMG_2028.jpg,30,179,30,29,20260917
cocoashot_bourbon_0024,data/synthetic_slots/v1/dataset/images/train/cocoashot_bourbon/cocoashot_bourbon_0024.jpg,train,occupied,cocoashot_bourbon,Bourbon,IMG_1984_c010,IMG_1984.jpg,expanded_u2net,IMG_2033_r05_c05.jpg,IMG_2033.jpg,50,148,45,46,20260917
cocoashot_bourbon_0025,data/synthetic_slots/v1/dataset/images/train/cocoashot_bourbon/cocoashot_bourbon_0025.jpg,train,occupied,cocoashot_bourbon,Bourbon,IMG_1984_c010,IMG_1984.jpg,expanded_u2net,IMG_2021_r03_c02.jpg,IMG_2021.jpg,6,178,36,17,20260917
cocoashot_bourbon_0026,data/synthetic_slots/v1/dataset/images/train/cocoashot_bourbon/cocoashot_bourbon_0026.jpg,train,occupied,cocoashot_bourbon,Bourbon,IMG_1984_c010,IMG_1984.jpg,expanded_u2net,IMG_2025_r04_c04.jpg,IMG_2025.jpg,16,164,30,32,20260917
cocoashot_bourbon_0027,data/synthetic_slots/v1/dataset/images/train/cocoashot_bourbon/cocoashot_bourbon_0027.jpg,train,occupied,cocoashot_bourbon,Bourbon,IMG_1984_c010,IMG_1984.jpg,expanded_u2net,IMG_2028_r02_c05.jpg,IMG_2028.jpg,30,158,35,35,20260917
cocoashot_bourbon_0028,data/synthetic_slots/v1/dataset/images/train/cocoashot_bourbon/cocoashot_bourbon_0028.jpg,train,occupied,cocoashot_bourbon,Bourbon,IMG_1984_c010,IMG_1984.jpg,expanded_u2net,IMG_2033_r02_c05.jpg,IMG_2033.jpg,50,179,32,22,20260917
cocoashot_bourbon_0029,data/synthetic_slots/v1/dataset/images/train/cocoashot_bourbon/cocoashot_bourbon_0029.jpg,train,occupied,cocoashot_bourbon,Bourbon,IMG_1984_c010,IMG_1984.jpg,expanded_u2net,IMG_2019_r02_c01.jpg,IMG_2019.jpg,6,166,30,29,20260917
cocoashot_bourbon_0030,data/synthetic_slots/v1/dataset/images/train/cocoashot_bourbon/cocoashot_bourbon_0030.jpg,train,occupied,cocoashot_bourbon,Bourbon,IMG_1984_c010,IMG_1984.jpg,expanded_u2net,IMG_2025_r04_c04.jpg,IMG_2025.jpg,16,159,37,29,20260917
cocoashot_bourbon_0031,data/synthetic_slots/v1/dataset/images/train/cocoashot_bourbon/cocoashot_bourbon_0031.jpg,train,occupied,cocoashot_bourbon,Bourbon,IMG_1984_c010,IMG_1984.jpg,expanded_u2net,IMG_2027_r01_c01.jpg,IMG_2027.jpg,30,168,38,20,20260917
cocoashot_bourbon_0032,data/synthetic_slots/v1/dataset/images/train/cocoashot_bourbon/cocoashot_bourbon_0032.jpg,train,occupied,cocoashot_bourbon,Bourbon,IMG_1984_c010,IMG_1984.jpg,expanded_u2net,IMG_2033_r06_c03.jpg,IMG_2033.jpg,50,151,44,35,20260917
cocoashot_bourbon_0033,data/synthetic_slots/v1/dataset/images/train/cocoashot_bourbon/cocoashot_bourbon_0033.jpg,train,occupied,cocoashot_bourbon,Bourbon,IMG_1984_c010,IMG_1984.jpg,expanded_u2net,IMG_2019_r01_c02.jpg,IMG_2019.jpg,6,147,46,36,20260917
cocoashot_bourbon_0034,data/synthetic_slots/v1/dataset/images/train/cocoashot_bourbon/cocoashot_bourbon_0034.jpg,train,occupied,cocoashot_bourbon,Bourbon,IMG_1984_c010,IMG_1984.jpg,expanded_u2net,IMG_2026_r03_c01.jpg,IMG_2026.jpg,16,155,30,41,20260917
cocoashot_bourbon_0035,data/synthetic_slots/v1/dataset/images/train/cocoashot_bourbon/cocoashot_bourbon_0035.jpg,train,occupied,cocoashot_bourbon,Bourbon,IMG_1984_c010,IMG_1984.jpg,expanded_u2net,IMG_2027_r02_c04.jpg,IMG_2027.jpg,30,146,37,41,20260917
cocoashot_bourbon_0036,data/synthetic_slots/v1/dataset/images/train/cocoashot_bourbon/cocoashot_bourbon_0036.jpg,train,occupied,cocoashot_bourbon,Bourbon,IMG_1984_c010,IMG_1984.jpg,expanded_u2net,IMG_2032_r01_c01.jpg,IMG_2032.jpg,50,168,38,23,20260917
cocoashot_bourbon_0037,data/synthetic_slots/v1/dataset/images/train/cocoashot_bourbon/cocoashot_bourbon_0037.jpg,train,occupied,cocoashot_bourbon,Bourbon,IMG_1984_c010,IMG_1984.jpg,expanded_u2net,IMG_2019_r01_c01.jpg,IMG_2019.jpg,6,158,30,37,20260917
cocoashot_bourbon_0038,data/synthetic_slots/v1/dataset/images/train/cocoashot_bourbon/cocoashot_bourbon_0038.jpg,train,occupied,cocoashot_bourbon,Bourbon,IMG_1984_c010,IMG_1984.jpg,expanded_u2net,IMG_2022_r01_c01.jpg,IMG_2022.jpg,16,178,33,15,20260917
cocoashot_bourbon_0039,data/synthetic_slots/v1/dataset/images/train/cocoashot_bourbon/cocoashot_bourbon_0039.jpg,train,occupied,cocoashot_bourbon,Bourbon,IMG_1984_c010,IMG_1984.jpg,expanded_u2net,IMG_2027_r05_c03.jpg,IMG_2027.jpg,30,147,46,31,20260917
cocoashot_bourbon_0040,data/synthetic_slots/v1/dataset/images/train/cocoashot_bourbon/cocoashot_bourbon_0040.jpg,train,occupied,cocoashot_bourbon,Bourbon,IMG_1984_c010,IMG_1984.jpg,expanded_u2net,IMG_2031_r04_c01.jpg,IMG_2031.jpg,50,159,40,40,20260917
cocoashot_bourbon_0041,data/synthetic_slots/v1/dataset/images/train/cocoashot_bourbon/cocoashot_bourbon_0041.jpg,train,occupied,cocoashot_bourbon,Bourbon,IMG_1984_c010,IMG_1984.jpg,expanded_u2net,IMG_2019_r03_c01.jpg,IMG_2019.jpg,6,182,18,25,20260917
cocoashot_bourbon_0042,data/synthetic_slots/v1/dataset/images/train/cocoashot_bourbon/cocoashot_bourbon_0042.jpg,train,occupied,cocoashot_bourbon,Bourbon,IMG_1984_c010,IMG_1984.jpg,expanded_u2net,IMG_2024_r01_c01.jpg,IMG_2024.jpg,16,172,26,18,20260917
cocoashot_bourbon_0043,data/synthetic_slots/v1/dataset/images/train/cocoashot_bourbon/cocoashot_bourbon_0043.jpg,train,occupied,cocoashot_bourbon,Bourbon,IMG_1984_c010,IMG_1984.jpg,expanded_u2net,IMG_2029_r06_c03.jpg,IMG_2029.jpg,30,159,37,28,20260917
cocoashot_bourbon_0044,data/synthetic_slots/v1/dataset/images/train/cocoashot_bourbon/cocoashot_bourbon_0044.jpg,train,occupied,cocoashot_bourbon,Bourbon,IMG_1984_c010,IMG_1984.jpg,expanded_u2net,IMG_2033_r05_c03.jpg,IMG_2033.jpg,50,152,34,36,20260917
cocoashot_bourbon_0045,data/synthetic_slots/v1/dataset/images/train/cocoashot_bourbon/cocoashot_bourbon_0045.jpg,train,occupied,cocoashot_bourbon,Bourbon,IMG_1984_c010,IMG_1984.jpg,expanded_u2net,IMG_2021_r01_c02.jpg,IMG_2021.jpg,6,147,38,40,20260917
cocoashot_bourbon_0046,data/synthetic_slots/v1/dataset/images/train/cocoashot_bourbon/cocoashot_bourbon_0046.jpg,train,occupied,cocoashot_bourbon,Bourbon,IMG_1984_c010,IMG_1984.jpg,expanded_u2net,IMG_2024_r01_c03.jpg,IMG_2024.jpg,16,156,39,25,20260917
cocoashot_bourbon_0047,data/synthetic_slots/v1/dataset/images/train/cocoashot_bourbon/cocoashot_bourbon_0047.jpg,train,occupied,cocoashot_bourbon,Bourbon,IMG_1984_c010,IMG_1984.jpg,expanded_u2net,IMG_2029_r03_c04.jpg,IMG_2029.jpg,30,176,23,17,20260917
cocoashot_bourbon_0048,data/synthetic_slots/v1/dataset/images/train/cocoashot_bourbon/cocoashot_bourbon_0048.jpg,train,occupied,cocoashot_bourbon,Bourbon,IMG_1984_c010,IMG_1984.jpg,expanded_u2net,IMG_2031_r06_c01.jpg,IMG_2031.jpg,50,167,37,28,20260917
cocoashot_bourbon_0049,data/synthetic_slots/v1/dataset/images/train/cocoashot_bourbon/cocoashot_bourbon_0049.jpg,train,occupied,cocoashot_bourbon,Bourbon,IMG_1984_c010,IMG_1984.jpg,expanded_u2net,IMG_2019_r02_c02.jpg,IMG_2019.jpg,6,173,35,30,20260917
cocoashot_bourbon_0050,data/synthetic_slots/v1/dataset/images/train/cocoashot_bourbon/cocoashot_bourbon_0050.jpg,train,occupied,cocoashot_bourbon,Bourbon,IMG_1984_c010,IMG_1984.jpg,expanded_u2net,IMG_2024_r03_c04.jpg,IMG_2024.jpg,16,171,39,23,20260917
cocoashot_bourbon_0051,data/synthetic_slots/v1/dataset/images/train/cocoashot_bourbon/cocoashot_bourbon_0051.jpg,train,occupied,cocoashot_bourbon,Bourbon,IMG_1984_c010,IMG_1984.jpg,expanded_u2net,IMG_2028_r01_c03.jpg,IMG_2028.jpg,30,147,44,45,20260917
cocoashot_bourbon_0052,data/synthetic_slots/v1/dataset/images/train/cocoashot_bourbon/cocoashot_bourbon_0052.jpg,train,occupied,cocoashot_bourbon,Bourbon,IMG_1984_c010,IMG_1984.jpg,expanded_u2net,IMG_2032_r05_c01.jpg,IMG_2032.jpg,50,168,41,31,20260917
cocoashot_bourbon_0053,data/synthetic_slots/v1/dataset/images/train/cocoashot_bourbon/cocoashot_bourbon_0053.jpg,train,occupied,cocoashot_bourbon,Bourbon,IMG_1984_c010,IMG_1984.jpg,expanded_u2net,IMG_2019_r02_c01.jpg,IMG_2019.jpg,6,168,33,24,20260917
cocoashot_bourbon_0054,data/synthetic_slots/v1/dataset/images/train/cocoashot_bourbon/cocoashot_bourbon_0054.jpg,train,occupied,cocoashot_bourbon,Bourbon,IMG_1984_c010,IMG_1984.jpg,expanded_u2net,IMG_2026_r03_c02.jpg,IMG_2026.jpg,16,157,44,34,20260917
cocoashot_bourbon_0055,data/synthetic_slots/v1/dataset/images/train/cocoashot_bourbon/cocoashot_bourbon_0055.jpg,train,occupied,cocoashot_bourbon,Bourbon,IMG_1984_c010,IMG_1984.jpg,expanded_u2net,IMG_2029_r04_c01.jpg,IMG_2029.jpg,30,162,32,26,20260917
cocoashot_bourbon_0056,data/synthetic_slots/v1/dataset/images/train/cocoashot_bourbon/cocoashot_bourbon_0056.jpg,train,occupied,cocoashot_bourbon,Bourbon,IMG_1984_c010,IMG_1984.jpg,expanded_u2net,IMG_2032_r01_c01.jpg,IMG_2032.jpg,50,162,38,40,20260917
cocoashot_bourbon_0057,data/synthetic_slots/v1/dataset/images/train/cocoashot_bourbon/cocoashot_bourbon_0057.jpg,train,occupied,cocoashot_bourbon,Bourbon,IMG_1984_c010,IMG_1984.jpg,expanded_u2net,IMG_2021_r01_c01.jpg,IMG_2021.jpg,6,182,31,18,20260917
cocoashot_bourbon_0058,data/synthetic_slots/v1/dataset/images/train/cocoashot_bourbon/cocoashot_bourbon_0058.jpg,train,occupied,cocoashot_bourbon,Bourbon,IMG_1984_c010,IMG_1984.jpg,expanded_u2net,IMG_2025_r01_c01.jpg,IMG_2025.jpg,16,170,28,32,20260917
cocoashot_bourbon_0059,data/synthetic_slots/v1/dataset/images/train/cocoashot_bourbon/cocoashot_bourbon_0059.jpg,train,occupied,cocoashot_bourbon,Bourbon,IMG_1984_c010,IMG_1984.jpg,expanded_u2net,IMG_2027_r02_c01.jpg,IMG_2027.jpg,30,163,34,27,20260917
cocoashot_bourbon_0060,data/synthetic_slots/v1/dataset/images/train/cocoashot_bourbon/cocoashot_bourbon_0060.jpg,train,occupied,cocoashot_bourbon,Bourbon,IMG_1984_c010,IMG_1984.jpg,expanded_u2net,IMG_2032_r01_c05.jpg,IMG_2032.jpg,50,174,28,18,20260917
cocoashot_bourbon_0061,data/synthetic_slots/v1/dataset/images/train/cocoashot_bourbon/cocoashot_bourbon_0061.jpg,train,occupied,cocoashot_bourbon,Bourbon,IMG_1984_c010,IMG_1984.jpg,expanded_u2net,IMG_2021_r03_c02.jpg,IMG_2021.jpg,6,145,51,30,20260917
cocoashot_bourbon_0062,data/synthetic_slots/v1/dataset/images/train/cocoashot_bourbon/cocoashot_bourbon_0062.jpg,train,occupied,cocoashot_bourbon,Bourbon,IMG_1984_c010,IMG_1984.jpg,expanded_u2net,IMG_2022_r04_c02.jpg,IMG_2022.jpg,16,163,43,30,20260917
cocoashot_bourbon_0063,data/synthetic_slots/v1/dataset/images/train/cocoashot_bourbon/cocoashot_bourbon_0063.jpg,train,occupied,cocoashot_bourbon,Bourbon,IMG_1984_c010,IMG_1984.jpg,expanded_u2net,IMG_2029_r02_c01.jpg,IMG_2029.jpg,30,185,19,19,20260917
cocoashot_bourbon_0064,data/synthetic_slots/v1/dataset/images/train/cocoashot_bourbon/cocoashot_bourbon_0064.jpg,train,occupied,cocoashot_bourbon,Bourbon,IMG_1984_c010,IMG_1984.jpg,expanded_u2net,IMG_2033_r05_c05.jpg,IMG_2033.jpg,50,184,23,22,20260917
cocoashot_bourbon_0065,data/synthetic_slots/v1/dataset/images/train/cocoashot_bourbon/cocoashot_bourbon_0065.jpg,train,occupied,cocoashot_bourbon,Bourbon,IMG_1984_c010,IMG_1984.jpg,expanded_u2net,IMG_2021_r01_c02.jpg,IMG_2021.jpg,6,174,34,19,20260917
cocoashot_bourbon_0066,data/synthetic_slots/v1/dataset/images/train/cocoashot_bourbon/cocoashot_bourbon_0066.jpg,train,occupied,cocoashot_bourbon,Bourbon,IMG_1984_c010,IMG_1984.jpg,expanded_u2net,IMG_2022_r01_c01.jpg,IMG_2022.jpg,16,158,30,42,20260917
cocoashot_bourbon_0067,data/synthetic_slots/v1/dataset/images/train/cocoashot_bourbon/cocoashot_bourbon_0067.jpg,train,occupied,cocoashot_bourbon,Bourbon,IMG_1984_c010,IMG_1984.jpg,expanded_u2net,IMG_2029_r06_c03.jpg,IMG_2029.jpg,30,166,30,37,20260917
cocoashot_bourbon_0068,data/synthetic_slots/v1/dataset/images/train/cocoashot_bourbon/cocoashot_bourbon_0068.jpg,train,occupied,cocoashot_bourbon,Bourbon,IMG_1984_c010,IMG_1984.jpg,expanded_u2net,IMG_2031_r10_c02.jpg,IMG_2031.jpg,50,159,34,38,20260917
cocoashot_bourbon_0069,data/synthetic_slots/v1/dataset/images/train/cocoashot_bourbon/cocoashot_bourbon_0069.jpg,train,occupied,cocoashot_bourbon,Bourbon,IMG_1984_c010,IMG_1984.jpg,expanded_u2net,IMG_2019_r02_c02.jpg,IMG_2019.jpg,6,175,25,22,20260917
cocoashot_bourbon_0070,data/synthetic_slots/v1/dataset/images/train/cocoashot_bourbon/cocoashot_bourbon_0070.jpg,train,occupied,cocoashot_bourbon,Bourbon,IMG_1984_c010,IMG_1984.jpg,expanded_u2net,IMG_2025_r03_c03.jpg,IMG_2025.jpg,16,182,28,26,20260917
cocoashot_bourbon_0071,data/synthetic_slots/v1/dataset/images/train/cocoashot_bourbon/cocoashot_bourbon_0071.jpg,train,occupied,cocoashot_bourbon,Bourbon,IMG_1984_c010,IMG_1984.jpg,expanded_u2net,IMG_2029_r06_c05.jpg,IMG_2029.jpg,30,160,44,29,20260917
cocoashot_bourbon_0072,data/synthetic_slots/v1/dataset/images/train/cocoashot_bourbon/cocoashot_bourbon_0072.jpg,train,occupied,cocoashot_bourbon,Bourbon,IMG_1984_c010,IMG_1984.jpg,expanded_u2net,IMG_2032_r09_c05.jpg,IMG_2032.jpg,50,177,25,30,20260917
cocoashot_bourbon_0073,data/synthetic_slots/v1/dataset/images/train/cocoashot_bourbon/cocoashot_bourbon_0073.jpg,train,occupied,cocoashot_bourbon,Bourbon,IMG_1984_c010,IMG_1984.jpg,expanded_u2net,IMG_2019_r02_c02.jpg,IMG_2019.jpg,6,158,32,36,20260917
cocoashot_bourbon_0074,data/synthetic_slots/v1/dataset/images/train/cocoashot_bourbon/cocoashot_bourbon_0074.jpg,train,occupied,cocoashot_bourbon,Bourbon,IMG_1984_c010,IMG_1984.jpg,expanded_u2net,IMG_2026_r03_c01.jpg,IMG_2026.jpg,16,169,26,27,20260917
cocoashot_bourbon_0075,data/synthetic_slots/v1/dataset/images/train/cocoashot_bourbon/cocoashot_bourbon_0075.jpg,train,occupied,cocoashot_bourbon,Bourbon,IMG_1984_c010,IMG_1984.jpg,expanded_u2net,IMG_2027_r05_c05.jpg,IMG_2027.jpg,30,164,41,28,20260917
cocoashot_bourbon_0076,data/synthetic_slots/v1/dataset/images/train/cocoashot_bourbon/cocoashot_bourbon_0076.jpg,train,occupied,cocoashot_bourbon,Bourbon,IMG_1984_c010,IMG_1984.jpg,expanded_u2net,IMG_2033_r07_c04.jpg,IMG_2033.jpg,50,166,34,30,20260917
cocoashot_bourbon_0077,data/synthetic_slots/v1/dataset/images/train/cocoashot_bourbon/cocoashot_bourbon_0077.jpg,train,occupied,cocoashot_bourbon,Bourbon,IMG_1984_c010,IMG_1984.jpg,expanded_u2net,IMG_2019_r03_c01.jpg,IMG_2019.jpg,6,159,46,35,20260917
cocoashot_bourbon_0078,data/synthetic_slots/v1/dataset/images/train/cocoashot_bourbon/cocoashot_bourbon_0078.jpg,train,occupied,cocoashot_bourbon,Bourbon,IMG_1984_c010,IMG_1984.jpg,expanded_u2net,IMG_2024_r03_c01.jpg,IMG_2024.jpg,16,174,31,27,20260917
cocoashot_bourbon_0079,data/synthetic_slots/v1/dataset/images/train/cocoashot_bourbon/cocoashot_bourbon_0079.jpg,train,occupied,cocoashot_bourbon,Bourbon,IMG_1984_c010,IMG_1984.jpg,expanded_u2net,IMG_2029_r06_c03.jpg,IMG_2029.jpg,30,160,45,34,20260917
cocoashot_bourbon_0080,data/synthetic_slots/v1/dataset/images/train/cocoashot_bourbon/cocoashot_bourbon_0080.jpg,train,occupied,cocoashot_bourbon,Bourbon,IMG_1984_c010,IMG_1984.jpg,expanded_u2net,IMG_2032_r07_c01.jpg,IMG_2032.jpg,50,182,26,22,20260917
cocoashot_bourbon_0081,data/synthetic_slots/v1/dataset/images/validation/cocoashot_bourbon/cocoashot_bourbon_0081.jpg,validation,occupied,cocoashot_bourbon,Bourbon,IMG_1984_c010,IMG_1984.jpg,expanded_u2net,IMG_2020_r01_c02.jpg,IMG_2020.jpg,6,177,25,25,20260917
cocoashot_bourbon_0082,data/synthetic_slots/v1/dataset/images/validation/cocoashot_bourbon/cocoashot_bourbon_0082.jpg,validation,occupied,cocoashot_bourbon,Bourbon,IMG_1984_c010,IMG_1984.jpg,expanded_u2net,IMG_2023_r03_c01.jpg,IMG_2023.jpg,16,175,32,15,20260917
cocoashot_bourbon_0083,data/synthetic_slots/v1/dataset/images/validation/cocoashot_bourbon/cocoashot_bourbon_0083.jpg,validation,occupied,cocoashot_bourbon,Bourbon,IMG_1984_c010,IMG_1984.jpg,expanded_u2net,IMG_2030_r03_c03.jpg,IMG_2030.jpg,30,150,32,42,20260917
cocoashot_bourbon_0084,data/synthetic_slots/v1/dataset/images/validation/cocoashot_bourbon/cocoashot_bourbon_0084.jpg,validation,occupied,cocoashot_bourbon,Bourbon,IMG_1984_c010,IMG_1984.jpg,expanded_u2net,IMG_2034_r10_c03.jpg,IMG_2034.jpg,50,154,32,37,20260917
cocoashot_bourbon_0085,data/synthetic_slots/v1/dataset/images/validation/cocoashot_bourbon/cocoashot_bourbon_0085.jpg,validation,occupied,cocoashot_bourbon,Bourbon,IMG_1984_c010,IMG_1984.jpg,expanded_u2net,IMG_2020_r02_c01.jpg,IMG_2020.jpg,6,180,22,18,20260917
cocoashot_bourbon_0086,data/synthetic_slots/v1/dataset/images/validation/cocoashot_bourbon/cocoashot_bourbon_0086.jpg,validation,occupied,cocoashot_bourbon,Bourbon,IMG_1984_c010,IMG_1984.jpg,expanded_u2net,IMG_2023_r01_c04.jpg,IMG_2023.jpg,16,161,34,22,20260917
cocoashot_bourbon_0087,data/synthetic_slots/v1/dataset/images/validation/cocoashot_bourbon/cocoashot_bourbon_0087.jpg,validation,occupied,cocoashot_bourbon,Bourbon,IMG_1984_c010,IMG_1984.jpg,expanded_u2net,IMG_2030_r02_c04.jpg,IMG_2030.jpg,30,155,47,39,20260917
cocoashot_bourbon_0088,data/synthetic_slots/v1/dataset/images/validation/cocoashot_bourbon/cocoashot_bourbon_0088.jpg,validation,occupied,cocoashot_bourbon,Bourbon,IMG_1984_c010,IMG_1984.jpg,expanded_u2net,IMG_2034_r03_c02.jpg,IMG_2034.jpg,50,171,40,27,20260917
cocoashot_bourbon_0089,data/synthetic_slots/v1/dataset/images/validation/cocoashot_bourbon/cocoashot_bourbon_0089.jpg,validation,occupied,cocoashot_bourbon,Bourbon,IMG_1984_c010,IMG_1984.jpg,expanded_u2net,IMG_2020_r02_c01.jpg,IMG_2020.jpg,6,169,26,26,20260917
cocoashot_bourbon_0090,data/synthetic_slots/v1/dataset/images/validation/cocoashot_bourbon/cocoashot_bourbon_0090.jpg,validation,occupied,cocoashot_bourbon,Bourbon,IMG_1984_c010,IMG_1984.jpg,expanded_u2net,IMG_2023_r04_c02.jpg,IMG_2023.jpg,16,169,24,18,20260917
cocoashot_bourbon_0091,data/synthetic_slots/v1/dataset/images/validation/cocoashot_bourbon/cocoashot_bourbon_0091.jpg,validation,occupied,cocoashot_bourbon,Bourbon,IMG_1984_c010,IMG_1984.jpg,expanded_u2net,IMG_2030_r02_c02.jpg,IMG_2030.jpg,30,169,26,36,20260917
cocoashot_bourbon_0092,data/synthetic_slots/v1/dataset/images/validation/cocoashot_bourbon/cocoashot_bourbon_0092.jpg,validation,occupied,cocoashot_bourbon,Bourbon,IMG_1984_c010,IMG_1984.jpg,expanded_u2net,IMG_2034_r02_c01.jpg,IMG_2034.jpg,50,154,46,31,20260917
cocoashot_bourbon_0093,data/synthetic_slots/v1/dataset/images/validation/cocoashot_bourbon/cocoashot_bourbon_0093.jpg,validation,occupied,cocoashot_bourbon,Bourbon,IMG_1984_c010,IMG_1984.jpg,expanded_u2net,IMG_2020_r03_c01.jpg,IMG_2020.jpg,6,184,33,26,20260917
cocoashot_bourbon_0094,data/synthetic_slots/v1/dataset/images/validation/cocoashot_bourbon/cocoashot_bourbon_0094.jpg,validation,occupied,cocoashot_bourbon,Bourbon,IMG_1984_c010,IMG_1984.jpg,expanded_u2net,IMG_2023_r02_c02.jpg,IMG_2023.jpg,16,185,24,23,20260917
cocoashot_bourbon_0095,data/synthetic_slots/v1/dataset/images/validation/cocoashot_bourbon/cocoashot_bourbon_0095.jpg,validation,occupied,cocoashot_bourbon,Bourbon,IMG_1984_c010,IMG_1984.jpg,expanded_u2net,IMG_2030_r01_c03.jpg,IMG_2030.jpg,30,151,36,42,20260917
cocoashot_bourbon_0096,data/synthetic_slots/v1/dataset/images/validation/cocoashot_bourbon/cocoashot_bourbon_0096.jpg,validation,occupied,cocoashot_bourbon,Bourbon,IMG_1984_c010,IMG_1984.jpg,expanded_u2net,IMG_2034_r06_c02.jpg,IMG_2034.jpg,50,185,26,21,20260917
cocoashot_bourbon_0097,data/synthetic_slots/v1/dataset/images/validation/cocoashot_bourbon/cocoashot_bourbon_0097.jpg,validation,occupied,cocoashot_bourbon,Bourbon,IMG_1984_c010,IMG_1984.jpg,expanded_u2net,IMG_2020_r02_c01.jpg,IMG_2020.jpg,6,184,19,21,20260917
cocoashot_bourbon_0098,data/synthetic_slots/v1/dataset/images/validation/cocoashot_bourbon/cocoashot_bourbon_0098.jpg,validation,occupied,cocoashot_bourbon,Bourbon,IMG_1984_c010,IMG_1984.jpg,expanded_u2net,IMG_2023_r03_c01.jpg,IMG_2023.jpg,16,171,26,25,20260917
cocoashot_bourbon_0099,data/synthetic_slots/v1/dataset/images/validation/cocoashot_bourbon/cocoashot_bourbon_0099.jpg,validation,occupied,cocoashot_bourbon,Bourbon,IMG_1984_c010,IMG_1984.jpg,expanded_u2net,IMG_2030_r04_c01.jpg,IMG_2030.jpg,30,150,50,28,20260917
cocoashot_bourbon_0100,data/synthetic_slots/v1/dataset/images/validation/cocoashot_bourbon/cocoashot_bourbon_0100.jpg,validation,occupied,cocoashot_bourbon,Bourbon,IMG_1984_c010,IMG_1984.jpg,expanded_u2net,IMG_2034_r10_c02.jpg,IMG_2034.jpg,50,154,38,42,20260917
cocoashot_chocolate_cake_0001,data/synthetic_slots/v1/dataset/images/train/cocoashot_chocolate_cake/cocoashot_chocolate_cake_0001.jpg,train,occupied,cocoashot_chocolate_cake,Chocolate Cake,IMG_1982_c007,IMG_1982.jpg,expanded_u2net,IMG_2021_r03_c01.jpg,IMG_2021.jpg,6,184,27,14,20260917
cocoashot_chocolate_cake_0002,data/synthetic_slots/v1/dataset/images/train/cocoashot_chocolate_cake/cocoashot_chocolate_cake_0002.jpg,train,occupied,cocoashot_chocolate_cake,Chocolate Cake,IMG_1982_c007,IMG_1982.jpg,expanded_u2net,IMG_2026_r01_c02.jpg,IMG_2026.jpg,16,184,29,21,20260917
cocoashot_chocolate_cake_0003,data/synthetic_slots/v1/dataset/images/train/cocoashot_chocolate_cake/cocoashot_chocolate_cake_0003.jpg,train,occupied,cocoashot_chocolate_cake,Chocolate Cake,IMG_1982_c007,IMG_1982.jpg,expanded_u2net,IMG_2029_r02_c01.jpg,IMG_2029.jpg,30,157,33,33,20260917
cocoashot_chocolate_cake_0004,data/synthetic_slots/v1/dataset/images/train/cocoashot_chocolate_cake/cocoashot_chocolate_cake_0004.jpg,train,occupied,cocoashot_chocolate_cake,Chocolate Cake,IMG_1982_c007,IMG_1982.jpg,expanded_u2net,IMG_2031_r06_c03.jpg,IMG_2031.jpg,50,151,32,32,20260917
cocoashot_chocolate_cake_0005,data/synthetic_slots/v1/dataset/images/train/cocoashot_chocolate_cake/cocoashot_chocolate_cake_0005.jpg,train,occupied,cocoashot_chocolate_cake,Chocolate Cake,IMG_1982_c007,IMG_1982.jpg,expanded_u2net,IMG_2021_r02_c01.jpg,IMG_2021.jpg,6,174,23,30,20260917
cocoashot_chocolate_cake_0006,data/synthetic_slots/v1/dataset/images/train/cocoashot_chocolate_cake/cocoashot_chocolate_cake_0006.jpg,train,occupied,cocoashot_chocolate_cake,Chocolate Cake,IMG_1982_c007,IMG_1982.jpg,expanded_u2net,IMG_2025_r04_c01.jpg,IMG_2025.jpg,16,168,26,31,20260917
cocoashot_chocolate_cake_0007,data/synthetic_slots/v1/dataset/images/train/cocoashot_chocolate_cake/cocoashot_chocolate_cake_0007.jpg,train,occupied,cocoashot_chocolate_cake,Chocolate Cake,IMG_1982_c007,IMG_1982.jpg,expanded_u2net,IMG_2028_r02_c01.jpg,IMG_2028.jpg,30,168,30,36,20260917
cocoashot_chocolate_cake_0008,data/synthetic_slots/v1/dataset/images/train/cocoashot_chocolate_cake/cocoashot_chocolate_cake_0008.jpg,train,occupied,cocoashot_chocolate_cake,Chocolate Cake,IMG_1982_c007,IMG_1982.jpg,expanded_u2net,IMG_2033_r08_c01.jpg,IMG_2033.jpg,50,178,14,18,20260917
cocoashot_chocolate_cake_0009,data/synthetic_slots/v1/dataset/images/train/cocoashot_chocolate_cake/cocoashot_chocolate_cake_0009.jpg,train,occupied,cocoashot_chocolate_cake,Chocolate Cake,IMG_1982_c007,IMG_1982.jpg,expanded_u2net,IMG_2019_r01_c01.jpg,IMG_2019.jpg,6,184,19,27,20260917
cocoashot_chocolate_cake_0010,data/synthetic_slots/v1/dataset/images/train/cocoashot_chocolate_cake/cocoashot_chocolate_cake_0010.jpg,train,occupied,cocoashot_chocolate_cake,Chocolate Cake,IMG_1982_c007,IMG_1982.jpg,expanded_u2net,IMG_2026_r03_c04.jpg,IMG_2026.jpg,16,158,26,32,20260917
cocoashot_chocolate_cake_0011,data/synthetic_slots/v1/dataset/images/train/cocoashot_chocolate_cake/cocoashot_chocolate_cake_0011.jpg,train,occupied,cocoashot_chocolate_cake,Chocolate Cake,IMG_1982_c007,IMG_1982.jpg,expanded_u2net,IMG_2028_r01_c01.jpg,IMG_2028.jpg,30,152,39,29,20260917
cocoashot_chocolate_cake_0012,data/synthetic_slots/v1/dataset/images/train/cocoashot_chocolate_cake/cocoashot_chocolate_cake_0012.jpg,train,occupied,cocoashot_chocolate_cake,Chocolate Cake,IMG_1982_c007,IMG_1982.jpg,expanded_u2net,IMG_2033_r09_c04.jpg,IMG_2033.jpg,50,177,26,17,20260917
cocoashot_chocolate_cake_0013,data/synthetic_slots/v1/dataset/images/train/cocoashot_chocolate_cake/cocoashot_chocolate_cake_0013.jpg,train,occupied,cocoashot_chocolate_cake,Chocolate Cake,IMG_1982_c007,IMG_1982.jpg,expanded_u2net,IMG_2019_r03_c02.jpg,IMG_2019.jpg,6,157,31,35,20260917
cocoashot_chocolate_cake_0014,data/synthetic_slots/v1/dataset/images/train/cocoashot_chocolate_cake/cocoashot_chocolate_cake_0014.jpg,train,occupied,cocoashot_chocolate_cake,Chocolate Cake,IMG_1982_c007,IMG_1982.jpg,expanded_u2net,IMG_2025_r04_c02.jpg,IMG_2025.jpg,16,152,34,28,20260917
cocoashot_chocolate_cake_0015,data/synthetic_slots/v1/dataset/images/train/cocoashot_chocolate_cake/cocoashot_chocolate_cake_0015.jpg,train,occupied,cocoashot_chocolate_cake,Chocolate Cake,IMG_1982_c007,IMG_1982.jpg,expanded_u2net,IMG_2029_r01_c03.jpg,IMG_2029.jpg,30,171,29,31,20260917
cocoashot_chocolate_cake_0016,data/synthetic_slots/v1/dataset/images/train/cocoashot_chocolate_cake/cocoashot_chocolate_cake_0016.jpg,train,occupied,cocoashot_chocolate_cake,Chocolate Cake,IMG_1982_c007,IMG_1982.jpg,expanded_u2net,IMG_2033_r05_c03.jpg,IMG_2033.jpg,50,168,32,30,20260917
cocoashot_chocolate_cake_0017,data/synthetic_slots/v1/dataset/images/train/cocoashot_chocolate_cake/cocoashot_chocolate_cake_0017.jpg,train,occupied,cocoashot_chocolate_cake,Chocolate Cake,IMG_1982_c007,IMG_1982.jpg,expanded_u2net,IMG_2021_r02_c02.jpg,IMG_2021.jpg,6,146,37,36,20260917
cocoashot_chocolate_cake_0018,data/synthetic_slots/v1/dataset/images/train/cocoashot_chocolate_cake/cocoashot_chocolate_cake_0018.jpg,train,occupied,cocoashot_chocolate_cake,Chocolate Cake,IMG_1982_c007,IMG_1982.jpg,expanded_u2net,IMG_2025_r03_c04.jpg,IMG_2025.jpg,16,167,33,34,20260917
cocoashot_chocolate_cake_0019,data/synthetic_slots/v1/dataset/images/train/cocoashot_chocolate_cake/cocoashot_chocolate_cake_0019.jpg,train,occupied,cocoashot_chocolate_cake,Chocolate Cake,IMG_1982_c007,IMG_1982.jpg,expanded_u2net,IMG_2029_r05_c02.jpg,IMG_2029.jpg,30,164,35,39,20260917
cocoashot_chocolate_cake_0020,data/synthetic_slots/v1/dataset/images/train/cocoashot_chocolate_cake/cocoashot_chocolate_cake_0020.jpg,train,occupied,cocoashot_chocolate_cake,Chocolate Cake,IMG_1982_c007,IMG_1982.jpg,expanded_u2net,IMG_2031_r05_c05.jpg,IMG_2031.jpg,50,171,34,36,20260917
cocoashot_chocolate_cake_0021,data/synthetic_slots/v1/dataset/images/train/cocoashot_chocolate_cake/cocoashot_chocolate_cake_0021.jpg,train,occupied,cocoashot_chocolate_cake,Chocolate Cake,IMG_1982_c007,IMG_1982.jpg,expanded_u2net,IMG_2021_r03_c02.jpg,IMG_2021.jpg,6,178,29,22,20260917
cocoashot_chocolate_cake_0022,data/synthetic_slots/v1/dataset/images/train/cocoashot_chocolate_cake/cocoashot_chocolate_cake_0022.jpg,train,occupied,cocoashot_chocolate_cake,Chocolate Cake,IMG_1982_c007,IMG_1982.jpg,expanded_u2net,IMG_2025_r01_c03.jpg,IMG_2025.jpg,16,175,17,28,20260917
cocoashot_chocolate_cake_0023,data/synthetic_slots/v1/dataset/images/train/cocoashot_chocolate_cake/cocoashot_chocolate_cake_0023.jpg,train,occupied,cocoashot_chocolate_cake,Chocolate Cake,IMG_1982_c007,IMG_1982.jpg,expanded_u2net,IMG_2027_r05_c04.jpg,IMG_2027.jpg,30,175,20,26,20260917
cocoashot_chocolate_cake_0024,data/synthetic_slots/v1/dataset/images/train/cocoashot_chocolate_cake/cocoashot_chocolate_cake_0024.jpg,train,occupied,cocoashot_chocolate_cake,Chocolate Cake,IMG_1982_c007,IMG_1982.jpg,expanded_u2net,IMG_2033_r03_c03.jpg,IMG_2033.jpg,50,159,35,42,20260917
cocoashot_chocolate_cake_0025,data/synthetic_slots/v1/dataset/images/train/cocoashot_chocolate_cake/cocoashot_chocolate_cake_0025.jpg,train,occupied,cocoashot_chocolate_cake,Chocolate Cake,IMG_1982_c007,IMG_1982.jpg,expanded_u2net,IMG_2021_r01_c02.jpg,IMG_2021.jpg,6,153,31,33,20260917
cocoashot_chocolate_cake_0026,data/synthetic_slots/v1/dataset/images/train/cocoashot_chocolate_cake/cocoashot_chocolate_cake_0026.jpg,train,occupied,cocoashot_chocolate_cake,Chocolate Cake,IMG_1982_c007,IMG_1982.jpg,expanded_u2net,IMG_2026_r01_c01.jpg,IMG_2026.jpg,16,158,41,31,20260917
cocoashot_chocolate_cake_0027,data/synthetic_slots/v1/dataset/images/train/cocoashot_chocolate_cake/cocoashot_chocolate_cake_0027.jpg,train,occupied,cocoashot_chocolate_cake,Chocolate Cake,IMG_1982_c007,IMG_1982.jpg,expanded_u2net,IMG_2027_r04_c02.jpg,IMG_2027.jpg,30,171,33,26,20260917
cocoashot_chocolate_cake_0028,data/synthetic_slots/v1/dataset/images/train/cocoashot_chocolate_cake/cocoashot_chocolate_cake_0028.jpg,train,occupied,cocoashot_chocolate_cake,Chocolate Cake,IMG_1982_c007,IMG_1982.jpg,expanded_u2net,IMG_2033_r02_c01.jpg,IMG_2033.jpg,50,184,14,14,20260917
cocoashot_chocolate_cake_0029,data/synthetic_slots/v1/dataset/images/train/cocoashot_chocolate_cake/cocoashot_chocolate_cake_0029.jpg,train,occupied,cocoashot_chocolate_cake,Chocolate Cake,IMG_1982_c007,IMG_1982.jpg,expanded_u2net,IMG_2021_r02_c02.jpg,IMG_2021.jpg,6,169,32,31,20260917
cocoashot_chocolate_cake_0030,data/synthetic_slots/v1/dataset/images/train/cocoashot_chocolate_cake/cocoashot_chocolate_cake_0030.jpg,train,occupied,cocoashot_chocolate_cake,Chocolate Cake,IMG_1982_c007,IMG_1982.jpg,expanded_u2net,IMG_2026_r04_c03.jpg,IMG_2026.jpg,16,147,36,30,20260917
cocoashot_chocolate_cake_0031,data/synthetic_slots/v1/dataset/images/train/cocoashot_chocolate_cake/cocoashot_chocolate_cake_0031.jpg,train,occupied,cocoashot_chocolate_cake,Chocolate Cake,IMG_1982_c007,IMG_1982.jpg,expanded_u2net,IMG_2027_r04_c04.jpg,IMG_2027.jpg,30,150,34,32,20260917
cocoashot_chocolate_cake_0032,data/synthetic_slots/v1/dataset/images/train/cocoashot_chocolate_cake/cocoashot_chocolate_cake_0032.jpg,train,occupied,cocoashot_chocolate_cake,Chocolate Cake,IMG_1982_c007,IMG_1982.jpg,expanded_u2net,IMG_2033_r04_c02.jpg,IMG_2033.jpg,50,153,28,36,20260917
cocoashot_chocolate_cake_0033,data/synthetic_slots/v1/dataset/images/train/cocoashot_chocolate_cake/cocoashot_chocolate_cake_0033.jpg,train,occupied,cocoashot_chocolate_cake,Chocolate Cake,IMG_1982_c007,IMG_1982.jpg,expanded_u2net,IMG_2019_r03_c01.jpg,IMG_2019.jpg,6,179,31,28,20260917
cocoashot_chocolate_cake_0034,data/synthetic_slots/v1/dataset/images/train/cocoashot_chocolate_cake/cocoashot_chocolate_cake_0034.jpg,train,occupied,cocoashot_chocolate_cake,Chocolate Cake,IMG_1982_c007,IMG_1982.jpg,expanded_u2net,IMG_2022_r01_c01.jpg,IMG_2022.jpg,16,178,16,29,20260917
cocoashot_chocolate_cake_0035,data/synthetic_slots/v1/dataset/images/train/cocoashot_chocolate_cake/cocoashot_chocolate_cake_0035.jpg,train,occupied,cocoashot_chocolate_cake,Chocolate Cake,IMG_1982_c007,IMG_1982.jpg,expanded_u2net,IMG_2029_r02_c02.jpg,IMG_2029.jpg,30,152,31,30,20260917
cocoashot_chocolate_cake_0036,data/synthetic_slots/v1/dataset/images/train/cocoashot_chocolate_cake/cocoashot_chocolate_cake_0036.jpg,train,occupied,cocoashot_chocolate_cake,Chocolate Cake,IMG_1982_c007,IMG_1982.jpg,expanded_u2net,IMG_2033_r08_c05.jpg,IMG_2033.jpg,50,170,36,19,20260917
cocoashot_chocolate_cake_0037,data/synthetic_slots/v1/dataset/images/train/cocoashot_chocolate_cake/cocoashot_chocolate_cake_0037.jpg,train,occupied,cocoashot_chocolate_cake,Chocolate Cake,IMG_1982_c007,IMG_1982.jpg,expanded_u2net,IMG_2019_r02_c01.jpg,IMG_2019.jpg,6,183,22,25,20260917
cocoashot_chocolate_cake_0038,data/synthetic_slots/v1/dataset/images/train/cocoashot_chocolate_cake/cocoashot_chocolate_cake_0038.jpg,train,occupied,cocoashot_chocolate_cake,Chocolate Cake,IMG_1982_c007,IMG_1982.jpg,expanded_u2net,IMG_2024_r04_c02.jpg,IMG_2024.jpg,16,182,13,22,20260917
cocoashot_chocolate_cake_0039,data/synthetic_slots/v1/dataset/images/train/cocoashot_chocolate_cake/cocoashot_chocolate_cake_0039.jpg,train,occupied,cocoashot_chocolate_cake,Chocolate Cake,IMG_1982_c007,IMG_1982.jpg,expanded_u2net,IMG_2029_r03_c05.jpg,IMG_2029.jpg,30,145,36,42,20260917
cocoashot_chocolate_cake_0040,data/synthetic_slots/v1/dataset/images/train/cocoashot_chocolate_cake/cocoashot_chocolate_cake_0040.jpg,train,occupied,cocoashot_chocolate_cake,Chocolate Cake,IMG_1982_c007,IMG_1982.jpg,expanded_u2net,IMG_2032_r02_c02.jpg,IMG_2032.jpg,50,149,45,33,20260917
cocoashot_chocolate_cake_0041,data/synthetic_slots/v1/dataset/images/train/cocoashot_chocolate_cake/cocoashot_chocolate_cake_0041.jpg,train,occupied,cocoashot_chocolate_cake,Chocolate Cake,IMG_1982_c007,IMG_1982.jpg,expanded_u2net,IMG_2021_r01_c01.jpg,IMG_2021.jpg,6,155,31,37,20260917
cocoashot_chocolate_cake_0042,data/synthetic_slots/v1/dataset/images/train/cocoashot_chocolate_cake/cocoashot_chocolate_cake_0042.jpg,train,occupied,cocoashot_chocolate_cake,Chocolate Cake,IMG_1982_c007,IMG_1982.jpg,expanded_u2net,IMG_2025_r01_c02.jpg,IMG_2025.jpg,16,166,36,32,20260917
cocoashot_chocolate_cake_0043,data/synthetic_slots/v1/dataset/images/train/cocoashot_chocolate_cake/cocoashot_chocolate_cake_0043.jpg,train,occupied,cocoashot_chocolate_cake,Chocolate Cake,IMG_1982_c007,IMG_1982.jpg,expanded_u2net,IMG_2028_r06_c03.jpg,IMG_2028.jpg,30,165,34,37,20260917
cocoashot_chocolate_cake_0044,data/synthetic_slots/v1/dataset/images/train/cocoashot_chocolate_cake/cocoashot_chocolate_cake_0044.jpg,train,occupied,cocoashot_chocolate_cake,Chocolate Cake,IMG_1982_c007,IMG_1982.jpg,expanded_u2net,IMG_2033_r10_c05.jpg,IMG_2033.jpg,50,169,31,32,20260917
cocoashot_chocolate_cake_0045,data/synthetic_slots/v1/dataset/images/train/cocoashot_chocolate_cake/cocoashot_chocolate_cake_0045.jpg,train,occupied,cocoashot_chocolate_cake,Chocolate Cake,IMG_1982_c007,IMG_1982.jpg,expanded_u2net,IMG_2019_r01_c02.jpg,IMG_2019.jpg,6,161,36,29,20260917
cocoashot_chocolate_cake_0046,data/synthetic_slots/v1/dataset/images/train/cocoashot_chocolate_cake/cocoashot_chocolate_cake_0046.jpg,train,occupied,cocoashot_chocolate_cake,Chocolate Cake,IMG_1982_c007,IMG_1982.jpg,expanded_u2net,IMG_2025_r04_c01.jpg,IMG_2025.jpg,16,166,38,24,20260917
cocoashot_chocolate_cake_0047,data/synthetic_slots/v1/dataset/images/train/cocoashot_chocolate_cake/cocoashot_chocolate_cake_0047.jpg,train,occupied,cocoashot_chocolate_cake,Chocolate Cake,IMG_1982_c007,IMG_1982.jpg,expanded_u2net,IMG_2029_r04_c03.jpg,IMG_2029.jpg,30,180,14,27,20260917
cocoashot_chocolate_cake_0048,data/synthetic_slots/v1/dataset/images/train/cocoashot_chocolate_cake/cocoashot_chocolate_cake_0048.jpg,train,occupied,cocoashot_chocolate_cake,Chocolate Cake,IMG_1982_c007,IMG_1982.jpg,expanded_u2net,IMG_2031_r09_c05.jpg,IMG_2031.jpg,50,172,24,29,20260917
cocoashot_chocolate_cake_0049,data/synthetic_slots/v1/dataset/images/train/cocoashot_chocolate_cake/cocoashot_chocolate_cake_0049.jpg,train,occupied,cocoashot_chocolate_cake,Chocolate Cake,IMG_1982_c007,IMG_1982.jpg,expanded_u2net,IMG_2021_r03_c01.jpg,IMG_2021.jpg,6,166,23,33,20260917
cocoashot_chocolate_cake_0050,data/synthetic_slots/v1/dataset/images/train/cocoashot_chocolate_cake/cocoashot_chocolate_cake_0050.jpg,train,occupied,cocoashot_chocolate_cake,Chocolate Cake,IMG_1982_c007,IMG_1982.jpg,expanded_u2net,IMG_2025_r02_c01.jpg,IMG_2025.jpg,16,152,40,30,20260917
cocoashot_chocolate_cake_0051,data/synthetic_slots/v1/dataset/images/train/cocoashot_chocolate_cake/cocoashot_chocolate_cake_0051.jpg,train,occupied,cocoashot_chocolate_cake,Chocolate Cake,IMG_1982_c007,IMG_1982.jpg,expanded_u2net,IMG_2028_r03_c01.jpg,IMG_2028.jpg,30,165,35,28,20260917
cocoashot_chocolate_cake_0052,data/synthetic_slots/v1/dataset/images/train/cocoashot_chocolate_cake/cocoashot_chocolate_cake_0052.jpg,train,occupied,cocoashot_chocolate_cake,Chocolate Cake,IMG_1982_c007,IMG_1982.jpg,expanded_u2net,IMG_2033_r08_c05.jpg,IMG_2033.jpg,50,150,45,40,20260917
cocoashot_chocolate_cake_0053,data/synthetic_slots/v1/dataset/images/train/cocoashot_chocolate_cake/cocoashot_chocolate_cake_0053.jpg,train,occupied,cocoashot_chocolate_cake,Chocolate Cake,IMG_1982_c007,IMG_1982.jpg,expanded_u2net,IMG_2019_r01_c01.jpg,IMG_2019.jpg,6,158,41,34,20260917
cocoashot_chocolate_cake_0054,data/synthetic_slots/v1/dataset/images/train/cocoashot_chocolate_cake/cocoashot_chocolate_cake_0054.jpg,train,occupied,cocoashot_chocolate_cake,Chocolate Cake,IMG_1982_c007,IMG_1982.jpg,expanded_u2net,IMG_2025_r02_c02.jpg,IMG_2025.jpg,16,148,43,47,20260917
cocoashot_chocolate_cake_0055,data/synthetic_slots/v1/dataset/images/train/cocoashot_chocolate_cake/cocoashot_chocolate_cake_0055.jpg,train,occupied,cocoashot_chocolate_cake,Chocolate Cake,IMG_1982_c007,IMG_1982.jpg,expanded_u2net,IMG_2028_r05_c03.jpg,IMG_2028.jpg,30,182,30,30,20260917
cocoashot_chocolate_cake_0056,data/synthetic_slots/v1/dataset/images/train/cocoashot_chocolate_cake/cocoashot_chocolate_cake_0056.jpg,train,occupied,cocoashot_chocolate_cake,Chocolate Cake,IMG_1982_c007,IMG_1982.jpg,expanded_u2net,IMG_2033_r01_c03.jpg,IMG_2033.jpg,50,155,34,29,20260917
cocoashot_chocolate_cake_0057,data/synthetic_slots/v1/dataset/images/train/cocoashot_chocolate_cake/cocoashot_chocolate_cake_0057.jpg,train,occupied,cocoashot_chocolate_cake,Chocolate Cake,IMG_1982_c007,IMG_1982.jpg,expanded_u2net,IMG_2021_r01_c01.jpg,IMG_2021.jpg,6,171,22,31,20260917
cocoashot_chocolate_cake_0058,data/synthetic_slots/v1/dataset/images/train/cocoashot_chocolate_cake/cocoashot_chocolate_cake_0058.jpg,train,occupied,cocoashot_chocolate_cake,Chocolate Cake,IMG_1982_c007,IMG_1982.jpg,expanded_u2net,IMG_2025_r02_c02.jpg,IMG_2025.jpg,16,172,23,30,20260917
cocoashot_chocolate_cake_0059,data/synthetic_slots/v1/dataset/images/train/cocoashot_chocolate_cake/cocoashot_chocolate_cake_0059.jpg,train,occupied,cocoashot_chocolate_cake,Chocolate Cake,IMG_1982_c007,IMG_1982.jpg,expanded_u2net,IMG_2027_r03_c02.jpg,IMG_2027.jpg,30,149,46,30,20260917
cocoashot_chocolate_cake_0060,data/synthetic_slots/v1/dataset/images/train/cocoashot_chocolate_cake/cocoashot_chocolate_cake_0060.jpg,train,occupied,cocoashot_chocolate_cake,Chocolate Cake,IMG_1982_c007,IMG_1982.jpg,expanded_u2net,IMG_2033_r04_c04.jpg,IMG_2033.jpg,50,147,45,41,20260917
cocoashot_chocolate_cake_0061,data/synthetic_slots/v1/dataset/images/train/cocoashot_chocolate_cake/cocoashot_chocolate_cake_0061.jpg,train,occupied,cocoashot_chocolate_cake,Chocolate Cake,IMG_1982_c007,IMG_1982.jpg,expanded_u2net,IMG_2019_r02_c01.jpg,IMG_2019.jpg,6,166,25,37,20260917
cocoashot_chocolate_cake_0062,data/synthetic_slots/v1/dataset/images/train/cocoashot_chocolate_cake/cocoashot_chocolate_cake_0062.jpg,train,occupied,cocoashot_chocolate_cake,Chocolate Cake,IMG_1982_c007,IMG_1982.jpg,expanded_u2net,IMG_2026_r04_c03.jpg,IMG_2026.jpg,16,148,34,46,20260917
cocoashot_chocolate_cake_0063,data/synthetic_slots/v1/dataset/images/train/cocoashot_chocolate_cake/cocoashot_chocolate_cake_0063.jpg,train,occupied,cocoashot_chocolate_cake,Chocolate Cake,IMG_1982_c007,IMG_1982.jpg,expanded_u2net,IMG_2028_r04_c01.jpg,IMG_2028.jpg,30,160,28,26,20260917
cocoashot_chocolate_cake_0064,data/synthetic_slots/v1/dataset/images/train/cocoashot_chocolate_cake/cocoashot_chocolate_cake_0064.jpg,train,occupied,cocoashot_chocolate_cake,Chocolate Cake,IMG_1982_c007,IMG_1982.jpg,expanded_u2net,IMG_2033_r07_c03.jpg,IMG_2033.jpg,50,149,37,29,20260917
cocoashot_chocolate_cake_0065,data/synthetic_slots/v1/dataset/images/train/cocoashot_chocolate_cake/cocoashot_chocolate_cake_0065.jpg,train,occupied,cocoashot_chocolate_cake,Chocolate Cake,IMG_1982_c007,IMG_1982.jpg,expanded_u2net,IMG_2019_r03_c02.jpg,IMG_2019.jpg,6,150,40,31,20260917
cocoashot_chocolate_cake_0066,data/synthetic_slots/v1/dataset/images/train/cocoashot_chocolate_cake/cocoashot_chocolate_cake_0066.jpg,train,occupied,cocoashot_chocolate_cake,Chocolate Cake,IMG_1982_c007,IMG_1982.jpg,expanded_u2net,IMG_2025_r04_c02.jpg,IMG_2025.jpg,16,166,29,28,20260917
cocoashot_chocolate_cake_0067,data/synthetic_slots/v1/dataset/images/train/cocoashot_chocolate_cake/cocoashot_chocolate_cake_0067.jpg,train,occupied,cocoashot_chocolate_cake,Chocolate Cake,IMG_1982_c007,IMG_1982.jpg,expanded_u2net,IMG_2029_r04_c02.jpg,IMG_2029.jpg,30,147,43,41,20260917
cocoashot_chocolate_cake_0068,data/synthetic_slots/v1/dataset/images/train/cocoashot_chocolate_cake/cocoashot_chocolate_cake_0068.jpg,train,occupied,cocoashot_chocolate_cake,Chocolate Cake,IMG_1982_c007,IMG_1982.jpg,expanded_u2net,IMG_2032_r04_c01.jpg,IMG_2032.jpg,50,170,30,30,20260917
cocoashot_chocolate_cake_0069,data/synthetic_slots/v1/dataset/images/train/cocoashot_chocolate_cake/cocoashot_chocolate_cake_0069.jpg,train,occupied,cocoashot_chocolate_cake,Chocolate Cake,IMG_1982_c007,IMG_1982.jpg,expanded_u2net,IMG_2019_r03_c02.jpg,IMG_2019.jpg,6,183,17,16,20260917
cocoashot_chocolate_cake_0070,data/synthetic_slots/v1/dataset/images/train/cocoashot_chocolate_cake/cocoashot_chocolate_cake_0070.jpg,train,occupied,cocoashot_chocolate_cake,Chocolate Cake,IMG_1982_c007,IMG_1982.jpg,expanded_u2net,IMG_2025_r03_c03.jpg,IMG_2025.jpg,16,152,35,31,20260917
cocoashot_chocolate_cake_0071,data/synthetic_slots/v1/dataset/images/train/cocoashot_chocolate_cake/cocoashot_chocolate_cake_0071.jpg,train,occupied,cocoashot_chocolate_cake,Chocolate Cake,IMG_1982_c007,IMG_1982.jpg,expanded_u2net,IMG_2028_r01_c05.jpg,IMG_2028.jpg,30,183,12,28,20260917
cocoashot_chocolate_cake_0072,data/synthetic_slots/v1/dataset/images/train/cocoashot_chocolate_cake/cocoashot_chocolate_cake_0072.jpg,train,occupied,cocoashot_chocolate_cake,Chocolate Cake,IMG_1982_c007,IMG_1982.jpg,expanded_u2net,IMG_2032_r06_c02.jpg,IMG_2032.jpg,50,153,32,29,20260917
cocoashot_chocolate_cake_0073,data/synthetic_slots/v1/dataset/images/train/cocoashot_chocolate_cake/cocoashot_chocolate_cake_0073.jpg,train,occupied,cocoashot_chocolate_cake,Chocolate Cake,IMG_1982_c007,IMG_1982.jpg,expanded_u2net,IMG_2019_r01_c02.jpg,IMG_2019.jpg,6,156,40,35,20260917
cocoashot_chocolate_cake_0074,data/synthetic_slots/v1/dataset/images/train/cocoashot_chocolate_cake/cocoashot_chocolate_cake_0074.jpg,train,occupied,cocoashot_chocolate_cake,Chocolate Cake,IMG_1982_c007,IMG_1982.jpg,expanded_u2net,IMG_2025_r02_c03.jpg,IMG_2025.jpg,16,166,38,23,20260917
cocoashot_chocolate_cake_0075,data/synthetic_slots/v1/dataset/images/train/cocoashot_chocolate_cake/cocoashot_chocolate_cake_0075.jpg,train,occupied,cocoashot_chocolate_cake,Chocolate Cake,IMG_1982_c007,IMG_1982.jpg,expanded_u2net,IMG_2027_r06_c04.jpg,IMG_2027.jpg,30,149,45,29,20260917
cocoashot_chocolate_cake_0076,data/synthetic_slots/v1/dataset/images/train/cocoashot_chocolate_cake/cocoashot_chocolate_cake_0076.jpg,train,occupied,cocoashot_chocolate_cake,Chocolate Cake,IMG_1982_c007,IMG_1982.jpg,expanded_u2net,IMG_2031_r07_c04.jpg,IMG_2031.jpg,50,180,14,16,20260917
cocoashot_chocolate_cake_0077,data/synthetic_slots/v1/dataset/images/train/cocoashot_chocolate_cake/cocoashot_chocolate_cake_0077.jpg,train,occupied,cocoashot_chocolate_cake,Chocolate Cake,IMG_1982_c007,IMG_1982.jpg,expanded_u2net,IMG_2019_r02_c01.jpg,IMG_2019.jpg,6,184,11,28,20260917
cocoashot_chocolate_cake_0078,data/synthetic_slots/v1/dataset/images/train/cocoashot_chocolate_cake/cocoashot_chocolate_cake_0078.jpg,train,occupied,cocoashot_chocolate_cake,Chocolate Cake,IMG_1982_c007,IMG_1982.jpg,expanded_u2net,IMG_2022_r04_c03.jpg,IMG_2022.jpg,16,151,44,33,20260917
cocoashot_chocolate_cake_0079,data/synthetic_slots/v1/dataset/images/train/cocoashot_chocolate_cake/cocoashot_chocolate_cake_0079.jpg,train,occupied,cocoashot_chocolate_cake,Chocolate Cake,IMG_1982_c007,IMG_1982.jpg,expanded_u2net,IMG_2029_r03_c02.jpg,IMG_2029.jpg,30,155,29,38,20260917
cocoashot_chocolate_cake_0080,data/synthetic_slots/v1/dataset/images/train/cocoashot_chocolate_cake/cocoashot_chocolate_cake_0080.jpg,train,occupied,cocoashot_chocolate_cake,Chocolate Cake,IMG_1982_c007,IMG_1982.jpg,expanded_u2net,IMG_2031_r02_c02.jpg,IMG_2031.jpg,50,172,25,30,20260917
cocoashot_chocolate_cake_0081,data/synthetic_slots/v1/dataset/images/validation/cocoashot_chocolate_cake/cocoashot_chocolate_cake_0081.jpg,validation,occupied,cocoashot_chocolate_cake,Chocolate Cake,IMG_1982_c007,IMG_1982.jpg,expanded_u2net,IMG_2020_r03_c01.jpg,IMG_2020.jpg,6,162,34,30,20260917
cocoashot_chocolate_cake_0082,data/synthetic_slots/v1/dataset/images/validation/cocoashot_chocolate_cake/cocoashot_chocolate_cake_0082.jpg,validation,occupied,cocoashot_chocolate_cake,Chocolate Cake,IMG_1982_c007,IMG_1982.jpg,expanded_u2net,IMG_2023_r01_c01.jpg,IMG_2023.jpg,16,156,35,25,20260917
cocoashot_chocolate_cake_0083,data/synthetic_slots/v1/dataset/images/validation/cocoashot_chocolate_cake/cocoashot_chocolate_cake_0083.jpg,validation,occupied,cocoashot_chocolate_cake,Chocolate Cake,IMG_1982_c007,IMG_1982.jpg,expanded_u2net,IMG_2030_r03_c01.jpg,IMG_2030.jpg,30,178,17,16,20260917
cocoashot_chocolate_cake_0084,data/synthetic_slots/v1/dataset/images/validation/cocoashot_chocolate_cake/cocoashot_chocolate_cake_0084.jpg,validation,occupied,cocoashot_chocolate_cake,Chocolate Cake,IMG_1982_c007,IMG_1982.jpg,expanded_u2net,IMG_2034_r04_c05.jpg,IMG_2034.jpg,50,164,28,29,20260917
cocoashot_chocolate_cake_0085,data/synthetic_slots/v1/dataset/images/validation/cocoashot_chocolate_cake/cocoashot_chocolate_cake_0085.jpg,validation,occupied,cocoashot_chocolate_cake,Chocolate Cake,IMG_1982_c007,IMG_1982.jpg,expanded_u2net,IMG_2020_r01_c01.jpg,IMG_2020.jpg,6,151,43,36,20260917
cocoashot_chocolate_cake_0086,data/synthetic_slots/v1/dataset/images/validation/cocoashot_chocolate_cake/cocoashot_chocolate_cake_0086.jpg,validation,occupied,cocoashot_chocolate_cake,Chocolate Cake,IMG_1982_c007,IMG_1982.jpg,expanded_u2net,IMG_2023_r01_c03.jpg,IMG_2023.jpg,16,157,24,27,20260917
cocoashot_chocolate_cake_0087,data/synthetic_slots/v1/dataset/images/validation/cocoashot_chocolate_cake/cocoashot_chocolate_cake_0087.jpg,validation,occupied,cocoashot_chocolate_cake,Chocolate Cake,IMG_1982_c007,IMG_1982.jpg,expanded_u2net,IMG_2030_r02_c02.jpg,IMG_2030.jpg,30,147,45,32,20260917
cocoashot_chocolate_cake_0088,data/synthetic_slots/v1/dataset/images/validation/cocoashot_chocolate_cake/cocoashot_chocolate_cake_0088.jpg,validation,occupied,cocoashot_chocolate_cake,Chocolate Cake,IMG_1982_c007,IMG_1982.jpg,expanded_u2net,IMG_2034_r01_c01.jpg,IMG_2034.jpg,50,158,34,29,20260917
cocoashot_chocolate_cake_0089,data/synthetic_slots/v1/dataset/images/validation/cocoashot_chocolate_cake/cocoashot_chocolate_cake_0089.jpg,validation,occupied,cocoashot_chocolate_cake,Chocolate Cake,IMG_1982_c007,IMG_1982.jpg,expanded_u2net,IMG_2020_r01_c02.jpg,IMG_2020.jpg,6,167,20,23,20260917
cocoashot_chocolate_cake_0090,data/synthetic_slots/v1/dataset/images/validation/cocoashot_chocolate_cake/cocoashot_chocolate_cake_0090.jpg,validation,occupied,cocoashot_chocolate_cake,Chocolate Cake,IMG_1982_c007,IMG_1982.jpg,expanded_u2net,IMG_2023_r01_c01.jpg,IMG_2023.jpg,16,159,39,24,20260917
cocoashot_chocolate_cake_0091,data/synthetic_slots/v1/dataset/images/validation/cocoashot_chocolate_cake/cocoashot_chocolate_cake_0091.jpg,validation,occupied,cocoashot_chocolate_cake,Chocolate Cake,IMG_1982_c007,IMG_1982.jpg,expanded_u2net,IMG_2030_r04_c01.jpg,IMG_2030.jpg,30,185,11,13,20260917
cocoashot_chocolate_cake_0092,data/synthetic_slots/v1/dataset/images/validation/cocoashot_chocolate_cake/cocoashot_chocolate_cake_0092.jpg,validation,occupied,cocoashot_chocolate_cake,Chocolate Cake,IMG_1982_c007,IMG_1982.jpg,expanded_u2net,IMG_2034_r01_c03.jpg,IMG_2034.jpg,50,179,22,29,20260917
cocoashot_chocolate_cake_0093,data/synthetic_slots/v1/dataset/images/validation/cocoashot_chocolate_cake/cocoashot_chocolate_cake_0093.jpg,validation,occupied,cocoashot_chocolate_cake,Chocolate Cake,IMG_1982_c007,IMG_1982.jpg,expanded_u2net,IMG_2020_r02_c01.jpg,IMG_2020.jpg,6,147,37,45,20260917
cocoashot_chocolate_cake_0094,data/synthetic_slots/v1/dataset/images/validation/cocoashot_chocolate_cake/cocoashot_chocolate_cake_0094.jpg,validation,occupied,cocoashot_chocolate_cake,Chocolate Cake,IMG_1982_c007,IMG_1982.jpg,expanded_u2net,IMG_2023_r03_c01.jpg,IMG_2023.jpg,16,177,16,19,20260917
cocoashot_chocolate_cake_0095,data/synthetic_slots/v1/dataset/images/validation/cocoashot_chocolate_cake/cocoashot_chocolate_cake_0095.jpg,validation,occupied,cocoashot_chocolate_cake,Chocolate Cake,IMG_1982_c007,IMG_1982.jpg,expanded_u2net,IMG_2030_r05_c04.jpg,IMG_2030.jpg,30,165,36,27,20260917
cocoashot_chocolate_cake_0096,data/synthetic_slots/v1/dataset/images/validation/cocoashot_chocolate_cake/cocoashot_chocolate_cake_0096.jpg,validation,occupied,cocoashot_chocolate_cake,Chocolate Cake,IMG_1982_c007,IMG_1982.jpg,expanded_u2net,IMG_2034_r02_c02.jpg,IMG_2034.jpg,50,151,39,31,20260917
cocoashot_chocolate_cake_0097,data/synthetic_slots/v1/dataset/images/validation/cocoashot_chocolate_cake/cocoashot_chocolate_cake_0097.jpg,validation,occupied,cocoashot_chocolate_cake,Chocolate Cake,IMG_1982_c007,IMG_1982.jpg,expanded_u2net,IMG_2020_r01_c02.jpg,IMG_2020.jpg,6,181,20,14,20260917
cocoashot_chocolate_cake_0098,data/synthetic_slots/v1/dataset/images/validation/cocoashot_chocolate_cake/cocoashot_chocolate_cake_0098.jpg,validation,occupied,cocoashot_chocolate_cake,Chocolate Cake,IMG_1982_c007,IMG_1982.jpg,expanded_u2net,IMG_2023_r03_c03.jpg,IMG_2023.jpg,16,178,29,24,20260917
cocoashot_chocolate_cake_0099,data/synthetic_slots/v1/dataset/images/validation/cocoashot_chocolate_cake/cocoashot_chocolate_cake_0099.jpg,validation,occupied,cocoashot_chocolate_cake,Chocolate Cake,IMG_1982_c007,IMG_1982.jpg,expanded_u2net,IMG_2030_r02_c04.jpg,IMG_2030.jpg,30,174,32,16,20260917
cocoashot_chocolate_cake_0100,data/synthetic_slots/v1/dataset/images/validation/cocoashot_chocolate_cake/cocoashot_chocolate_cake_0100.jpg,validation,occupied,cocoashot_chocolate_cake,Chocolate Cake,IMG_1982_c007,IMG_1982.jpg,expanded_u2net,IMG_2034_r05_c03.jpg,IMG_2034.jpg,50,158,33,41,20260917
cocoashot_old_fashioned_0001,data/synthetic_slots/v1/dataset/images/train/cocoashot_old_fashioned/cocoashot_old_fashioned_0001.jpg,train,occupied,cocoashot_old_fashioned,Old Fashioned,IMG_1977_c007,IMG_1977.jpg,manual_polygon,IMG_2019_r03_c01.jpg,IMG_2019.jpg,6,152,44,48,20260917
cocoashot_old_fashioned_0002,data/synthetic_slots/v1/dataset/images/train/cocoashot_old_fashioned/cocoashot_old_fashioned_0002.jpg,train,occupied,cocoashot_old_fashioned,Old Fashioned,IMG_1977_c007,IMG_1977.jpg,manual_polygon,IMG_2024_r03_c04.jpg,IMG_2024.jpg,16,177,21,26,20260917
cocoashot_old_fashioned_0003,data/synthetic_slots/v1/dataset/images/train/cocoashot_old_fashioned/cocoashot_old_fashioned_0003.jpg,train,occupied,cocoashot_old_fashioned,Old Fashioned,IMG_1977_c007,IMG_1977.jpg,manual_polygon,IMG_2028_r03_c03.jpg,IMG_2028.jpg,30,160,26,40,20260917
cocoashot_old_fashioned_0004,data/synthetic_slots/v1/dataset/images/train/cocoashot_old_fashioned/cocoashot_old_fashioned_0004.jpg,train,occupied,cocoashot_old_fashioned,Old Fashioned,IMG_1977_c007,IMG_1977.jpg,manual_polygon,IMG_2033_r03_c05.jpg,IMG_2033.jpg,50,167,32,40,20260917
cocoashot_old_fashioned_0005,data/synthetic_slots/v1/dataset/images/train/cocoashot_old_fashioned/cocoashot_old_fashioned_0005.jpg,train,occupied,cocoashot_old_fashioned,Old Fashioned,IMG_1977_c007,IMG_1977.jpg,manual_polygon,IMG_2019_r03_c02.jpg,IMG_2019.jpg,6,162,39,37,20260917
cocoashot_old_fashioned_0006,data/synthetic_slots/v1/dataset/images/train/cocoashot_old_fashioned/cocoashot_old_fashioned_0006.jpg,train,occupied,cocoashot_old_fashioned,Old Fashioned,IMG_1977_c007,IMG_1977.jpg,manual_polygon,IMG_2024_r02_c03.jpg,IMG_2024.jpg,16,181,12,35,20260917
cocoashot_old_fashioned_0007,data/synthetic_slots/v1/dataset/images/train/cocoashot_old_fashioned/cocoashot_old_fashioned_0007.jpg,train,occupied,cocoashot_old_fashioned,Old Fashioned,IMG_1977_c007,IMG_1977.jpg,manual_polygon,IMG_2028_r05_c02.jpg,IMG_2028.jpg,30,146,31,44,20260917
cocoashot_old_fashioned_0008,data/synthetic_slots/v1/dataset/images/train/cocoashot_old_fashioned/cocoashot_old_fashioned_0008.jpg,train,occupied,cocoashot_old_fashioned,Old Fashioned,IMG_1977_c007,IMG_1977.jpg,manual_polygon,IMG_2032_r08_c04.jpg,IMG_2032.jpg,50,174,23,20,20260917
cocoashot_old_fashioned_0009,data/synthetic_slots/v1/dataset/images/train/cocoashot_old_fashioned/cocoashot_old_fashioned_0009.jpg,train,occupied,cocoashot_old_fashioned,Old Fashioned,IMG_1977_c007,IMG_1977.jpg,manual_polygon,IMG_2019_r02_c01.jpg,IMG_2019.jpg,6,163,23,43,20260917
cocoashot_old_fashioned_0010,data/synthetic_slots/v1/dataset/images/train/cocoashot_old_fashioned/cocoashot_old_fashioned_0010.jpg,train,occupied,cocoashot_old_fashioned,Old Fashioned,IMG_1977_c007,IMG_1977.jpg,manual_polygon,IMG_2022_r04_c03.jpg,IMG_2022.jpg,16,176,25,28,20260917
cocoashot_old_fashioned_0011,data/synthetic_slots/v1/dataset/images/train/cocoashot_old_fashioned/cocoashot_old_fashioned_0011.jpg,train,occupied,cocoashot_old_fashioned,Old Fashioned,IMG_1977_c007,IMG_1977.jpg,manual_polygon,IMG_2028_r06_c05.jpg,IMG_2028.jpg,30,174,19,26,20260917
cocoashot_old_fashioned_0012,data/synthetic_slots/v1/dataset/images/train/cocoashot_old_fashioned/cocoashot_old_fashioned_0012.jpg,train,occupied,cocoashot_old_fashioned,Old Fashioned,IMG_1977_c007,IMG_1977.jpg,manual_polygon,IMG_2031_r04_c04.jpg,IMG_2031.jpg,50,175,15,29,20260917
cocoashot_old_fashioned_0013,data/synthetic_slots/v1/dataset/images/train/cocoashot_old_fashioned/cocoashot_old_fashioned_0013.jpg,train,occupied,cocoashot_old_fashioned,Old Fashioned,IMG_1977_c007,IMG_1977.jpg,manual_polygon,IMG_2021_r02_c01.jpg,IMG_2021.jpg,6,149,43,39,20260917
cocoashot_old_fashioned_0014,data/synthetic_slots/v1/dataset/images/train/cocoashot_old_fashioned/cocoashot_old_fashioned_0014.jpg,train,occupied,cocoashot_old_fashioned,Old Fashioned,IMG_1977_c007,IMG_1977.jpg,manual_polygon,IMG_2022_r02_c04.jpg,IMG_2022.jpg,16,148,39,41,20260917
cocoashot_old_fashioned_0015,data/synthetic_slots/v1/dataset/images/train/cocoashot_old_fashioned/cocoashot_old_fashioned_0015.jpg,train,occupied,cocoashot_old_fashioned,Old Fashioned,IMG_1977_c007,IMG_1977.jpg,manual_polygon,IMG_2028_r06_c01.jpg,IMG_2028.jpg,30,165,26,35,20260917
cocoashot_old_fashioned_0016,data/synthetic_slots/v1/dataset/images/train/cocoashot_old_fashioned/cocoashot_old_fashioned_0016.jpg,train,occupied,cocoashot_old_fashioned,Old Fashioned,IMG_1977_c007,IMG_1977.jpg,manual_polygon,IMG_2031_r09_c01.jpg,IMG_2031.jpg,50,183,20,22,20260917
cocoashot_old_fashioned_0017,data/synthetic_slots/v1/dataset/images/train/cocoashot_old_fashioned/cocoashot_old_fashioned_0017.jpg,train,occupied,cocoashot_old_fashioned,Old Fashioned,IMG_1977_c007,IMG_1977.jpg,manual_polygon,IMG_2019_r01_c01.jpg,IMG_2019.jpg,6,170,30,31,20260917
cocoashot_old_fashioned_0018,data/synthetic_slots/v1/dataset/images/train/cocoashot_old_fashioned/cocoashot_old_fashioned_0018.jpg,train,occupied,cocoashot_old_fashioned,Old Fashioned,IMG_1977_c007,IMG_1977.jpg,manual_polygon,IMG_2026_r03_c04.jpg,IMG_2026.jpg,16,172,18,29,20260917
cocoashot_old_fashioned_0019,data/synthetic_slots/v1/dataset/images/train/cocoashot_old_fashioned/cocoashot_old_fashioned_0019.jpg,train,occupied,cocoashot_old_fashioned,Old Fashioned,IMG_1977_c007,IMG_1977.jpg,manual_polygon,IMG_2028_r01_c05.jpg,IMG_2028.jpg,30,185,24,28,20260917
cocoashot_old_fashioned_0020,data/synthetic_slots/v1/dataset/images/train/cocoashot_old_fashioned/cocoashot_old_fashioned_0020.jpg,train,occupied,cocoashot_old_fashioned,Old Fashioned,IMG_1977_c007,IMG_1977.jpg,manual_polygon,IMG_2031_r08_c03.jpg,IMG_2031.jpg,50,167,33,23,20260917
cocoashot_old_fashioned_0021,data/synthetic_slots/v1/dataset/images/train/cocoashot_old_fashioned/cocoashot_old_fashioned_0021.jpg,train,occupied,cocoashot_old_fashioned,Old Fashioned,IMG_1977_c007,IMG_1977.jpg,manual_polygon,IMG_2021_r02_c01.jpg,IMG_2021.jpg,6,158,29,36,20260917
cocoashot_old_fashioned_0022,data/synthetic_slots/v1/dataset/images/train/cocoashot_old_fashioned/cocoashot_old_fashioned_0022.jpg,train,occupied,cocoashot_old_fashioned,Old Fashioned,IMG_1977_c007,IMG_1977.jpg,manual_polygon,IMG_2026_r01_c04.jpg,IMG_2026.jpg,16,158,33,33,20260917
cocoashot_old_fashioned_0023,data/synthetic_slots/v1/dataset/images/train/cocoashot_old_fashioned/cocoashot_old_fashioned_0023.jpg,train,occupied,cocoashot_old_fashioned,Old Fashioned,IMG_1977_c007,IMG_1977.jpg,manual_polygon,IMG_2027_r04_c01.jpg,IMG_2027.jpg,30,185,27,22,20260917
cocoashot_old_fashioned_0024,data/synthetic_slots/v1/dataset/images/train/cocoashot_old_fashioned/cocoashot_old_fashioned_0024.jpg,train,occupied,cocoashot_old_fashioned,Old Fashioned,IMG_1977_c007,IMG_1977.jpg,manual_polygon,IMG_2032_r02_c03.jpg,IMG_2032.jpg,50,177,16,26,20260917
cocoashot_old_fashioned_0025,data/synthetic_slots/v1/dataset/images/train/cocoashot_old_fashioned/cocoashot_old_fashioned_0025.jpg,train,occupied,cocoashot_old_fashioned,Old Fashioned,IMG_1977_c007,IMG_1977.jpg,manual_polygon,IMG_2019_r02_c01.jpg,IMG_2019.jpg,6,157,37,37,20260917
cocoashot_old_fashioned_0026,data/synthetic_slots/v1/dataset/images/train/cocoashot_old_fashioned/cocoashot_old_fashioned_0026.jpg,train,occupied,cocoashot_old_fashioned,Old Fashioned,IMG_1977_c007,IMG_1977.jpg,manual_polygon,IMG_2024_r01_c02.jpg,IMG_2024.jpg,16,179,25,28,20260917
cocoashot_old_fashioned_0027,data/synthetic_slots/v1/dataset/images/train/cocoashot_old_fashioned/cocoashot_old_fashioned_0027.jpg,train,occupied,cocoashot_old_fashioned,Old Fashioned,IMG_1977_c007,IMG_1977.jpg,manual_polygon,IMG_2027_r05_c05.jpg,IMG_2027.jpg,30,176,33,22,20260917
cocoashot_old_fashioned_0028,data/synthetic_slots/v1/dataset/images/train/cocoashot_old_fashioned/cocoashot_old_fashioned_0028.jpg,train,occupied,cocoashot_old_fashioned,Old Fashioned,IMG_1977_c007,IMG_1977.jpg,manual_polygon,IMG_2031_r06_c01.jpg,IMG_2031.jpg,50,178,14,30,20260917
cocoashot_old_fashioned_0029,data/synthetic_slots/v1/dataset/images/train/cocoashot_old_fashioned/cocoashot_old_fashioned_0029.jpg,train,occupied,cocoashot_old_fashioned,Old Fashioned,IMG_1977_c007,IMG_1977.jpg,manual_polygon,IMG_2019_r01_c01.jpg,IMG_2019.jpg,6,162,35,30,20260917
cocoashot_old_fashioned_0030,data/synthetic_slots/v1/dataset/images/train/cocoashot_old_fashioned/cocoashot_old_fashioned_0030.jpg,train,occupied,cocoashot_old_fashioned,Old Fashioned,IMG_1977_c007,IMG_1977.jpg,manual_polygon,IMG_2026_r02_c04.jpg,IMG_2026.jpg,16,164,30,36,20260917
cocoashot_old_fashioned_0031,data/synthetic_slots/v1/dataset/images/train/cocoashot_old_fashioned/cocoashot_old_fashioned_0031.jpg,train,occupied,cocoashot_old_fashioned,Old Fashioned,IMG_1977_c007,IMG_1977.jpg,manual_polygon,IMG_2027_r01_c05.jpg,IMG_2027.jpg,30,160,41,43,20260917
cocoashot_old_fashioned_0032,data/synthetic_slots/v1/dataset/images/train/cocoashot_old_fashioned/cocoashot_old_fashioned_0032.jpg,train,occupied,cocoashot_old_fashioned,Old Fashioned,IMG_1977_c007,IMG_1977.jpg,manual_polygon,IMG_2031_r02_c02.jpg,IMG_2031.jpg,50,177,14,28,20260917
cocoashot_old_fashioned_0033,data/synthetic_slots/v1/dataset/images/train/cocoashot_old_fashioned/cocoashot_old_fashioned_0033.jpg,train,occupied,cocoashot_old_fashioned,Old Fashioned,IMG_1977_c007,IMG_1977.jpg,manual_polygon,IMG_2019_r01_c01.jpg,IMG_2019.jpg,6,157,24,46,20260917
cocoashot_old_fashioned_0034,data/synthetic_slots/v1/dataset/images/train/cocoashot_old_fashioned/cocoashot_old_fashioned_0034.jpg,train,occupied,cocoashot_old_fashioned,Old Fashioned,IMG_1977_c007,IMG_1977.jpg,manual_polygon,IMG_2025_r04_c02.jpg,IMG_2025.jpg,16,165,28,32,20260917
cocoashot_old_fashioned_0035,data/synthetic_slots/v1/dataset/images/train/cocoashot_old_fashioned/cocoashot_old_fashioned_0035.jpg,train,occupied,cocoashot_old_fashioned,Old Fashioned,IMG_1977_c007,IMG_1977.jpg,manual_polygon,IMG_2029_r06_c01.jpg,IMG_2029.jpg,30,182,13,28,20260917
cocoashot_old_fashioned_0036,data/synthetic_slots/v1/dataset/images/train/cocoashot_old_fashioned/cocoashot_old_fashioned_0036.jpg,train,occupied,cocoashot_old_fashioned,Old Fashioned,IMG_1977_c007,IMG_1977.jpg,manual_polygon,IMG_2032_r08_c05.jpg,IMG_2032.jpg,50,183,16,21,20260917
cocoashot_old_fashioned_0037,data/synthetic_slots/v1/dataset/images/train/cocoashot_old_fashioned/cocoashot_old_fashioned_0037.jpg,train,occupied,cocoashot_old_fashioned,Old Fashioned,IMG_1977_c007,IMG_1977.jpg,manual_polygon,IMG_2021_r03_c01.jpg,IMG_2021.jpg,6,177,17,21,20260917
cocoashot_old_fashioned_0038,data/synthetic_slots/v1/dataset/images/train/cocoashot_old_fashioned/cocoashot_old_fashioned_0038.jpg,train,occupied,cocoashot_old_fashioned,Old Fashioned,IMG_1977_c007,IMG_1977.jpg,manual_polygon,IMG_2025_r03_c04.jpg,IMG_2025.jpg,16,147,34,36,20260917
cocoashot_old_fashioned_0039,data/synthetic_slots/v1/dataset/images/train/cocoashot_old_fashioned/cocoashot_old_fashioned_0039.jpg,train,occupied,cocoashot_old_fashioned,Old Fashioned,IMG_1977_c007,IMG_1977.jpg,manual_polygon,IMG_2028_r02_c01.jpg,IMG_2028.jpg,30,170,31,34,20260917
cocoashot_old_fashioned_0040,data/synthetic_slots/v1/dataset/images/train/cocoashot_old_fashioned/cocoashot_old_fashioned_0040.jpg,train,occupied,cocoashot_old_fashioned,Old Fashioned,IMG_1977_c007,IMG_1977.jpg,manual_polygon,IMG_2032_r01_c02.jpg,IMG_2032.jpg,50,167,19,27,20260917
cocoashot_old_fashioned_0041,data/synthetic_slots/v1/dataset/images/train/cocoashot_old_fashioned/cocoashot_old_fashioned_0041.jpg,train,occupied,cocoashot_old_fashioned,Old Fashioned,IMG_1977_c007,IMG_1977.jpg,manual_polygon,IMG_2021_r01_c02.jpg,IMG_2021.jpg,6,156,33,29,20260917
cocoashot_old_fashioned_0042,data/synthetic_slots/v1/dataset/images/train/cocoashot_old_fashioned/cocoashot_old_fashioned_0042.jpg,train,occupied,cocoashot_old_fashioned,Old Fashioned,IMG_1977_c007,IMG_1977.jpg,manual_polygon,IMG_2024_r03_c01.jpg,IMG_2024.jpg,16,172,27,24,20260917
cocoashot_old_fashioned_0043,data/synthetic_slots/v1/dataset/images/train/cocoashot_old_fashioned/cocoashot_old_fashioned_0043.jpg,train,occupied,cocoashot_old_fashioned,Old Fashioned,IMG_1977_c007,IMG_1977.jpg,manual_polygon,IMG_2028_r05_c03.jpg,IMG_2028.jpg,30,181,13,22,20260917
cocoashot_old_fashioned_0044,data/synthetic_slots/v1/dataset/images/train/cocoashot_old_fashioned/cocoashot_old_fashioned_0044.jpg,train,occupied,cocoashot_old_fashioned,Old Fashioned,IMG_1977_c007,IMG_1977.jpg,manual_polygon,IMG_2031_r08_c05.jpg,IMG_2031.jpg,50,181,12,19,20260917
cocoashot_old_fashioned_0045,data/synthetic_slots/v1/dataset/images/train/cocoashot_old_fashioned/cocoashot_old_fashioned_0045.jpg,train,occupied,cocoashot_old_fashioned,Old Fashioned,IMG_1977_c007,IMG_1977.jpg,manual_polygon,IMG_2019_r01_c02.jpg,IMG_2019.jpg,6,185,15,32,20260917
cocoashot_old_fashioned_0046,data/synthetic_slots/v1/dataset/images/train/cocoashot_old_fashioned/cocoashot_old_fashioned_0046.jpg,train,occupied,cocoashot_old_fashioned,Old Fashioned,IMG_1977_c007,IMG_1977.jpg,manual_polygon,IMG_2025_r01_c02.jpg,IMG_2025.jpg,16,164,31,40,20260917
cocoashot_old_fashioned_0047,data/synthetic_slots/v1/dataset/images/train/cocoashot_old_fashioned/cocoashot_old_fashioned_0047.jpg,train,occupied,cocoashot_old_fashioned,Old Fashioned,IMG_1977_c007,IMG_1977.jpg,manual_polygon,IMG_2027_r04_c02.jpg,IMG_2027.jpg,30,175,30,24,20260917
cocoashot_old_fashioned_0048,data/synthetic_slots/v1/dataset/images/train/cocoashot_old_fashioned/cocoashot_old_fashioned_0048.jpg,train,occupied,cocoashot_old_fashioned,Old Fashioned,IMG_1977_c007,IMG_1977.jpg,manual_polygon,IMG_2031_r10_c05.jpg,IMG_2031.jpg,50,154,37,47,20260917
cocoashot_old_fashioned_0049,data/synthetic_slots/v1/dataset/images/train/cocoashot_old_fashioned/cocoashot_old_fashioned_0049.jpg,train,occupied,cocoashot_old_fashioned,Old Fashioned,IMG_1977_c007,IMG_1977.jpg,manual_polygon,IMG_2021_r02_c02.jpg,IMG_2021.jpg,6,167,36,33,20260917
cocoashot_old_fashioned_0050,data/synthetic_slots/v1/dataset/images/train/cocoashot_old_fashioned/cocoashot_old_fashioned_0050.jpg,train,occupied,cocoashot_old_fashioned,Old Fashioned,IMG_1977_c007,IMG_1977.jpg,manual_polygon,IMG_2025_r03_c04.jpg,IMG_2025.jpg,16,168,34,39,20260917
cocoashot_old_fashioned_0051,data/synthetic_slots/v1/dataset/images/train/cocoashot_old_fashioned/cocoashot_old_fashioned_0051.jpg,train,occupied,cocoashot_old_fashioned,Old Fashioned,IMG_1977_c007,IMG_1977.jpg,manual_polygon,IMG_2029_r02_c03.jpg,IMG_2029.jpg,30,182,17,19,20260917
cocoashot_old_fashioned_0052,data/synthetic_slots/v1/dataset/images/train/cocoashot_old_fashioned/cocoashot_old_fashioned_0052.jpg,train,occupied,cocoashot_old_fashioned,Old Fashioned,IMG_1977_c007,IMG_1977.jpg,manual_polygon,IMG_2033_r03_c01.jpg,IMG_2033.jpg,50,173,20,34,20260917
cocoashot_old_fashioned_0053,data/synthetic_slots/v1/dataset/images/train/cocoashot_old_fashioned/cocoashot_old_fashioned_0053.jpg,train,occupied,cocoashot_old_fashioned,Old Fashioned,IMG_1977_c007,IMG_1977.jpg,manual_polygon,IMG_2019_r02_c02.jpg,IMG_2019.jpg,6,156,25,33,20260917
cocoashot_old_fashioned_0054,data/synthetic_slots/v1/dataset/images/train/cocoashot_old_fashioned/cocoashot_old_fashioned_0054.jpg,train,occupied,cocoashot_old_fashioned,Old Fashioned,IMG_1977_c007,IMG_1977.jpg,manual_polygon,IMG_2022_r03_c03.jpg,IMG_2022.jpg,16,157,34,29,20260917
cocoashot_old_fashioned_0055,data/synthetic_slots/v1/dataset/images/train/cocoashot_old_fashioned/cocoashot_old_fashioned_0055.jpg,train,occupied,cocoashot_old_fashioned,Old Fashioned,IMG_1977_c007,IMG_1977.jpg,manual_polygon,IMG_2029_r04_c03.jpg,IMG_2029.jpg,30,160,27,27,20260917
cocoashot_old_fashioned_0056,data/synthetic_slots/v1/dataset/images/train/cocoashot_old_fashioned/cocoashot_old_fashioned_0056.jpg,train,occupied,cocoashot_old_fashioned,Old Fashioned,IMG_1977_c007,IMG_1977.jpg,manual_polygon,IMG_2032_r10_c05.jpg,IMG_2032.jpg,50,158,26,37,20260917
cocoashot_old_fashioned_0057,data/synthetic_slots/v1/dataset/images/train/cocoashot_old_fashioned/cocoashot_old_fashioned_0057.jpg,train,occupied,cocoashot_old_fashioned,Old Fashioned,IMG_1977_c007,IMG_1977.jpg,manual_polygon,IMG_2019_r01_c02.jpg,IMG_2019.jpg,6,156,32,35,20260917
cocoashot_old_fashioned_0058,data/synthetic_slots/v1/dataset/images/train/cocoashot_old_fashioned/cocoashot_old_fashioned_0058.jpg,train,occupied,cocoashot_old_fashioned,Old Fashioned,IMG_1977_c007,IMG_1977.jpg,manual_polygon,IMG_2022_r04_c04.jpg,IMG_2022.jpg,16,156,34,32,20260917
cocoashot_old_fashioned_0059,data/synthetic_slots/v1/dataset/images/train/cocoashot_old_fashioned/cocoashot_old_fashioned_0059.jpg,train,occupied,cocoashot_old_fashioned,Old Fashioned,IMG_1977_c007,IMG_1977.jpg,manual_polygon,IMG_2029_r04_c04.jpg,IMG_2029.jpg,30,179,27,18,20260917
cocoashot_old_fashioned_0060,data/synthetic_slots/v1/dataset/images/train/cocoashot_old_fashioned/cocoashot_old_fashioned_0060.jpg,train,occupied,cocoashot_old_fashioned,Old Fashioned,IMG_1977_c007,IMG_1977.jpg,manual_polygon,IMG_2032_r08_c01.jpg,IMG_2032.jpg,50,148,35,33,20260917
cocoashot_old_fashioned_0061,data/synthetic_slots/v1/dataset/images/train/cocoashot_old_fashioned/cocoashot_old_fashioned_0061.jpg,train,occupied,cocoashot_old_fashioned,Old Fashioned,IMG_1977_c007,IMG_1977.jpg,manual_polygon,IMG_2021_r02_c01.jpg,IMG_2021.jpg,6,150,43,46,20260917
cocoashot_old_fashioned_0062,data/synthetic_slots/v1/dataset/images/train/cocoashot_old_fashioned/cocoashot_old_fashioned_0062.jpg,train,occupied,cocoashot_old_fashioned,Old Fashioned,IMG_1977_c007,IMG_1977.jpg,manual_polygon,IMG_2022_r03_c04.jpg,IMG_2022.jpg,16,146,45,46,20260917
cocoashot_old_fashioned_0063,data/synthetic_slots/v1/dataset/images/train/cocoashot_old_fashioned/cocoashot_old_fashioned_0063.jpg,train,occupied,cocoashot_old_fashioned,Old Fashioned,IMG_1977_c007,IMG_1977.jpg,manual_polygon,IMG_2028_r03_c05.jpg,IMG_2028.jpg,30,151,32,38,20260917
cocoashot_old_fashioned_0064,data/synthetic_slots/v1/dataset/images/train/cocoashot_old_fashioned/cocoashot_old_fashioned_0064.jpg,train,occupied,cocoashot_old_fashioned,Old Fashioned,IMG_1977_c007,IMG_1977.jpg,manual_polygon,IMG_2032_r09_c03.jpg,IMG_2032.jpg,50,177,17,25,20260917
cocoashot_old_fashioned_0065,data/synthetic_slots/v1/dataset/images/train/cocoashot_old_fashioned/cocoashot_old_fashioned_0065.jpg,train,occupied,cocoashot_old_fashioned,Old Fashioned,IMG_1977_c007,IMG_1977.jpg,manual_polygon,IMG_2019_r01_c01.jpg,IMG_2019.jpg,6,161,38,27,20260917
cocoashot_old_fashioned_0066,data/synthetic_slots/v1/dataset/images/train/cocoashot_old_fashioned/cocoashot_old_fashioned_0066.jpg,train,occupied,cocoashot_old_fashioned,Old Fashioned,IMG_1977_c007,IMG_1977.jpg,manual_polygon,IMG_2022_r01_c03.jpg,IMG_2022.jpg,16,147,41,50,20260917
cocoashot_old_fashioned_0067,data/synthetic_slots/v1/dataset/images/train/cocoashot_old_fashioned/cocoashot_old_fashioned_0067.jpg,train,occupied,cocoashot_old_fashioned,Old Fashioned,IMG_1977_c007,IMG_1977.jpg,manual_polygon,IMG_2028_r02_c04.jpg,IMG_2028.jpg,30,146,38,47,20260917
cocoashot_old_fashioned_0068,data/synthetic_slots/v1/dataset/images/train/cocoashot_old_fashioned/cocoashot_old_fashioned_0068.jpg,train,occupied,cocoashot_old_fashioned,Old Fashioned,IMG_1977_c007,IMG_1977.jpg,manual_polygon,IMG_2032_r06_c02.jpg,IMG_2032.jpg,50,180,21,34,20260917
cocoashot_old_fashioned_0069,data/synthetic_slots/v1/dataset/images/train/cocoashot_old_fashioned/cocoashot_old_fashioned_0069.jpg,train,occupied,cocoashot_old_fashioned,Old Fashioned,IMG_1977_c007,IMG_1977.jpg,manual_polygon,IMG_2019_r03_c02.jpg,IMG_2019.jpg,6,145,40,34,20260917
cocoashot_old_fashioned_0070,data/synthetic_slots/v1/dataset/images/train/cocoashot_old_fashioned/cocoashot_old_fashioned_0070.jpg,train,occupied,cocoashot_old_fashioned,Old Fashioned,IMG_1977_c007,IMG_1977.jpg,manual_polygon,IMG_2025_r03_c02.jpg,IMG_2025.jpg,16,174,32,25,20260917
cocoashot_old_fashioned_0071,data/synthetic_slots/v1/dataset/images/train/cocoashot_old_fashioned/cocoashot_old_fashioned_0071.jpg,train,occupied,cocoashot_old_fashioned,Old Fashioned,IMG_1977_c007,IMG_1977.jpg,manual_polygon,IMG_2027_r02_c03.jpg,IMG_2027.jpg,30,148,31,36,20260917
cocoashot_old_fashioned_0072,data/synthetic_slots/v1/dataset/images/train/cocoashot_old_fashioned/cocoashot_old_fashioned_0072.jpg,train,occupied,cocoashot_old_fashioned,Old Fashioned,IMG_1977_c007,IMG_1977.jpg,manual_polygon,IMG_2031_r08_c01.jpg,IMG_2031.jpg,50,174,22,20,20260917
cocoashot_old_fashioned_0073,data/synthetic_slots/v1/dataset/images/train/cocoashot_old_fashioned/cocoashot_old_fashioned_0073.jpg,train,occupied,cocoashot_old_fashioned,Old Fashioned,IMG_1977_c007,IMG_1977.jpg,manual_polygon,IMG_2021_r03_c01.jpg,IMG_2021.jpg,6,174,16,37,20260917
cocoashot_old_fashioned_0074,data/synthetic_slots/v1/dataset/images/train/cocoashot_old_fashioned/cocoashot_old_fashioned_0074.jpg,train,occupied,cocoashot_old_fashioned,Old Fashioned,IMG_1977_c007,IMG_1977.jpg,manual_polygon,IMG_2024_r02_c02.jpg,IMG_2024.jpg,16,178,25,31,20260917
cocoashot_old_fashioned_0075,data/synthetic_slots/v1/dataset/images/train/cocoashot_old_fashioned/cocoashot_old_fashioned_0075.jpg,train,occupied,cocoashot_old_fashioned,Old Fashioned,IMG_1977_c007,IMG_1977.jpg,manual_polygon,IMG_2028_r06_c02.jpg,IMG_2028.jpg,30,182,26,22,20260917
cocoashot_old_fashioned_0076,data/synthetic_slots/v1/dataset/images/train/cocoashot_old_fashioned/cocoashot_old_fashioned_0076.jpg,train,occupied,cocoashot_old_fashioned,Old Fashioned,IMG_1977_c007,IMG_1977.jpg,manual_polygon,IMG_2033_r03_c02.jpg,IMG_2033.jpg,50,162,32,30,20260917
cocoashot_old_fashioned_0077,data/synthetic_slots/v1/dataset/images/train/cocoashot_old_fashioned/cocoashot_old_fashioned_0077.jpg,train,occupied,cocoashot_old_fashioned,Old Fashioned,IMG_1977_c007,IMG_1977.jpg,manual_polygon,IMG_2019_r02_c01.jpg,IMG_2019.jpg,6,157,26,36,20260917
cocoashot_old_fashioned_0078,data/synthetic_slots/v1/dataset/images/train/cocoashot_old_fashioned/cocoashot_old_fashioned_0078.jpg,train,occupied,cocoashot_old_fashioned,Old Fashioned,IMG_1977_c007,IMG_1977.jpg,manual_polygon,IMG_2026_r02_c01.jpg,IMG_2026.jpg,16,184,12,19,20260917
cocoashot_old_fashioned_0079,data/synthetic_slots/v1/dataset/images/train/cocoashot_old_fashioned/cocoashot_old_fashioned_0079.jpg,train,occupied,cocoashot_old_fashioned,Old Fashioned,IMG_1977_c007,IMG_1977.jpg,manual_polygon,IMG_2027_r04_c01.jpg,IMG_2027.jpg,30,181,24,33,20260917
cocoashot_old_fashioned_0080,data/synthetic_slots/v1/dataset/images/train/cocoashot_old_fashioned/cocoashot_old_fashioned_0080.jpg,train,occupied,cocoashot_old_fashioned,Old Fashioned,IMG_1977_c007,IMG_1977.jpg,manual_polygon,IMG_2033_r03_c01.jpg,IMG_2033.jpg,50,173,21,22,20260917
cocoashot_old_fashioned_0081,data/synthetic_slots/v1/dataset/images/validation/cocoashot_old_fashioned/cocoashot_old_fashioned_0081.jpg,validation,occupied,cocoashot_old_fashioned,Old Fashioned,IMG_1977_c007,IMG_1977.jpg,manual_polygon,IMG_2020_r02_c01.jpg,IMG_2020.jpg,6,173,31,33,20260917
cocoashot_old_fashioned_0082,data/synthetic_slots/v1/dataset/images/validation/cocoashot_old_fashioned/cocoashot_old_fashioned_0082.jpg,validation,occupied,cocoashot_old_fashioned,Old Fashioned,IMG_1977_c007,IMG_1977.jpg,manual_polygon,IMG_2023_r03_c02.jpg,IMG_2023.jpg,16,168,25,26,20260917
cocoashot_old_fashioned_0083,data/synthetic_slots/v1/dataset/images/validation/cocoashot_old_fashioned/cocoashot_old_fashioned_0083.jpg,validation,occupied,cocoashot_old_fashioned,Old Fashioned,IMG_1977_c007,IMG_1977.jpg,manual_polygon,IMG_2030_r04_c04.jpg,IMG_2030.jpg,30,157,41,41,20260917
cocoashot_old_fashioned_0084,data/synthetic_slots/v1/dataset/images/validation/cocoashot_old_fashioned/cocoashot_old_fashioned_0084.jpg,validation,occupied,cocoashot_old_fashioned,Old Fashioned,IMG_1977_c007,IMG_1977.jpg,manual_polygon,IMG_2034_r09_c04.jpg,IMG_2034.jpg,50,149,41,47,20260917
cocoashot_old_fashioned_0085,data/synthetic_slots/v1/dataset/images/validation/cocoashot_old_fashioned/cocoashot_old_fashioned_0085.jpg,validation,occupied,cocoashot_old_fashioned,Old Fashioned,IMG_1977_c007,IMG_1977.jpg,manual_polygon,IMG_2020_r01_c02.jpg,IMG_2020.jpg,6,165,33,25,20260917
cocoashot_old_fashioned_0086,data/synthetic_slots/v1/dataset/images/validation/cocoashot_old_fashioned/cocoashot_old_fashioned_0086.jpg,validation,occupied,cocoashot_old_fashioned,Old Fashioned,IMG_1977_c007,IMG_1977.jpg,manual_polygon,IMG_2023_r01_c03.jpg,IMG_2023.jpg,16,182,20,22,20260917
cocoashot_old_fashioned_0087,data/synthetic_slots/v1/dataset/images/validation/cocoashot_old_fashioned/cocoashot_old_fashioned_0087.jpg,validation,occupied,cocoashot_old_fashioned,Old Fashioned,IMG_1977_c007,IMG_1977.jpg,manual_polygon,IMG_2030_r02_c04.jpg,IMG_2030.jpg,30,151,41,36,20260917
cocoashot_old_fashioned_0088,data/synthetic_slots/v1/dataset/images/validation/cocoashot_old_fashioned/cocoashot_old_fashioned_0088.jpg,validation,occupied,cocoashot_old_fashioned,Old Fashioned,IMG_1977_c007,IMG_1977.jpg,manual_polygon,IMG_2034_r03_c04.jpg,IMG_2034.jpg,50,168,30,22,20260917
cocoashot_old_fashioned_0089,data/synthetic_slots/v1/dataset/images/validation/cocoashot_old_fashioned/cocoashot_old_fashioned_0089.jpg,validation,occupied,cocoashot_old_fashioned,Old Fashioned,IMG_1977_c007,IMG_1977.jpg,manual_polygon,IMG_2020_r01_c02.jpg,IMG_2020.jpg,6,164,34,28,20260917
cocoashot_old_fashioned_0090,data/synthetic_slots/v1/dataset/images/validation/cocoashot_old_fashioned/cocoashot_old_fashioned_0090.jpg,validation,occupied,cocoashot_old_fashioned,Old Fashioned,IMG_1977_c007,IMG_1977.jpg,manual_polygon,IMG_2023_r04_c03.jpg,IMG_2023.jpg,16,148,41,46,20260917
cocoashot_old_fashioned_0091,data/synthetic_slots/v1/dataset/images/validation/cocoashot_old_fashioned/cocoashot_old_fashioned_0091.jpg,validation,occupied,cocoashot_old_fashioned,Old Fashioned,IMG_1977_c007,IMG_1977.jpg,manual_polygon,IMG_2030_r01_c04.jpg,IMG_2030.jpg,30,167,21,41,20260917
cocoashot_old_fashioned_0092,data/synthetic_slots/v1/dataset/images/validation/cocoashot_old_fashioned/cocoashot_old_fashioned_0092.jpg,validation,occupied,cocoashot_old_fashioned,Old Fashioned,IMG_1977_c007,IMG_1977.jpg,manual_polygon,IMG_2034_r07_c04.jpg,IMG_2034.jpg,50,181,25,28,20260917
cocoashot_old_fashioned_0093,data/synthetic_slots/v1/dataset/images/validation/cocoashot_old_fashioned/cocoashot_old_fashioned_0093.jpg,validation,occupied,cocoashot_old_fashioned,Old Fashioned,IMG_1977_c007,IMG_1977.jpg,manual_polygon,IMG_2020_r01_c02.jpg,IMG_2020.jpg,6,179,15,33,20260917
cocoashot_old_fashioned_0094,data/synthetic_slots/v1/dataset/images/validation/cocoashot_old_fashioned/cocoashot_old_fashioned_0094.jpg,validation,occupied,cocoashot_old_fashioned,Old Fashioned,IMG_1977_c007,IMG_1977.jpg,manual_polygon,IMG_2023_r02_c01.jpg,IMG_2023.jpg,16,157,42,41,20260917
cocoashot_old_fashioned_0095,data/synthetic_slots/v1/dataset/images/validation/cocoashot_old_fashioned/cocoashot_old_fashioned_0095.jpg,validation,occupied,cocoashot_old_fashioned,Old Fashioned,IMG_1977_c007,IMG_1977.jpg,manual_polygon,IMG_2030_r03_c05.jpg,IMG_2030.jpg,30,163,31,42,20260917
cocoashot_old_fashioned_0096,data/synthetic_slots/v1/dataset/images/validation/cocoashot_old_fashioned/cocoashot_old_fashioned_0096.jpg,validation,occupied,cocoashot_old_fashioned,Old Fashioned,IMG_1977_c007,IMG_1977.jpg,manual_polygon,IMG_2034_r08_c04.jpg,IMG_2034.jpg,50,185,16,18,20260917
cocoashot_old_fashioned_0097,data/synthetic_slots/v1/dataset/images/validation/cocoashot_old_fashioned/cocoashot_old_fashioned_0097.jpg,validation,occupied,cocoashot_old_fashioned,Old Fashioned,IMG_1977_c007,IMG_1977.jpg,manual_polygon,IMG_2020_r01_c02.jpg,IMG_2020.jpg,6,180,29,35,20260917
cocoashot_old_fashioned_0098,data/synthetic_slots/v1/dataset/images/validation/cocoashot_old_fashioned/cocoashot_old_fashioned_0098.jpg,validation,occupied,cocoashot_old_fashioned,Old Fashioned,IMG_1977_c007,IMG_1977.jpg,manual_polygon,IMG_2023_r03_c01.jpg,IMG_2023.jpg,16,182,14,30,20260917
cocoashot_old_fashioned_0099,data/synthetic_slots/v1/dataset/images/validation/cocoashot_old_fashioned/cocoashot_old_fashioned_0099.jpg,validation,occupied,cocoashot_old_fashioned,Old Fashioned,IMG_1977_c007,IMG_1977.jpg,manual_polygon,IMG_2030_r01_c05.jpg,IMG_2030.jpg,30,152,34,34,20260917
cocoashot_old_fashioned_0100,data/synthetic_slots/v1/dataset/images/validation/cocoashot_old_fashioned/cocoashot_old_fashioned_0100.jpg,validation,occupied,cocoashot_old_fashioned,Old Fashioned,IMG_1977_c007,IMG_1977.jpg,manual_polygon,IMG_2034_r09_c04.jpg,IMG_2034.jpg,50,155,36,29,20260917
cocoashot_tequila_0001,data/synthetic_slots/v1/dataset/images/train/cocoashot_tequila/cocoashot_tequila_0001.jpg,train,occupied,cocoashot_tequila,Tequila,IMG_1981_c002,IMG_1981.jpg,manual_polygon,IMG_2019_r03_c02.jpg,IMG_2019.jpg,6,159,37,36,20260917
cocoashot_tequila_0002,data/synthetic_slots/v1/dataset/images/train/cocoashot_tequila/cocoashot_tequila_0002.jpg,train,occupied,cocoashot_tequila,Tequila,IMG_1981_c002,IMG_1981.jpg,manual_polygon,IMG_2025_r01_c01.jpg,IMG_2025.jpg,16,158,33,32,20260917
cocoashot_tequila_0003,data/synthetic_slots/v1/dataset/images/train/cocoashot_tequila/cocoashot_tequila_0003.jpg,train,occupied,cocoashot_tequila,Tequila,IMG_1981_c002,IMG_1981.jpg,manual_polygon,IMG_2027_r01_c03.jpg,IMG_2027.jpg,30,178,29,32,20260917
cocoashot_tequila_0004,data/synthetic_slots/v1/dataset/images/train/cocoashot_tequila/cocoashot_tequila_0004.jpg,train,occupied,cocoashot_tequila,Tequila,IMG_1981_c002,IMG_1981.jpg,manual_polygon,IMG_2031_r06_c01.jpg,IMG_2031.jpg,50,149,36,38,20260917
cocoashot_tequila_0005,data/synthetic_slots/v1/dataset/images/train/cocoashot_tequila/cocoashot_tequila_0005.jpg,train,occupied,cocoashot_tequila,Tequila,IMG_1981_c002,IMG_1981.jpg,manual_polygon,IMG_2019_r01_c01.jpg,IMG_2019.jpg,6,153,35,43,20260917
cocoashot_tequila_0006,data/synthetic_slots/v1/dataset/images/train/cocoashot_tequila/cocoashot_tequila_0006.jpg,train,occupied,cocoashot_tequila,Tequila,IMG_1981_c002,IMG_1981.jpg,manual_polygon,IMG_2026_r01_c03.jpg,IMG_2026.jpg,16,177,26,20,20260917
cocoashot_tequila_0007,data/synthetic_slots/v1/dataset/images/train/cocoashot_tequila/cocoashot_tequila_0007.jpg,train,occupied,cocoashot_tequila,Tequila,IMG_1981_c002,IMG_1981.jpg,manual_polygon,IMG_2029_r03_c03.jpg,IMG_2029.jpg,30,171,27,25,20260917
cocoashot_tequila_0008,data/synthetic_slots/v1/dataset/images/train/cocoashot_tequila/cocoashot_tequila_0008.jpg,train,occupied,cocoashot_tequila,Tequila,IMG_1981_c002,IMG_1981.jpg,manual_polygon,IMG_2033_r07_c05.jpg,IMG_2033.jpg,50,162,32,36,20260917
cocoashot_tequila_0009,data/synthetic_slots/v1/dataset/images/train/cocoashot_tequila/cocoashot_tequila_0009.jpg,train,occupied,cocoashot_tequila,Tequila,IMG_1981_c002,IMG_1981.jpg,manual_polygon,IMG_2021_r03_c01.jpg,IMG_2021.jpg,6,163,22,38,20260917
cocoashot_tequila_0010,data/synthetic_slots/v1/dataset/images/train/cocoashot_tequila/cocoashot_tequila_0010.jpg,train,occupied,cocoashot_tequila,Tequila,IMG_1981_c002,IMG_1981.jpg,manual_polygon,IMG_2024_r01_c02.jpg,IMG_2024.jpg,16,170,35,37,20260917
cocoashot_tequila_0011,data/synthetic_slots/v1/dataset/images/train/cocoashot_tequila/cocoashot_tequila_0011.jpg,train,occupied,cocoashot_tequila,Tequila,IMG_1981_c002,IMG_1981.jpg,manual_polygon,IMG_2028_r03_c02.jpg,IMG_2028.jpg,30,182,22,24,20260917
cocoashot_tequila_0012,data/synthetic_slots/v1/dataset/images/train/cocoashot_tequila/cocoashot_tequila_0012.jpg,train,occupied,cocoashot_tequila,Tequila,IMG_1981_c002,IMG_1981.jpg,manual_polygon,IMG_2033_r08_c05.jpg,IMG_2033.jpg,50,172,33,22,20260917
cocoashot_tequila_0013,data/synthetic_slots/v1/dataset/images/train/cocoashot_tequila/cocoashot_tequila_0013.jpg,train,occupied,cocoashot_tequila,Tequila,IMG_1981_c002,IMG_1981.jpg,manual_polygon,IMG_2019_r02_c02.jpg,IMG_2019.jpg,6,147,34,46,20260917
cocoashot_tequila_0014,data/synthetic_slots/v1/dataset/images/train/cocoashot_tequila/cocoashot_tequila_0014.jpg,train,occupied,cocoashot_tequila,Tequila,IMG_1981_c002,IMG_1981.jpg,manual_polygon,IMG_2024_r03_c04.jpg,IMG_2024.jpg,16,174,19,27,20260917
cocoashot_tequila_0015,data/synthetic_slots/v1/dataset/images/train/cocoashot_tequila/cocoashot_tequila_0015.jpg,train,occupied,cocoashot_tequila,Tequila,IMG_1981_c002,IMG_1981.jpg,manual_polygon,IMG_2029_r06_c01.jpg,IMG_2029.jpg,30,145,47,49,20260917
cocoashot_tequila_0016,data/synthetic_slots/v1/dataset/images/train/cocoashot_tequila/cocoashot_tequila_0016.jpg,train,occupied,cocoashot_tequila,Tequila,IMG_1981_c002,IMG_1981.jpg,manual_polygon,IMG_2033_r07_c05.jpg,IMG_2033.jpg,50,148,42,38,20260917
cocoashot_tequila_0017,data/synthetic_slots/v1/dataset/images/train/cocoashot_tequila/cocoashot_tequila_0017.jpg,train,occupied,cocoashot_tequila,Tequila,IMG_1981_c002,IMG_1981.jpg,manual_polygon,IMG_2019_r03_c01.jpg,IMG_2019.jpg,6,153,39,31,20260917
cocoashot_tequila_0018,data/synthetic_slots/v1/dataset/images/train/cocoashot_tequila/cocoashot_tequila_0018.jpg,train,occupied,cocoashot_tequila,Tequila,IMG_1981_c002,IMG_1981.jpg,manual_polygon,IMG_2024_r04_c02.jpg,IMG_2024.jpg,16,176,33,18,20260917
cocoashot_tequila_0019,data/synthetic_slots/v1/dataset/images/train/cocoashot_tequila/cocoashot_tequila_0019.jpg,train,occupied,cocoashot_tequila,Tequila,IMG_1981_c002,IMG_1981.jpg,manual_polygon,IMG_2028_r04_c04.jpg,IMG_2028.jpg,30,180,18,22,20260917
cocoashot_tequila_0020,data/synthetic_slots/v1/dataset/images/train/cocoashot_tequila/cocoashot_tequila_0020.jpg,train,occupied,cocoashot_tequila,Tequila,IMG_1981_c002,IMG_1981.jpg,manual_polygon,IMG_2031_r09_c04.jpg,IMG_2031.jpg,50,155,42,37,20260917
cocoashot_tequila_0021,data/synthetic_slots/v1/dataset/images/train/cocoashot_tequila/cocoashot_tequila_0021.jpg,train,occupied,cocoashot_tequila,Tequila,IMG_1981_c002,IMG_1981.jpg,manual_polygon,IMG_2021_r03_c02.jpg,IMG_2021.jpg,6,158,39,38,20260917
cocoashot_tequila_0022,data/synthetic_slots/v1/dataset/images/train/cocoashot_tequila/cocoashot_tequila_0022.jpg,train,occupied,cocoashot_tequila,Tequila,IMG_1981_c002,IMG_1981.jpg,manual_polygon,IMG_2022_r01_c03.jpg,IMG_2022.jpg,16,176,21,28,20260917
cocoashot_tequila_0023,data/synthetic_slots/v1/dataset/images/train/cocoashot_tequila/cocoashot_tequila_0023.jpg,train,occupied,cocoashot_tequila,Tequila,IMG_1981_c002,IMG_1981.jpg,manual_polygon,IMG_2028_r06_c01.jpg,IMG_2028.jpg,30,163,35,27,20260917
cocoashot_tequila_0024,data/synthetic_slots/v1/dataset/images/train/cocoashot_tequila/cocoashot_tequila_0024.jpg,train,occupied,cocoashot_tequila,Tequila,IMG_1981_c002,IMG_1981.jpg,manual_polygon,IMG_2031_r01_c02.jpg,IMG_2031.jpg,50,185,22,20,20260917
cocoashot_tequila_0025,data/synthetic_slots/v1/dataset/images/train/cocoashot_tequila/cocoashot_tequila_0025.jpg,train,occupied,cocoashot_tequila,Tequila,IMG_1981_c002,IMG_1981.jpg,manual_polygon,IMG_2021_r02_c01.jpg,IMG_2021.jpg,6,182,17,15,20260917
cocoashot_tequila_0026,data/synthetic_slots/v1/dataset/images/train/cocoashot_tequila/cocoashot_tequila_0026.jpg,train,occupied,cocoashot_tequila,Tequila,IMG_1981_c002,IMG_1981.jpg,manual_polygon,IMG_2022_r03_c01.jpg,IMG_2022.jpg,16,174,25,24,20260917
cocoashot_tequila_0027,data/synthetic_slots/v1/dataset/images/train/cocoashot_tequila/cocoashot_tequila_0027.jpg,train,occupied,cocoashot_tequila,Tequila,IMG_1981_c002,IMG_1981.jpg,manual_polygon,IMG_2029_r05_c04.jpg,IMG_2029.jpg,30,159,34,32,20260917
cocoashot_tequila_0028,data/synthetic_slots/v1/dataset/images/train/cocoashot_tequila/cocoashot_tequila_0028.jpg,train,occupied,cocoashot_tequila,Tequila,IMG_1981_c002,IMG_1981.jpg,manual_polygon,IMG_2033_r09_c05.jpg,IMG_2033.jpg,50,185,14,20,20260917
cocoashot_tequila_0029,data/synthetic_slots/v1/dataset/images/train/cocoashot_tequila/cocoashot_tequila_0029.jpg,train,occupied,cocoashot_tequila,Tequila,IMG_1981_c002,IMG_1981.jpg,manual_polygon,IMG_2019_r01_c02.jpg,IMG_2019.jpg,6,181,22,18,20260917
cocoashot_tequila_0030,data/synthetic_slots/v1/dataset/images/train/cocoashot_tequila/cocoashot_tequila_0030.jpg,train,occupied,cocoashot_tequila,Tequila,IMG_1981_c002,IMG_1981.jpg,manual_polygon,IMG_2024_r01_c03.jpg,IMG_2024.jpg,16,145,48,44,20260917
cocoashot_tequila_0031,data/synthetic_slots/v1/dataset/images/train/cocoashot_tequila/cocoashot_tequila_0031.jpg,train,occupied,cocoashot_tequila,Tequila,IMG_1981_c002,IMG_1981.jpg,manual_polygon,IMG_2027_r03_c04.jpg,IMG_2027.jpg,30,165,30,41,20260917
cocoashot_tequila_0032,data/synthetic_slots/v1/dataset/images/train/cocoashot_tequila/cocoashot_tequila_0032.jpg,train,occupied,cocoashot_tequila,Tequila,IMG_1981_c002,IMG_1981.jpg,manual_polygon,IMG_2032_r06_c05.jpg,IMG_2032.jpg,50,150,41,38,20260917
cocoashot_tequila_0033,data/synthetic_slots/v1/dataset/images/train/cocoashot_tequila/cocoashot_tequila_0033.jpg,train,occupied,cocoashot_tequila,Tequila,IMG_1981_c002,IMG_1981.jpg,manual_polygon,IMG_2019_r02_c01.jpg,IMG_2019.jpg,6,151,42,46,20260917
cocoashot_tequila_0034,data/synthetic_slots/v1/dataset/images/train/cocoashot_tequila/cocoashot_tequila_0034.jpg,train,occupied,cocoashot_tequila,Tequila,IMG_1981_c002,IMG_1981.jpg,manual_polygon,IMG_2025_r04_c02.jpg,IMG_2025.jpg,16,170,33,26,20260917
cocoashot_tequila_0035,data/synthetic_slots/v1/dataset/images/train/cocoashot_tequila/cocoashot_tequila_0035.jpg,train,occupied,cocoashot_tequila,Tequila,IMG_1981_c002,IMG_1981.jpg,manual_polygon,IMG_2027_r02_c04.jpg,IMG_2027.jpg,30,171,21,28,20260917
cocoashot_tequila_0036,data/synthetic_slots/v1/dataset/images/train/cocoashot_tequila/cocoashot_tequila_0036.jpg,train,occupied,cocoashot_tequila,Tequila,IMG_1981_c002,IMG_1981.jpg,manual_polygon,IMG_2033_r05_c01.jpg,IMG_2033.jpg,50,178,28,19,20260917
cocoashot_tequila_0037,data/synthetic_slots/v1/dataset/images/train/cocoashot_tequila/cocoashot_tequila_0037.jpg,train,occupied,cocoashot_tequila,Tequila,IMG_1981_c002,IMG_1981.jpg,manual_polygon,IMG_2019_r01_c02.jpg,IMG_2019.jpg,6,169,26,33,20260917
cocoashot_tequila_0038,data/synthetic_slots/v1/dataset/images/train/cocoashot_tequila/cocoashot_tequila_0038.jpg,train,occupied,cocoashot_tequila,Tequila,IMG_1981_c002,IMG_1981.jpg,manual_polygon,IMG_2022_r01_c03.jpg,IMG_2022.jpg,16,146,38,43,20260917
cocoashot_tequila_0039,data/synthetic_slots/v1/dataset/images/train/cocoashot_tequila/cocoashot_tequila_0039.jpg,train,occupied,cocoashot_tequila,Tequila,IMG_1981_c002,IMG_1981.jpg,manual_polygon,IMG_2028_r04_c03.jpg,IMG_2028.jpg,30,184,27,16,20260917
cocoashot_tequila_0040,data/synthetic_slots/v1/dataset/images/train/cocoashot_tequila/cocoashot_tequila_0040.jpg,train,occupied,cocoashot_tequila,Tequila,IMG_1981_c002,IMG_1981.jpg,manual_polygon,IMG_2031_r03_c05.jpg,IMG_2031.jpg,50,150,43,35,20260917
cocoashot_tequila_0041,data/synthetic_slots/v1/dataset/images/train/cocoashot_tequila/cocoashot_tequila_0041.jpg,train,occupied,cocoashot_tequila,Tequila,IMG_1981_c002,IMG_1981.jpg,manual_polygon,IMG_2021_r03_c02.jpg,IMG_2021.jpg,6,184,21,26,20260917
cocoashot_tequila_0042,data/synthetic_slots/v1/dataset/images/train/cocoashot_tequila/cocoashot_tequila_0042.jpg,train,occupied,cocoashot_tequila,Tequila,IMG_1981_c002,IMG_1981.jpg,manual_polygon,IMG_2026_r01_c03.jpg,IMG_2026.jpg,16,153,36,36,20260917
cocoashot_tequila_0043,data/synthetic_slots/v1/dataset/images/train/cocoashot_tequila/cocoashot_tequila_0043.jpg,train,occupied,cocoashot_tequila,Tequila,IMG_1981_c002,IMG_1981.jpg,manual_polygon,IMG_2029_r05_c04.jpg,IMG_2029.jpg,30,181,18,31,20260917
cocoashot_tequila_0044,data/synthetic_slots/v1/dataset/images/train/cocoashot_tequila/cocoashot_tequila_0044.jpg,train,occupied,cocoashot_tequila,Tequila,IMG_1981_c002,IMG_1981.jpg,manual_polygon,IMG_2033_r02_c03.jpg,IMG_2033.jpg,50,179,24,21,20260917
cocoashot_tequila_0045,data/synthetic_slots/v1/dataset/images/train/cocoashot_tequila/cocoashot_tequila_0045.jpg,train,occupied,cocoashot_tequila,Tequila,IMG_1981_c002,IMG_1981.jpg,manual_polygon,IMG_2021_r03_c01.jpg,IMG_2021.jpg,6,157,33,37,20260917
cocoashot_tequila_0046,data/synthetic_slots/v1/dataset/images/train/cocoashot_tequila/cocoashot_tequila_0046.jpg,train,occupied,cocoashot_tequila,Tequila,IMG_1981_c002,IMG_1981.jpg,manual_polygon,IMG_2025_r03_c01.jpg,IMG_2025.jpg,16,152,39,34,20260917
cocoashot_tequila_0047,data/synthetic_slots/v1/dataset/images/train/cocoashot_tequila/cocoashot_tequila_0047.jpg,train,occupied,cocoashot_tequila,Tequila,IMG_1981_c002,IMG_1981.jpg,manual_polygon,IMG_2028_r01_c04.jpg,IMG_2028.jpg,30,169,32,33,20260917
cocoashot_tequila_0048,data/synthetic_slots/v1/dataset/images/train/cocoashot_tequila/cocoashot_tequila_0048.jpg,train,occupied,cocoashot_tequila,Tequila,IMG_1981_c002,IMG_1981.jpg,manual_polygon,IMG_2033_r03_c03.jpg,IMG_2033.jpg,50,175,30,21,20260917
cocoashot_tequila_0049,data/synthetic_slots/v1/dataset/images/train/cocoashot_tequila/cocoashot_tequila_0049.jpg,train,occupied,cocoashot_tequila,Tequila,IMG_1981_c002,IMG_1981.jpg,manual_polygon,IMG_2021_r03_c02.jpg,IMG_2021.jpg,6,156,27,29,20260917
cocoashot_tequila_0050,data/synthetic_slots/v1/dataset/images/train/cocoashot_tequila/cocoashot_tequila_0050.jpg,train,occupied,cocoashot_tequila,Tequila,IMG_1981_c002,IMG_1981.jpg,manual_polygon,IMG_2025_r01_c04.jpg,IMG_2025.jpg,16,177,20,30,20260917
cocoashot_tequila_0051,data/synthetic_slots/v1/dataset/images/train/cocoashot_tequila/cocoashot_tequila_0051.jpg,train,occupied,cocoashot_tequila,Tequila,IMG_1981_c002,IMG_1981.jpg,manual_polygon,IMG_2028_r06_c05.jpg,IMG_2028.jpg,30,157,25,37,20260917
cocoashot_tequila_0052,data/synthetic_slots/v1/dataset/images/train/cocoashot_tequila/cocoashot_tequila_0052.jpg,train,occupied,cocoashot_tequila,Tequila,IMG_1981_c002,IMG_1981.jpg,manual_polygon,IMG_2033_r06_c05.jpg,IMG_2033.jpg,50,164,34,31,20260917
cocoashot_tequila_0053,data/synthetic_slots/v1/dataset/images/train/cocoashot_tequila/cocoashot_tequila_0053.jpg,train,occupied,cocoashot_tequila,Tequila,IMG_1981_c002,IMG_1981.jpg,manual_polygon,IMG_2019_r02_c02.jpg,IMG_2019.jpg,6,149,41,46,20260917
cocoashot_tequila_0054,data/synthetic_slots/v1/dataset/images/train/cocoashot_tequila/cocoashot_tequila_0054.jpg,train,occupied,cocoashot_tequila,Tequila,IMG_1981_c002,IMG_1981.jpg,manual_polygon,IMG_2024_r04_c03.jpg,IMG_2024.jpg,16,175,30,25,20260917
cocoashot_tequila_0055,data/synthetic_slots/v1/dataset/images/train/cocoashot_tequila/cocoashot_tequila_0055.jpg,train,occupied,cocoashot_tequila,Tequila,IMG_1981_c002,IMG_1981.jpg,manual_polygon,IMG_2027_r03_c02.jpg,IMG_2027.jpg,30,180,17,20,20260917
cocoashot_tequila_0056,data/synthetic_slots/v1/dataset/images/train/cocoashot_tequila/cocoashot_tequila_0056.jpg,train,occupied,cocoashot_tequila,Tequila,IMG_1981_c002,IMG_1981.jpg,manual_polygon,IMG_2032_r06_c01.jpg,IMG_2032.jpg,50,160,29,40,20260917
cocoashot_tequila_0057,data/synthetic_slots/v1/dataset/images/train/cocoashot_tequila/cocoashot_tequila_0057.jpg,train,occupied,cocoashot_tequila,Tequila,IMG_1981_c002,IMG_1981.jpg,manual_polygon,IMG_2021_r01_c01.jpg,IMG_2021.jpg,6,174,20,23,20260917
cocoashot_tequila_0058,data/synthetic_slots/v1/dataset/images/train/cocoashot_tequila/cocoashot_tequila_0058.jpg,train,occupied,cocoashot_tequila,Tequila,IMG_1981_c002,IMG_1981.jpg,manual_polygon,IMG_2025_r01_c01.jpg,IMG_2025.jpg,16,164,33,29,20260917
cocoashot_tequila_0059,data/synthetic_slots/v1/dataset/images/train/cocoashot_tequila/cocoashot_tequila_0059.jpg,train,occupied,cocoashot_tequila,Tequila,IMG_1981_c002,IMG_1981.jpg,manual_polygon,IMG_2029_r03_c02.jpg,IMG_2029.jpg,30,184,25,29,20260917
cocoashot_tequila_0060,data/synthetic_slots/v1/dataset/images/train/cocoashot_tequila/cocoashot_tequila_0060.jpg,train,occupied,cocoashot_tequila,Tequila,IMG_1981_c002,IMG_1981.jpg,manual_polygon,IMG_2031_r07_c03.jpg,IMG_2031.jpg,50,148,46,43,20260917
cocoashot_tequila_0061,data/synthetic_slots/v1/dataset/images/train/cocoashot_tequila/cocoashot_tequila_0061.jpg,train,occupied,cocoashot_tequila,Tequila,IMG_1981_c002,IMG_1981.jpg,manual_polygon,IMG_2021_r03_c01.jpg,IMG_2021.jpg,6,154,43,45,20260917
cocoashot_tequila_0062,data/synthetic_slots/v1/dataset/images/train/cocoashot_tequila/cocoashot_tequila_0062.jpg,train,occupied,cocoashot_tequila,Tequila,IMG_1981_c002,IMG_1981.jpg,manual_polygon,IMG_2024_r04_c02.jpg,IMG_2024.jpg,16,172,21,30,20260917
cocoashot_tequila_0063,data/synthetic_slots/v1/dataset/images/train/cocoashot_tequila/cocoashot_tequila_0063.jpg,train,occupied,cocoashot_tequila,Tequila,IMG_1981_c002,IMG_1981.jpg,manual_polygon,IMG_2028_r01_c02.jpg,IMG_2028.jpg,30,171,29,22,20260917
cocoashot_tequila_0064,data/synthetic_slots/v1/dataset/images/train/cocoashot_tequila/cocoashot_tequila_0064.jpg,train,occupied,cocoashot_tequila,Tequila,IMG_1981_c002,IMG_1981.jpg,manual_polygon,IMG_2032_r09_c05.jpg,IMG_2032.jpg,50,152,30,44,20260917
cocoashot_tequila_0065,data/synthetic_slots/v1/dataset/images/train/cocoashot_tequila/cocoashot_tequila_0065.jpg,train,occupied,cocoashot_tequila,Tequila,IMG_1981_c002,IMG_1981.jpg,manual_polygon,IMG_2019_r01_c02.jpg,IMG_2019.jpg,6,155,37,45,20260917
cocoashot_tequila_0066,data/synthetic_slots/v1/dataset/images/train/cocoashot_tequila/cocoashot_tequila_0066.jpg,train,occupied,cocoashot_tequila,Tequila,IMG_1981_c002,IMG_1981.jpg,manual_polygon,IMG_2026_r02_c01.jpg,IMG_2026.jpg,16,172,17,32,20260917
cocoashot_tequila_0067,data/synthetic_slots/v1/dataset/images/train/cocoashot_tequila/cocoashot_tequila_0067.jpg,train,occupied,cocoashot_tequila,Tequila,IMG_1981_c002,IMG_1981.jpg,manual_polygon,IMG_2029_r03_c03.jpg,IMG_2029.jpg,30,145,34,40,20260917
cocoashot_tequila_0068,data/synthetic_slots/v1/dataset/images/train/cocoashot_tequila/cocoashot_tequila_0068.jpg,train,occupied,cocoashot_tequila,Tequila,IMG_1981_c002,IMG_1981.jpg,manual_polygon,IMG_2031_r08_c04.jpg,IMG_2031.jpg,50,185,17,23,20260917
cocoashot_tequila_0069,data/synthetic_slots/v1/dataset/images/train/cocoashot_tequila/cocoashot_tequila_0069.jpg,train,occupied,cocoashot_tequila,Tequila,IMG_1981_c002,IMG_1981.jpg,manual_polygon,IMG_2021_r03_c02.jpg,IMG_2021.jpg,6,173,31,34,20260917
cocoashot_tequila_0070,data/synthetic_slots/v1/dataset/images/train/cocoashot_tequila/cocoashot_tequila_0070.jpg,train,occupied,cocoashot_tequila,Tequila,IMG_1981_c002,IMG_1981.jpg,manual_polygon,IMG_2026_r02_c04.jpg,IMG_2026.jpg,16,178,21,24,20260917
cocoashot_tequila_0071,data/synthetic_slots/v1/dataset/images/train/cocoashot_tequila/cocoashot_tequila_0071.jpg,train,occupied,cocoashot_tequila,Tequila,IMG_1981_c002,IMG_1981.jpg,manual_polygon,IMG_2028_r02_c03.jpg,IMG_2028.jpg,30,170,35,20,20260917
cocoashot_tequila_0072,data/synthetic_slots/v1/dataset/images/train/cocoashot_tequila/cocoashot_tequila_0072.jpg,train,occupied,cocoashot_tequila,Tequila,IMG_1981_c002,IMG_1981.jpg,manual_polygon,IMG_2031_r05_c05.jpg,IMG_2031.jpg,50,165,25,35,20260917
cocoashot_tequila_0073,data/synthetic_slots/v1/dataset/images/train/cocoashot_tequila/cocoashot_tequila_0073.jpg,train,occupied,cocoashot_tequila,Tequila,IMG_1981_c002,IMG_1981.jpg,manual_polygon,IMG_2021_r02_c01.jpg,IMG_2021.jpg,6,174,29,28,20260917
cocoashot_tequila_0074,data/synthetic_slots/v1/dataset/images/train/cocoashot_tequila/cocoashot_tequila_0074.jpg,train,occupied,cocoashot_tequila,Tequila,IMG_1981_c002,IMG_1981.jpg,manual_polygon,IMG_2022_r01_c03.jpg,IMG_2022.jpg,16,158,36,27,20260917
cocoashot_tequila_0075,data/synthetic_slots/v1/dataset/images/train/cocoashot_tequila/cocoashot_tequila_0075.jpg,train,occupied,cocoashot_tequila,Tequila,IMG_1981_c002,IMG_1981.jpg,manual_polygon,IMG_2027_r03_c04.jpg,IMG_2027.jpg,30,156,30,31,20260917
cocoashot_tequila_0076,data/synthetic_slots/v1/dataset/images/train/cocoashot_tequila/cocoashot_tequila_0076.jpg,train,occupied,cocoashot_tequila,Tequila,IMG_1981_c002,IMG_1981.jpg,manual_polygon,IMG_2033_r04_c03.jpg,IMG_2033.jpg,50,175,31,21,20260917
cocoashot_tequila_0077,data/synthetic_slots/v1/dataset/images/train/cocoashot_tequila/cocoashot_tequila_0077.jpg,train,occupied,cocoashot_tequila,Tequila,IMG_1981_c002,IMG_1981.jpg,manual_polygon,IMG_2019_r02_c02.jpg,IMG_2019.jpg,6,164,23,40,20260917
cocoashot_tequila_0078,data/synthetic_slots/v1/dataset/images/train/cocoashot_tequila/cocoashot_tequila_0078.jpg,train,occupied,cocoashot_tequila,Tequila,IMG_1981_c002,IMG_1981.jpg,manual_polygon,IMG_2022_r03_c02.jpg,IMG_2022.jpg,16,168,23,37,20260917
cocoashot_tequila_0079,data/synthetic_slots/v1/dataset/images/train/cocoashot_tequila/cocoashot_tequila_0079.jpg,train,occupied,cocoashot_tequila,Tequila,IMG_1981_c002,IMG_1981.jpg,manual_polygon,IMG_2028_r02_c02.jpg,IMG_2028.jpg,30,170,33,24,20260917
cocoashot_tequila_0080,data/synthetic_slots/v1/dataset/images/train/cocoashot_tequila/cocoashot_tequila_0080.jpg,train,occupied,cocoashot_tequila,Tequila,IMG_1981_c002,IMG_1981.jpg,manual_polygon,IMG_2031_r06_c05.jpg,IMG_2031.jpg,50,183,17,15,20260917
cocoashot_tequila_0081,data/synthetic_slots/v1/dataset/images/validation/cocoashot_tequila/cocoashot_tequila_0081.jpg,validation,occupied,cocoashot_tequila,Tequila,IMG_1981_c002,IMG_1981.jpg,manual_polygon,IMG_2020_r03_c02.jpg,IMG_2020.jpg,6,181,13,24,20260917
cocoashot_tequila_0082,data/synthetic_slots/v1/dataset/images/validation/cocoashot_tequila/cocoashot_tequila_0082.jpg,validation,occupied,cocoashot_tequila,Tequila,IMG_1981_c002,IMG_1981.jpg,manual_polygon,IMG_2023_r01_c04.jpg,IMG_2023.jpg,16,160,29,33,20260917
cocoashot_tequila_0083,data/synthetic_slots/v1/dataset/images/validation/cocoashot_tequila/cocoashot_tequila_0083.jpg,validation,occupied,cocoashot_tequila,Tequila,IMG_1981_c002,IMG_1981.jpg,manual_polygon,IMG_2030_r01_c01.jpg,IMG_2030.jpg,30,184,13,31,20260917
cocoashot_tequila_0084,data/synthetic_slots/v1/dataset/images/validation/cocoashot_tequila/cocoashot_tequila_0084.jpg,validation,occupied,cocoashot_tequila,Tequila,IMG_1981_c002,IMG_1981.jpg,manual_polygon,IMG_2034_r04_c04.jpg,IMG_2034.jpg,50,156,29,34,20260917
cocoashot_tequila_0085,data/synthetic_slots/v1/dataset/images/validation/cocoashot_tequila/cocoashot_tequila_0085.jpg,validation,occupied,cocoashot_tequila,Tequila,IMG_1981_c002,IMG_1981.jpg,manual_polygon,IMG_2020_r01_c01.jpg,IMG_2020.jpg,6,159,25,28,20260917
cocoashot_tequila_0086,data/synthetic_slots/v1/dataset/images/validation/cocoashot_tequila/cocoashot_tequila_0086.jpg,validation,occupied,cocoashot_tequila,Tequila,IMG_1981_c002,IMG_1981.jpg,manual_polygon,IMG_2023_r01_c01.jpg,IMG_2023.jpg,16,170,30,29,20260917
cocoashot_tequila_0087,data/synthetic_slots/v1/dataset/images/validation/cocoashot_tequila/cocoashot_tequila_0087.jpg,validation,occupied,cocoashot_tequila,Tequila,IMG_1981_c002,IMG_1981.jpg,manual_polygon,IMG_2030_r01_c01.jpg,IMG_2030.jpg,30,160,24,27,20260917
cocoashot_tequila_0088,data/synthetic_slots/v1/dataset/images/validation/cocoashot_tequila/cocoashot_tequila_0088.jpg,validation,occupied,cocoashot_tequila,Tequila,IMG_1981_c002,IMG_1981.jpg,manual_polygon,IMG_2034_r07_c04.jpg,IMG_2034.jpg,50,173,26,29,20260917
cocoashot_tequila_0089,data/synthetic_slots/v1/dataset/images/validation/cocoashot_tequila/cocoashot_tequila_0089.jpg,validation,occupied,cocoashot_tequila,Tequila,IMG_1981_c002,IMG_1981.jpg,manual_polygon,IMG_2020_r01_c01.jpg,IMG_2020.jpg,6,185,15,13,20260917
cocoashot_tequila_0090,data/synthetic_slots/v1/dataset/images/validation/cocoashot_tequila/cocoashot_tequila_0090.jpg,validation,occupied,cocoashot_tequila,Tequila,IMG_1981_c002,IMG_1981.jpg,manual_polygon,IMG_2023_r02_c03.jpg,IMG_2023.jpg,16,162,24,37,20260917
cocoashot_tequila_0091,data/synthetic_slots/v1/dataset/images/validation/cocoashot_tequila/cocoashot_tequila_0091.jpg,validation,occupied,cocoashot_tequila,Tequila,IMG_1981_c002,IMG_1981.jpg,manual_polygon,IMG_2030_r03_c02.jpg,IMG_2030.jpg,30,179,27,28,20260917
cocoashot_tequila_0092,data/synthetic_slots/v1/dataset/images/validation/cocoashot_tequila/cocoashot_tequila_0092.jpg,validation,occupied,cocoashot_tequila,Tequila,IMG_1981_c002,IMG_1981.jpg,manual_polygon,IMG_2034_r09_c05.jpg,IMG_2034.jpg,50,152,28,33,20260917
cocoashot_tequila_0093,data/synthetic_slots/v1/dataset/images/validation/cocoashot_tequila/cocoashot_tequila_0093.jpg,validation,occupied,cocoashot_tequila,Tequila,IMG_1981_c002,IMG_1981.jpg,manual_polygon,IMG_2020_r03_c01.jpg,IMG_2020.jpg,6,150,36,31,20260917
cocoashot_tequila_0094,data/synthetic_slots/v1/dataset/images/validation/cocoashot_tequila/cocoashot_tequila_0094.jpg,validation,occupied,cocoashot_tequila,Tequila,IMG_1981_c002,IMG_1981.jpg,manual_polygon,IMG_2023_r02_c01.jpg,IMG_2023.jpg,16,179,16,21,20260917
cocoashot_tequila_0095,data/synthetic_slots/v1/dataset/images/validation/cocoashot_tequila/cocoashot_tequila_0095.jpg,validation,occupied,cocoashot_tequila,Tequila,IMG_1981_c002,IMG_1981.jpg,manual_polygon,IMG_2030_r06_c03.jpg,IMG_2030.jpg,30,156,34,28,20260917
cocoashot_tequila_0096,data/synthetic_slots/v1/dataset/images/validation/cocoashot_tequila/cocoashot_tequila_0096.jpg,validation,occupied,cocoashot_tequila,Tequila,IMG_1981_c002,IMG_1981.jpg,manual_polygon,IMG_2034_r04_c02.jpg,IMG_2034.jpg,50,155,31,34,20260917
cocoashot_tequila_0097,data/synthetic_slots/v1/dataset/images/validation/cocoashot_tequila/cocoashot_tequila_0097.jpg,validation,occupied,cocoashot_tequila,Tequila,IMG_1981_c002,IMG_1981.jpg,manual_polygon,IMG_2020_r01_c01.jpg,IMG_2020.jpg,6,148,46,31,20260917
cocoashot_tequila_0098,data/synthetic_slots/v1/dataset/images/validation/cocoashot_tequila/cocoashot_tequila_0098.jpg,validation,occupied,cocoashot_tequila,Tequila,IMG_1981_c002,IMG_1981.jpg,manual_polygon,IMG_2023_r03_c02.jpg,IMG_2023.jpg,16,154,38,32,20260917
cocoashot_tequila_0099,data/synthetic_slots/v1/dataset/images/validation/cocoashot_tequila/cocoashot_tequila_0099.jpg,validation,occupied,cocoashot_tequila,Tequila,IMG_1981_c002,IMG_1981.jpg,manual_polygon,IMG_2030_r02_c01.jpg,IMG_2030.jpg,30,162,28,39,20260917
cocoashot_tequila_0100,data/synthetic_slots/v1/dataset/images/validation/cocoashot_tequila/cocoashot_tequila_0100.jpg,validation,occupied,cocoashot_tequila,Tequila,IMG_1981_c002,IMG_1981.jpg,manual_polygon,IMG_2034_r06_c01.jpg,IMG_2034.jpg,50,174,26,34,20260917
cocoashot_whiskey_0001,data/synthetic_slots/v1/dataset/images/train/cocoashot_whiskey/cocoashot_whiskey_0001.jpg,train,occupied,cocoashot_whiskey,Whiskey,IMG_1983_c010,IMG_1983.jpg,expanded_u2net,IMG_2021_r01_c01.jpg,IMG_2021.jpg,6,164,27,23,20260917
cocoashot_whiskey_0002,data/synthetic_slots/v1/dataset/images/train/cocoashot_whiskey/cocoashot_whiskey_0002.jpg,train,occupied,cocoashot_whiskey,Whiskey,IMG_1983_c010,IMG_1983.jpg,expanded_u2net,IMG_2022_r03_c02.jpg,IMG_2022.jpg,16,159,31,38,20260917
cocoashot_whiskey_0003,data/synthetic_slots/v1/dataset/images/train/cocoashot_whiskey/cocoashot_whiskey_0003.jpg,train,occupied,cocoashot_whiskey,Whiskey,IMG_1983_c010,IMG_1983.jpg,expanded_u2net,IMG_2027_r02_c05.jpg,IMG_2027.jpg,30,145,38,33,20260917
cocoashot_whiskey_0004,data/synthetic_slots/v1/dataset/images/train/cocoashot_whiskey/cocoashot_whiskey_0004.jpg,train,occupied,cocoashot_whiskey,Whiskey,IMG_1983_c010,IMG_1983.jpg,expanded_u2net,IMG_2033_r08_c04.jpg,IMG_2033.jpg,50,165,41,29,20260917
cocoashot_whiskey_0005,data/synthetic_slots/v1/dataset/images/train/cocoashot_whiskey/cocoashot_whiskey_0005.jpg,train,occupied,cocoashot_whiskey,Whiskey,IMG_1983_c010,IMG_1983.jpg,expanded_u2net,IMG_2019_r03_c01.jpg,IMG_2019.jpg,6,182,32,17,20260917
cocoashot_whiskey_0006,data/synthetic_slots/v1/dataset/images/train/cocoashot_whiskey/cocoashot_whiskey_0006.jpg,train,occupied,cocoashot_whiskey,Whiskey,IMG_1983_c010,IMG_1983.jpg,expanded_u2net,IMG_2022_r04_c02.jpg,IMG_2022.jpg,16,180,19,16,20260917
cocoashot_whiskey_0007,data/synthetic_slots/v1/dataset/images/train/cocoashot_whiskey/cocoashot_whiskey_0007.jpg,train,occupied,cocoashot_whiskey,Whiskey,IMG_1983_c010,IMG_1983.jpg,expanded_u2net,IMG_2029_r03_c02.jpg,IMG_2029.jpg,30,150,42,37,20260917
cocoashot_whiskey_0008,data/synthetic_slots/v1/dataset/images/train/cocoashot_whiskey/cocoashot_whiskey_0008.jpg,train,occupied,cocoashot_whiskey,Whiskey,IMG_1983_c010,IMG_1983.jpg,expanded_u2net,IMG_2033_r10_c02.jpg,IMG_2033.jpg,50,171,35,22,20260917
cocoashot_whiskey_0009,data/synthetic_slots/v1/dataset/images/train/cocoashot_whiskey/cocoashot_whiskey_0009.jpg,train,occupied,cocoashot_whiskey,Whiskey,IMG_1983_c010,IMG_1983.jpg,expanded_u2net,IMG_2019_r02_c01.jpg,IMG_2019.jpg,6,152,36,35,20260917
cocoashot_whiskey_0010,data/synthetic_slots/v1/dataset/images/train/cocoashot_whiskey/cocoashot_whiskey_0010.jpg,train,occupied,cocoashot_whiskey,Whiskey,IMG_1983_c010,IMG_1983.jpg,expanded_u2net,IMG_2025_r02_c04.jpg,IMG_2025.jpg,16,162,41,39,20260917
cocoashot_whiskey_0011,data/synthetic_slots/v1/dataset/images/train/cocoashot_whiskey/cocoashot_whiskey_0011.jpg,train,occupied,cocoashot_whiskey,Whiskey,IMG_1983_c010,IMG_1983.jpg,expanded_u2net,IMG_2028_r06_c05.jpg,IMG_2028.jpg,30,150,32,43,20260917
cocoashot_whiskey_0012,data/synthetic_slots/v1/dataset/images/train/cocoashot_whiskey/cocoashot_whiskey_0012.jpg,train,occupied,cocoashot_whiskey,Whiskey,IMG_1983_c010,IMG_1983.jpg,expanded_u2net,IMG_2033_r10_c01.jpg,IMG_2033.jpg,50,177,29,17,20260917
cocoashot_whiskey_0013,data/synthetic_slots/v1/dataset/images/train/cocoashot_whiskey/cocoashot_whiskey_0013.jpg,train,occupied,cocoashot_whiskey,Whiskey,IMG_1983_c010,IMG_1983.jpg,expanded_u2net,IMG_2021_r01_c01.jpg,IMG_2021.jpg,6,152,36,38,20260917
cocoashot_whiskey_0014,data/synthetic_slots/v1/dataset/images/train/cocoashot_whiskey/cocoashot_whiskey_0014.jpg,train,occupied,cocoashot_whiskey,Whiskey,IMG_1983_c010,IMG_1983.jpg,expanded_u2net,IMG_2024_r03_c04.jpg,IMG_2024.jpg,16,155,38,41,20260917
cocoashot_whiskey_0015,data/synthetic_slots/v1/dataset/images/train/cocoashot_whiskey/cocoashot_whiskey_0015.jpg,train,occupied,cocoashot_whiskey,Whiskey,IMG_1983_c010,IMG_1983.jpg,expanded_u2net,IMG_2029_r06_c02.jpg,IMG_2029.jpg,30,179,17,14,20260917
cocoashot_whiskey_0016,data/synthetic_slots/v1/dataset/images/train/cocoashot_whiskey/cocoashot_whiskey_0016.jpg,train,occupied,cocoashot_whiskey,Whiskey,IMG_1983_c010,IMG_1983.jpg,expanded_u2net,IMG_2032_r03_c05.jpg,IMG_2032.jpg,50,154,43,39,20260917
cocoashot_whiskey_0017,data/synthetic_slots/v1/dataset/images/train/cocoashot_whiskey/cocoashot_whiskey_0017.jpg,train,occupied,cocoashot_whiskey,Whiskey,IMG_1983_c010,IMG_1983.jpg,expanded_u2net,IMG_2019_r02_c01.jpg,IMG_2019.jpg,6,160,39,29,20260917
cocoashot_whiskey_0018,data/synthetic_slots/v1/dataset/images/train/cocoashot_whiskey/cocoashot_whiskey_0018.jpg,train,occupied,cocoashot_whiskey,Whiskey,IMG_1983_c010,IMG_1983.jpg,expanded_u2net,IMG_2025_r02_c01.jpg,IMG_2025.jpg,16,155,33,28,20260917
cocoashot_whiskey_0019,data/synthetic_slots/v1/dataset/images/train/cocoashot_whiskey/cocoashot_whiskey_0019.jpg,train,occupied,cocoashot_whiskey,Whiskey,IMG_1983_c010,IMG_1983.jpg,expanded_u2net,IMG_2027_r06_c03.jpg,IMG_2027.jpg,30,179,28,24,20260917
cocoashot_whiskey_0020,data/synthetic_slots/v1/dataset/images/train/cocoashot_whiskey/cocoashot_whiskey_0020.jpg,train,occupied,cocoashot_whiskey,Whiskey,IMG_1983_c010,IMG_1983.jpg,expanded_u2net,IMG_2033_r01_c05.jpg,IMG_2033.jpg,50,184,26,22,20260917
cocoashot_whiskey_0021,data/synthetic_slots/v1/dataset/images/train/cocoashot_whiskey/cocoashot_whiskey_0021.jpg,train,occupied,cocoashot_whiskey,Whiskey,IMG_1983_c010,IMG_1983.jpg,expanded_u2net,IMG_2019_r03_c01.jpg,IMG_2019.jpg,6,170,26,31,20260917
cocoashot_whiskey_0022,data/synthetic_slots/v1/dataset/images/train/cocoashot_whiskey/cocoashot_whiskey_0022.jpg,train,occupied,cocoashot_whiskey,Whiskey,IMG_1983_c010,IMG_1983.jpg,expanded_u2net,IMG_2026_r01_c03.jpg,IMG_2026.jpg,16,157,45,27,20260917
cocoashot_whiskey_0023,data/synthetic_slots/v1/dataset/images/train/cocoashot_whiskey/cocoashot_whiskey_0023.jpg,train,occupied,cocoashot_whiskey,Whiskey,IMG_1983_c010,IMG_1983.jpg,expanded_u2net,IMG_2028_r01_c01.jpg,IMG_2028.jpg,30,176,29,24,20260917
cocoashot_whiskey_0024,data/synthetic_slots/v1/dataset/images/train/cocoashot_whiskey/cocoashot_whiskey_0024.jpg,train,occupied,cocoashot_whiskey,Whiskey,IMG_1983_c010,IMG_1983.jpg,expanded_u2net,IMG_2032_r10_c01.jpg,IMG_2032.jpg,50,173,27,31,20260917
cocoashot_whiskey_0025,data/synthetic_slots/v1/dataset/images/train/cocoashot_whiskey/cocoashot_whiskey_0025.jpg,train,occupied,cocoashot_whiskey,Whiskey,IMG_1983_c010,IMG_1983.jpg,expanded_u2net,IMG_2019_r01_c02.jpg,IMG_2019.jpg,6,150,31,31,20260917
cocoashot_whiskey_0026,data/synthetic_slots/v1/dataset/images/train/cocoashot_whiskey/cocoashot_whiskey_0026.jpg,train,occupied,cocoashot_whiskey,Whiskey,IMG_1983_c010,IMG_1983.jpg,expanded_u2net,IMG_2024_r04_c04.jpg,IMG_2024.jpg,16,145,41,39,20260917
cocoashot_whiskey_0027,data/synthetic_slots/v1/dataset/images/train/cocoashot_whiskey/cocoashot_whiskey_0027.jpg,train,occupied,cocoashot_whiskey,Whiskey,IMG_1983_c010,IMG_1983.jpg,expanded_u2net,IMG_2029_r04_c04.jpg,IMG_2029.jpg,30,159,41,39,20260917
cocoashot_whiskey_0028,data/synthetic_slots/v1/dataset/images/train/cocoashot_whiskey/cocoashot_whiskey_0028.jpg,train,occupied,cocoashot_whiskey,Whiskey,IMG_1983_c010,IMG_1983.jpg,expanded_u2net,IMG_2033_r09_c02.jpg,IMG_2033.jpg,50,166,28,38,20260917
cocoashot_whiskey_0029,data/synthetic_slots/v1/dataset/images/train/cocoashot_whiskey/cocoashot_whiskey_0029.jpg,train,occupied,cocoashot_whiskey,Whiskey,IMG_1983_c010,IMG_1983.jpg,expanded_u2net,IMG_2019_r01_c01.jpg,IMG_2019.jpg,6,177,20,23,20260917
cocoashot_whiskey_0030,data/synthetic_slots/v1/dataset/images/train/cocoashot_whiskey/cocoashot_whiskey_0030.jpg,train,occupied,cocoashot_whiskey,Whiskey,IMG_1983_c010,IMG_1983.jpg,expanded_u2net,IMG_2024_r01_c02.jpg,IMG_2024.jpg,16,165,39,30,20260917
cocoashot_whiskey_0031,data/synthetic_slots/v1/dataset/images/train/cocoashot_whiskey/cocoashot_whiskey_0031.jpg,train,occupied,cocoashot_whiskey,Whiskey,IMG_1983_c010,IMG_1983.jpg,expanded_u2net,IMG_2029_r05_c03.jpg,IMG_2029.jpg,30,168,24,29,20260917
cocoashot_whiskey_0032,data/synthetic_slots/v1/dataset/images/train/cocoashot_whiskey/cocoashot_whiskey_0032.jpg,train,occupied,cocoashot_whiskey,Whiskey,IMG_1983_c010,IMG_1983.jpg,expanded_u2net,IMG_2032_r05_c02.jpg,IMG_2032.jpg,50,155,30,33,20260917
cocoashot_whiskey_0033,data/synthetic_slots/v1/dataset/images/train/cocoashot_whiskey/cocoashot_whiskey_0033.jpg,train,occupied,cocoashot_whiskey,Whiskey,IMG_1983_c010,IMG_1983.jpg,expanded_u2net,IMG_2021_r02_c01.jpg,IMG_2021.jpg,6,161,26,37,20260917
cocoashot_whiskey_0034,data/synthetic_slots/v1/dataset/images/train/cocoashot_whiskey/cocoashot_whiskey_0034.jpg,train,occupied,cocoashot_whiskey,Whiskey,IMG_1983_c010,IMG_1983.jpg,expanded_u2net,IMG_2025_r03_c01.jpg,IMG_2025.jpg,16,161,35,40,20260917
cocoashot_whiskey_0035,data/synthetic_slots/v1/dataset/images/train/cocoashot_whiskey/cocoashot_whiskey_0035.jpg,train,occupied,cocoashot_whiskey,Whiskey,IMG_1983_c010,IMG_1983.jpg,expanded_u2net,IMG_2029_r02_c01.jpg,IMG_2029.jpg,30,154,34,33,20260917
cocoashot_whiskey_0036,data/synthetic_slots/v1/dataset/images/train/cocoashot_whiskey/cocoashot_whiskey_0036.jpg,train,occupied,cocoashot_whiskey,Whiskey,IMG_1983_c010,IMG_1983.jpg,expanded_u2net,IMG_2031_r08_c03.jpg,IMG_2031.jpg,50,166,24,35,20260917
cocoashot_whiskey_0037,data/synthetic_slots/v1/dataset/images/train/cocoashot_whiskey/cocoashot_whiskey_0037.jpg,train,occupied,cocoashot_whiskey,Whiskey,IMG_1983_c010,IMG_1983.jpg,expanded_u2net,IMG_2019_r03_c02.jpg,IMG_2019.jpg,6,161,28,23,20260917
cocoashot_whiskey_0038,data/synthetic_slots/v1/dataset/images/train/cocoashot_whiskey/cocoashot_whiskey_0038.jpg,train,occupied,cocoashot_whiskey,Whiskey,IMG_1983_c010,IMG_1983.jpg,expanded_u2net,IMG_2026_r03_c02.jpg,IMG_2026.jpg,16,176,33,32,20260917
cocoashot_whiskey_0039,data/synthetic_slots/v1/dataset/images/train/cocoashot_whiskey/cocoashot_whiskey_0039.jpg,train,occupied,cocoashot_whiskey,Whiskey,IMG_1983_c010,IMG_1983.jpg,expanded_u2net,IMG_2027_r02_c03.jpg,IMG_2027.jpg,30,178,22,18,20260917
cocoashot_whiskey_0040,data/synthetic_slots/v1/dataset/images/train/cocoashot_whiskey/cocoashot_whiskey_0040.jpg,train,occupied,cocoashot_whiskey,Whiskey,IMG_1983_c010,IMG_1983.jpg,expanded_u2net,IMG_2033_r09_c01.jpg,IMG_2033.jpg,50,156,37,35,20260917
cocoashot_whiskey_0041,data/synthetic_slots/v1/dataset/images/train/cocoashot_whiskey/cocoashot_whiskey_0041.jpg,train,occupied,cocoashot_whiskey,Whiskey,IMG_1983_c010,IMG_1983.jpg,expanded_u2net,IMG_2019_r01_c02.jpg,IMG_2019.jpg,6,161,29,36,20260917
cocoashot_whiskey_0042,data/synthetic_slots/v1/dataset/images/train/cocoashot_whiskey/cocoashot_whiskey_0042.jpg,train,occupied,cocoashot_whiskey,Whiskey,IMG_1983_c010,IMG_1983.jpg,expanded_u2net,IMG_2025_r03_c01.jpg,IMG_2025.jpg,16,146,32,47,20260917
cocoashot_whiskey_0043,data/synthetic_slots/v1/dataset/images/train/cocoashot_whiskey/cocoashot_whiskey_0043.jpg,train,occupied,cocoashot_whiskey,Whiskey,IMG_1983_c010,IMG_1983.jpg,expanded_u2net,IMG_2028_r01_c05.jpg,IMG_2028.jpg,30,169,35,36,20260917
cocoashot_whiskey_0044,data/synthetic_slots/v1/dataset/images/train/cocoashot_whiskey/cocoashot_whiskey_0044.jpg,train,occupied,cocoashot_whiskey,Whiskey,IMG_1983_c010,IMG_1983.jpg,expanded_u2net,IMG_2033_r10_c04.jpg,IMG_2033.jpg,50,156,30,36,20260917
cocoashot_whiskey_0045,data/synthetic_slots/v1/dataset/images/train/cocoashot_whiskey/cocoashot_whiskey_0045.jpg,train,occupied,cocoashot_whiskey,Whiskey,IMG_1983_c010,IMG_1983.jpg,expanded_u2net,IMG_2019_r02_c01.jpg,IMG_2019.jpg,6,183,17,26,20260917
cocoashot_whiskey_0046,data/synthetic_slots/v1/dataset/images/train/cocoashot_whiskey/cocoashot_whiskey_0046.jpg,train,occupied,cocoashot_whiskey,Whiskey,IMG_1983_c010,IMG_1983.jpg,expanded_u2net,IMG_2026_r02_c03.jpg,IMG_2026.jpg,16,175,28,24,20260917
cocoashot_whiskey_0047,data/synthetic_slots/v1/dataset/images/train/cocoashot_whiskey/cocoashot_whiskey_0047.jpg,train,occupied,cocoashot_whiskey,Whiskey,IMG_1983_c010,IMG_1983.jpg,expanded_u2net,IMG_2029_r06_c05.jpg,IMG_2029.jpg,30,175,26,23,20260917
cocoashot_whiskey_0048,data/synthetic_slots/v1/dataset/images/train/cocoashot_whiskey/cocoashot_whiskey_0048.jpg,train,occupied,cocoashot_whiskey,Whiskey,IMG_1983_c010,IMG_1983.jpg,expanded_u2net,IMG_2033_r04_c03.jpg,IMG_2033.jpg,50,171,38,20,20260917
cocoashot_whiskey_0049,data/synthetic_slots/v1/dataset/images/train/cocoashot_whiskey/cocoashot_whiskey_0049.jpg,train,occupied,cocoashot_whiskey,Whiskey,IMG_1983_c010,IMG_1983.jpg,expanded_u2net,IMG_2021_r02_c01.jpg,IMG_2021.jpg,6,182,26,30,20260917
cocoashot_whiskey_0050,data/synthetic_slots/v1/dataset/images/train/cocoashot_whiskey/cocoashot_whiskey_0050.jpg,train,occupied,cocoashot_whiskey,Whiskey,IMG_1983_c010,IMG_1983.jpg,expanded_u2net,IMG_2025_r01_c03.jpg,IMG_2025.jpg,16,177,32,14,20260917
cocoashot_whiskey_0051,data/synthetic_slots/v1/dataset/images/train/cocoashot_whiskey/cocoashot_whiskey_0051.jpg,train,occupied,cocoashot_whiskey,Whiskey,IMG_1983_c010,IMG_1983.jpg,expanded_u2net,IMG_2027_r01_c03.jpg,IMG_2027.jpg,30,160,33,31,20260917
cocoashot_whiskey_0052,data/synthetic_slots/v1/dataset/images/train/cocoashot_whiskey/cocoashot_whiskey_0052.jpg,train,occupied,cocoashot_whiskey,Whiskey,IMG_1983_c010,IMG_1983.jpg,expanded_u2net,IMG_2032_r08_c02.jpg,IMG_2032.jpg,50,148,44,29,20260917
cocoashot_whiskey_0053,data/synthetic_slots/v1/dataset/images/train/cocoashot_whiskey/cocoashot_whiskey_0053.jpg,train,occupied,cocoashot_whiskey,Whiskey,IMG_1983_c010,IMG_1983.jpg,expanded_u2net,IMG_2021_r01_c01.jpg,IMG_2021.jpg,6,179,17,20,20260917
cocoashot_whiskey_0054,data/synthetic_slots/v1/dataset/images/train/cocoashot_whiskey/cocoashot_whiskey_0054.jpg,train,occupied,cocoashot_whiskey,Whiskey,IMG_1983_c010,IMG_1983.jpg,expanded_u2net,IMG_2024_r01_c03.jpg,IMG_2024.jpg,16,159,26,36,20260917
cocoashot_whiskey_0055,data/synthetic_slots/v1/dataset/images/train/cocoashot_whiskey/cocoashot_whiskey_0055.jpg,train,occupied,cocoashot_whiskey,Whiskey,IMG_1983_c010,IMG_1983.jpg,expanded_u2net,IMG_2029_r02_c03.jpg,IMG_2029.jpg,30,148,49,40,20260917
cocoashot_whiskey_0056,data/synthetic_slots/v1/dataset/images/train/cocoashot_whiskey/cocoashot_whiskey_0056.jpg,train,occupied,cocoashot_whiskey,Whiskey,IMG_1983_c010,IMG_1983.jpg,expanded_u2net,IMG_2033_r10_c01.jpg,IMG_2033.jpg,50,147,35,31,20260917
cocoashot_whiskey_0057,data/synthetic_slots/v1/dataset/images/train/cocoashot_whiskey/cocoashot_whiskey_0057.jpg,train,occupied,cocoashot_whiskey,Whiskey,IMG_1983_c010,IMG_1983.jpg,expanded_u2net,IMG_2021_r01_c02.jpg,IMG_2021.jpg,6,149,40,35,20260917
cocoashot_whiskey_0058,data/synthetic_slots/v1/dataset/images/train/cocoashot_whiskey/cocoashot_whiskey_0058.jpg,train,occupied,cocoashot_whiskey,Whiskey,IMG_1983_c010,IMG_1983.jpg,expanded_u2net,IMG_2025_r01_c04.jpg,IMG_2025.jpg,16,173,27,20,20260917
cocoashot_whiskey_0059,data/synthetic_slots/v1/dataset/images/train/cocoashot_whiskey/cocoashot_whiskey_0059.jpg,train,occupied,cocoashot_whiskey,Whiskey,IMG_1983_c010,IMG_1983.jpg,expanded_u2net,IMG_2029_r04_c04.jpg,IMG_2029.jpg,30,177,20,15,20260917
cocoashot_whiskey_0060,data/synthetic_slots/v1/dataset/images/train/cocoashot_whiskey/cocoashot_whiskey_0060.jpg,train,occupied,cocoashot_whiskey,Whiskey,IMG_1983_c010,IMG_1983.jpg,expanded_u2net,IMG_2033_r03_c05.jpg,IMG_2033.jpg,50,157,39,27,20260917
cocoashot_whiskey_0061,data/synthetic_slots/v1/dataset/images/train/cocoashot_whiskey/cocoashot_whiskey_0061.jpg,train,occupied,cocoashot_whiskey,Whiskey,IMG_1983_c010,IMG_1983.jpg,expanded_u2net,IMG_2021_r03_c02.jpg,IMG_2021.jpg,6,145,35,33,20260917
cocoashot_whiskey_0062,data/synthetic_slots/v1/dataset/images/train/cocoashot_whiskey/cocoashot_whiskey_0062.jpg,train,occupied,cocoashot_whiskey,Whiskey,IMG_1983_c010,IMG_1983.jpg,expanded_u2net,IMG_2024_r02_c02.jpg,IMG_2024.jpg,16,185,19,26,20260917
cocoashot_whiskey_0063,data/synthetic_slots/v1/dataset/images/train/cocoashot_whiskey/cocoashot_whiskey_0063.jpg,train,occupied,cocoashot_whiskey,Whiskey,IMG_1983_c010,IMG_1983.jpg,expanded_u2net,IMG_2028_r02_c05.jpg,IMG_2028.jpg,30,170,35,22,20260917
cocoashot_whiskey_0064,data/synthetic_slots/v1/dataset/images/train/cocoashot_whiskey/cocoashot_whiskey_0064.jpg,train,occupied,cocoashot_whiskey,Whiskey,IMG_1983_c010,IMG_1983.jpg,expanded_u2net,IMG_2031_r10_c02.jpg,IMG_2031.jpg,50,155,31,28,20260917
cocoashot_whiskey_0065,data/synthetic_slots/v1/dataset/images/train/cocoashot_whiskey/cocoashot_whiskey_0065.jpg,train,occupied,cocoashot_whiskey,Whiskey,IMG_1983_c010,IMG_1983.jpg,expanded_u2net,IMG_2021_r03_c01.jpg,IMG_2021.jpg,6,166,32,27,20260917
cocoashot_whiskey_0066,data/synthetic_slots/v1/dataset/images/train/cocoashot_whiskey/cocoashot_whiskey_0066.jpg,train,occupied,cocoashot_whiskey,Whiskey,IMG_1983_c010,IMG_1983.jpg,expanded_u2net,IMG_2025_r04_c01.jpg,IMG_2025.jpg,16,167,21,20,20260917
cocoashot_whiskey_0067,data/synthetic_slots/v1/dataset/images/train/cocoashot_whiskey/cocoashot_whiskey_0067.jpg,train,occupied,cocoashot_whiskey,Whiskey,IMG_1983_c010,IMG_1983.jpg,expanded_u2net,IMG_2028_r01_c02.jpg,IMG_2028.jpg,30,148,46,38,20260917
cocoashot_whiskey_0068,data/synthetic_slots/v1/dataset/images/train/cocoashot_whiskey/cocoashot_whiskey_0068.jpg,train,occupied,cocoashot_whiskey,Whiskey,IMG_1983_c010,IMG_1983.jpg,expanded_u2net,IMG_2033_r05_c03.jpg,IMG_2033.jpg,50,167,36,22,20260917
cocoashot_whiskey_0069,data/synthetic_slots/v1/dataset/images/train/cocoashot_whiskey/cocoashot_whiskey_0069.jpg,train,occupied,cocoashot_whiskey,Whiskey,IMG_1983_c010,IMG_1983.jpg,expanded_u2net,IMG_2021_r03_c02.jpg,IMG_2021.jpg,6,146,47,31,20260917
cocoashot_whiskey_0070,data/synthetic_slots/v1/dataset/images/train/cocoashot_whiskey/cocoashot_whiskey_0070.jpg,train,occupied,cocoashot_whiskey,Whiskey,IMG_1983_c010,IMG_1983.jpg,expanded_u2net,IMG_2025_r02_c01.jpg,IMG_2025.jpg,16,180,30,20,20260917
cocoashot_whiskey_0071,data/synthetic_slots/v1/dataset/images/train/cocoashot_whiskey/cocoashot_whiskey_0071.jpg,train,occupied,cocoashot_whiskey,Whiskey,IMG_1983_c010,IMG_1983.jpg,expanded_u2net,IMG_2027_r02_c02.jpg,IMG_2027.jpg,30,185,27,11,20260917
cocoashot_whiskey_0072,data/synthetic_slots/v1/dataset/images/train/cocoashot_whiskey/cocoashot_whiskey_0072.jpg,train,occupied,cocoashot_whiskey,Whiskey,IMG_1983_c010,IMG_1983.jpg,expanded_u2net,IMG_2031_r04_c02.jpg,IMG_2031.jpg,50,146,37,37,20260917
cocoashot_whiskey_0073,data/synthetic_slots/v1/dataset/images/train/cocoashot_whiskey/cocoashot_whiskey_0073.jpg,train,occupied,cocoashot_whiskey,Whiskey,IMG_1983_c010,IMG_1983.jpg,expanded_u2net,IMG_2021_r02_c01.jpg,IMG_2021.jpg,6,151,47,30,20260917
cocoashot_whiskey_0074,data/synthetic_slots/v1/dataset/images/train/cocoashot_whiskey/cocoashot_whiskey_0074.jpg,train,occupied,cocoashot_whiskey,Whiskey,IMG_1983_c010,IMG_1983.jpg,expanded_u2net,IMG_2022_r03_c01.jpg,IMG_2022.jpg,16,151,37,31,20260917
cocoashot_whiskey_0075,data/synthetic_slots/v1/dataset/images/train/cocoashot_whiskey/cocoashot_whiskey_0075.jpg,train,occupied,cocoashot_whiskey,Whiskey,IMG_1983_c010,IMG_1983.jpg,expanded_u2net,IMG_2027_r01_c04.jpg,IMG_2027.jpg,30,183,22,21,20260917
cocoashot_whiskey_0076,data/synthetic_slots/v1/dataset/images/train/cocoashot_whiskey/cocoashot_whiskey_0076.jpg,train,occupied,cocoashot_whiskey,Whiskey,IMG_1983_c010,IMG_1983.jpg,expanded_u2net,IMG_2033_r05_c03.jpg,IMG_2033.jpg,50,180,23,13,20260917
cocoashot_whiskey_0077,data/synthetic_slots/v1/dataset/images/train/cocoashot_whiskey/cocoashot_whiskey_0077.jpg,train,occupied,cocoashot_whiskey,Whiskey,IMG_1983_c010,IMG_1983.jpg,expanded_u2net,IMG_2019_r01_c01.jpg,IMG_2019.jpg,6,146,32,35,20260917
cocoashot_whiskey_0078,data/synthetic_slots/v1/dataset/images/train/cocoashot_whiskey/cocoashot_whiskey_0078.jpg,train,occupied,cocoashot_whiskey,Whiskey,IMG_1983_c010,IMG_1983.jpg,expanded_u2net,IMG_2022_r02_c03.jpg,IMG_2022.jpg,16,178,30,23,20260917
cocoashot_whiskey_0079,data/synthetic_slots/v1/dataset/images/train/cocoashot_whiskey/cocoashot_whiskey_0079.jpg,train,occupied,cocoashot_whiskey,Whiskey,IMG_1983_c010,IMG_1983.jpg,expanded_u2net,IMG_2028_r03_c05.jpg,IMG_2028.jpg,30,183,20,25,20260917
cocoashot_whiskey_0080,data/synthetic_slots/v1/dataset/images/train/cocoashot_whiskey/cocoashot_whiskey_0080.jpg,train,occupied,cocoashot_whiskey,Whiskey,IMG_1983_c010,IMG_1983.jpg,expanded_u2net,IMG_2031_r03_c03.jpg,IMG_2031.jpg,50,176,20,33,20260917
cocoashot_whiskey_0081,data/synthetic_slots/v1/dataset/images/validation/cocoashot_whiskey/cocoashot_whiskey_0081.jpg,validation,occupied,cocoashot_whiskey,Whiskey,IMG_1983_c010,IMG_1983.jpg,expanded_u2net,IMG_2020_r01_c01.jpg,IMG_2020.jpg,6,164,24,39,20260917
cocoashot_whiskey_0082,data/synthetic_slots/v1/dataset/images/validation/cocoashot_whiskey/cocoashot_whiskey_0082.jpg,validation,occupied,cocoashot_whiskey,Whiskey,IMG_1983_c010,IMG_1983.jpg,expanded_u2net,IMG_2023_r02_c04.jpg,IMG_2023.jpg,16,153,30,30,20260917
cocoashot_whiskey_0083,data/synthetic_slots/v1/dataset/images/validation/cocoashot_whiskey/cocoashot_whiskey_0083.jpg,validation,occupied,cocoashot_whiskey,Whiskey,IMG_1983_c010,IMG_1983.jpg,expanded_u2net,IMG_2030_r04_c01.jpg,IMG_2030.jpg,30,162,23,28,20260917
cocoashot_whiskey_0084,data/synthetic_slots/v1/dataset/images/validation/cocoashot_whiskey/cocoashot_whiskey_0084.jpg,validation,occupied,cocoashot_whiskey,Whiskey,IMG_1983_c010,IMG_1983.jpg,expanded_u2net,IMG_2034_r05_c01.jpg,IMG_2034.jpg,50,157,35,38,20260917
cocoashot_whiskey_0085,data/synthetic_slots/v1/dataset/images/validation/cocoashot_whiskey/cocoashot_whiskey_0085.jpg,validation,occupied,cocoashot_whiskey,Whiskey,IMG_1983_c010,IMG_1983.jpg,expanded_u2net,IMG_2020_r02_c01.jpg,IMG_2020.jpg,6,177,21,17,20260917
cocoashot_whiskey_0086,data/synthetic_slots/v1/dataset/images/validation/cocoashot_whiskey/cocoashot_whiskey_0086.jpg,validation,occupied,cocoashot_whiskey,Whiskey,IMG_1983_c010,IMG_1983.jpg,expanded_u2net,IMG_2023_r01_c04.jpg,IMG_2023.jpg,16,175,30,29,20260917
cocoashot_whiskey_0087,data/synthetic_slots/v1/dataset/images/validation/cocoashot_whiskey/cocoashot_whiskey_0087.jpg,validation,occupied,cocoashot_whiskey,Whiskey,IMG_1983_c010,IMG_1983.jpg,expanded_u2net,IMG_2030_r03_c04.jpg,IMG_2030.jpg,30,159,33,35,20260917
cocoashot_whiskey_0088,data/synthetic_slots/v1/dataset/images/validation/cocoashot_whiskey/cocoashot_whiskey_0088.jpg,validation,occupied,cocoashot_whiskey,Whiskey,IMG_1983_c010,IMG_1983.jpg,expanded_u2net,IMG_2034_r02_c04.jpg,IMG_2034.jpg,50,183,29,23,20260917
cocoashot_whiskey_0089,data/synthetic_slots/v1/dataset/images/validation/cocoashot_whiskey/cocoashot_whiskey_0089.jpg,validation,occupied,cocoashot_whiskey,Whiskey,IMG_1983_c010,IMG_1983.jpg,expanded_u2net,IMG_2020_r02_c02.jpg,IMG_2020.jpg,6,181,17,13,20260917
cocoashot_whiskey_0090,data/synthetic_slots/v1/dataset/images/validation/cocoashot_whiskey/cocoashot_whiskey_0090.jpg,validation,occupied,cocoashot_whiskey,Whiskey,IMG_1983_c010,IMG_1983.jpg,expanded_u2net,IMG_2023_r01_c02.jpg,IMG_2023.jpg,16,173,27,25,20260917
cocoashot_whiskey_0091,data/synthetic_slots/v1/dataset/images/validation/cocoashot_whiskey/cocoashot_whiskey_0091.jpg,validation,occupied,cocoashot_whiskey,Whiskey,IMG_1983_c010,IMG_1983.jpg,expanded_u2net,IMG_2030_r06_c04.jpg,IMG_2030.jpg,30,150,48,46,20260917
cocoashot_whiskey_0092,data/synthetic_slots/v1/dataset/images/validation/cocoashot_whiskey/cocoashot_whiskey_0092.jpg,validation,occupied,cocoashot_whiskey,Whiskey,IMG_1983_c010,IMG_1983.jpg,expanded_u2net,IMG_2034_r01_c05.jpg,IMG_2034.jpg,50,166,39,20,20260917
cocoashot_whiskey_0093,data/synthetic_slots/v1/dataset/images/validation/cocoashot_whiskey/cocoashot_whiskey_0093.jpg,validation,occupied,cocoashot_whiskey,Whiskey,IMG_1983_c010,IMG_1983.jpg,expanded_u2net,IMG_2020_r02_c02.jpg,IMG_2020.jpg,6,157,42,25,20260917
cocoashot_whiskey_0094,data/synthetic_slots/v1/dataset/images/validation/cocoashot_whiskey/cocoashot_whiskey_0094.jpg,validation,occupied,cocoashot_whiskey,Whiskey,IMG_1983_c010,IMG_1983.jpg,expanded_u2net,IMG_2023_r04_c02.jpg,IMG_2023.jpg,16,156,35,38,20260917
cocoashot_whiskey_0095,data/synthetic_slots/v1/dataset/images/validation/cocoashot_whiskey/cocoashot_whiskey_0095.jpg,validation,occupied,cocoashot_whiskey,Whiskey,IMG_1983_c010,IMG_1983.jpg,expanded_u2net,IMG_2030_r04_c03.jpg,IMG_2030.jpg,30,184,15,23,20260917
cocoashot_whiskey_0096,data/synthetic_slots/v1/dataset/images/validation/cocoashot_whiskey/cocoashot_whiskey_0096.jpg,validation,occupied,cocoashot_whiskey,Whiskey,IMG_1983_c010,IMG_1983.jpg,expanded_u2net,IMG_2034_r05_c03.jpg,IMG_2034.jpg,50,159,26,30,20260917
cocoashot_whiskey_0097,data/synthetic_slots/v1/dataset/images/validation/cocoashot_whiskey/cocoashot_whiskey_0097.jpg,validation,occupied,cocoashot_whiskey,Whiskey,IMG_1983_c010,IMG_1983.jpg,expanded_u2net,IMG_2020_r03_c02.jpg,IMG_2020.jpg,6,168,29,34,20260917
cocoashot_whiskey_0098,data/synthetic_slots/v1/dataset/images/validation/cocoashot_whiskey/cocoashot_whiskey_0098.jpg,validation,occupied,cocoashot_whiskey,Whiskey,IMG_1983_c010,IMG_1983.jpg,expanded_u2net,IMG_2023_r01_c02.jpg,IMG_2023.jpg,16,151,33,36,20260917
cocoashot_whiskey_0099,data/synthetic_slots/v1/dataset/images/validation/cocoashot_whiskey/cocoashot_whiskey_0099.jpg,validation,occupied,cocoashot_whiskey,Whiskey,IMG_1983_c010,IMG_1983.jpg,expanded_u2net,IMG_2030_r02_c01.jpg,IMG_2030.jpg,30,151,30,32,20260917
cocoashot_whiskey_0100,data/synthetic_slots/v1/dataset/images/validation/cocoashot_whiskey/cocoashot_whiskey_0100.jpg,validation,occupied,cocoashot_whiskey,Whiskey,IMG_1983_c010,IMG_1983.jpg,expanded_u2net,IMG_2034_r07_c02.jpg,IMG_2034.jpg,50,181,24,23,20260917
truffle_amaretto_0001,data/synthetic_slots/v1/dataset/images/train/truffle_amaretto/truffle_amaretto_0001.jpg,train,occupied,truffle_amaretto,Amaretto,IMG_1970_c020,IMG_1970.jpg,expanded_u2net,IMG_2021_r01_c01.jpg,IMG_2021.jpg,6,175,22,30,20260917
truffle_amaretto_0002,data/synthetic_slots/v1/dataset/images/train/truffle_amaretto/truffle_amaretto_0002.jpg,train,occupied,truffle_amaretto,Amaretto,IMG_1970_c020,IMG_1970.jpg,expanded_u2net,IMG_2025_r03_c01.jpg,IMG_2025.jpg,16,159,28,37,20260917
truffle_amaretto_0003,data/synthetic_slots/v1/dataset/images/train/truffle_amaretto/truffle_amaretto_0003.jpg,train,occupied,truffle_amaretto,Amaretto,IMG_1970_c020,IMG_1970.jpg,expanded_u2net,IMG_2029_r02_c04.jpg,IMG_2029.jpg,30,163,36,27,20260917
truffle_amaretto_0004,data/synthetic_slots/v1/dataset/images/train/truffle_amaretto/truffle_amaretto_0004.jpg,train,occupied,truffle_amaretto,Amaretto,IMG_1970_c020,IMG_1970.jpg,expanded_u2net,IMG_2033_r03_c05.jpg,IMG_2033.jpg,50,145,36,40,20260917
truffle_amaretto_0005,data/synthetic_slots/v1/dataset/images/train/truffle_amaretto/truffle_amaretto_0005.jpg,train,occupied,truffle_amaretto,Amaretto,IMG_1970_c020,IMG_1970.jpg,expanded_u2net,IMG_2019_r02_c02.jpg,IMG_2019.jpg,6,166,37,36,20260917
truffle_amaretto_0006,data/synthetic_slots/v1/dataset/images/train/truffle_amaretto/truffle_amaretto_0006.jpg,train,occupied,truffle_amaretto,Amaretto,IMG_1970_c020,IMG_1970.jpg,expanded_u2net,IMG_2024_r03_c03.jpg,IMG_2024.jpg,16,173,28,31,20260917
truffle_amaretto_0007,data/synthetic_slots/v1/dataset/images/train/truffle_amaretto/truffle_amaretto_0007.jpg,train,occupied,truffle_amaretto,Amaretto,IMG_1970_c020,IMG_1970.jpg,expanded_u2net,IMG_2029_r01_c02.jpg,IMG_2029.jpg,30,170,28,43,20260917
truffle_amaretto_0008,data/synthetic_slots/v1/dataset/images/train/truffle_amaretto/truffle_amaretto_0008.jpg,train,occupied,truffle_amaretto,Amaretto,IMG_1970_c020,IMG_1970.jpg,expanded_u2net,IMG_2032_r08_c05.jpg,IMG_2032.jpg,50,171,17,42,20260917
truffle_amaretto_0009,data/synthetic_slots/v1/dataset/images/train/truffle_amaretto/truffle_amaretto_0009.jpg,train,occupied,truffle_amaretto,Amaretto,IMG_1970_c020,IMG_1970.jpg,expanded_u2net,IMG_2021_r03_c02.jpg,IMG_2021.jpg,6,150,31,41,20260917
truffle_amaretto_0010,data/synthetic_slots/v1/dataset/images/train/truffle_amaretto/truffle_amaretto_0010.jpg,train,occupied,truffle_amaretto,Amaretto,IMG_1970_c020,IMG_1970.jpg,expanded_u2net,IMG_2022_r01_c01.jpg,IMG_2022.jpg,16,150,38,50,20260917
truffle_amaretto_0011,data/synthetic_slots/v1/dataset/images/train/truffle_amaretto/truffle_amaretto_0011.jpg,train,occupied,truffle_amaretto,Amaretto,IMG_1970_c020,IMG_1970.jpg,expanded_u2net,IMG_2027_r06_c01.jpg,IMG_2027.jpg,30,177,14,22,20260917
truffle_amaretto_0012,data/synthetic_slots/v1/dataset/images/train/truffle_amaretto/truffle_amaretto_0012.jpg,train,occupied,truffle_amaretto,Amaretto,IMG_1970_c020,IMG_1970.jpg,expanded_u2net,IMG_2032_r04_c05.jpg,IMG_2032.jpg,50,180,22,30,20260917
truffle_amaretto_0013,data/synthetic_slots/v1/dataset/images/train/truffle_amaretto/truffle_amaretto_0013.jpg,train,occupied,truffle_amaretto,Amaretto,IMG_1970_c020,IMG_1970.jpg,expanded_u2net,IMG_2021_r03_c02.jpg,IMG_2021.jpg,6,157,29,48,20260917
truffle_amaretto_0014,data/synthetic_slots/v1/dataset/images/train/truffle_amaretto/truffle_amaretto_0014.jpg,train,occupied,truffle_amaretto,Amaretto,IMG_1970_c020,IMG_1970.jpg,expanded_u2net,IMG_2025_r02_c01.jpg,IMG_2025.jpg,16,146,46,49,20260917
truffle_amaretto_0015,data/synthetic_slots/v1/dataset/images/train/truffle_amaretto/truffle_amaretto_0015.jpg,train,occupied,truffle_amaretto,Amaretto,IMG_1970_c020,IMG_1970.jpg,expanded_u2net,IMG_2027_r04_c03.jpg,IMG_2027.jpg,30,177,14,25,20260917
truffle_amaretto_0016,data/synthetic_slots/v1/dataset/images/train/truffle_amaretto/truffle_amaretto_0016.jpg,train,occupied,truffle_amaretto,Amaretto,IMG_1970_c020,IMG_1970.jpg,expanded_u2net,IMG_2032_r09_c04.jpg,IMG_2032.jpg,50,178,17,29,20260917
truffle_amaretto_0017,data/synthetic_slots/v1/dataset/images/train/truffle_amaretto/truffle_amaretto_0017.jpg,train,occupied,truffle_amaretto,Amaretto,IMG_1970_c020,IMG_1970.jpg,expanded_u2net,IMG_2021_r02_c02.jpg,IMG_2021.jpg,6,158,38,34,20260917
truffle_amaretto_0018,data/synthetic_slots/v1/dataset/images/train/truffle_amaretto/truffle_amaretto_0018.jpg,train,occupied,truffle_amaretto,Amaretto,IMG_1970_c020,IMG_1970.jpg,expanded_u2net,IMG_2024_r01_c04.jpg,IMG_2024.jpg,16,150,33,34,20260917
truffle_amaretto_0019,data/synthetic_slots/v1/dataset/images/train/truffle_amaretto/truffle_amaretto_0019.jpg,train,occupied,truffle_amaretto,Amaretto,IMG_1970_c020,IMG_1970.jpg,expanded_u2net,IMG_2027_r01_c02.jpg,IMG_2027.jpg,30,146,36,54,20260917
truffle_amaretto_0020,data/synthetic_slots/v1/dataset/images/train/truffle_amaretto/truffle_amaretto_0020.jpg,train,occupied,truffle_amaretto,Amaretto,IMG_1970_c020,IMG_1970.jpg,expanded_u2net,IMG_2031_r08_c03.jpg,IMG_2031.jpg,50,177,21,39,20260917
truffle_amaretto_0021,data/synthetic_slots/v1/dataset/images/train/truffle_amaretto/truffle_amaretto_0021.jpg,train,occupied,truffle_amaretto,Amaretto,IMG_1970_c020,IMG_1970.jpg,expanded_u2net,IMG_2019_r03_c01.jpg,IMG_2019.jpg,6,177,20,35,20260917
truffle_amaretto_0022,data/synthetic_slots/v1/dataset/images/train/truffle_amaretto/truffle_amaretto_0022.jpg,train,occupied,truffle_amaretto,Amaretto,IMG_1970_c020,IMG_1970.jpg,expanded_u2net,IMG_2026_r02_c01.jpg,IMG_2026.jpg,16,152,38,50,20260917
truffle_amaretto_0023,data/synthetic_slots/v1/dataset/images/train/truffle_amaretto/truffle_amaretto_0023.jpg,train,occupied,truffle_amaretto,Amaretto,IMG_1970_c020,IMG_1970.jpg,expanded_u2net,IMG_2029_r05_c05.jpg,IMG_2029.jpg,30,173,20,34,20260917
truffle_amaretto_0024,data/synthetic_slots/v1/dataset/images/train/truffle_amaretto/truffle_amaretto_0024.jpg,train,occupied,truffle_amaretto,Amaretto,IMG_1970_c020,IMG_1970.jpg,expanded_u2net,IMG_2033_r03_c01.jpg,IMG_2033.jpg,50,180,24,32,20260917
truffle_amaretto_0025,data/synthetic_slots/v1/dataset/images/train/truffle_amaretto/truffle_amaretto_0025.jpg,train,occupied,truffle_amaretto,Amaretto,IMG_1970_c020,IMG_1970.jpg,expanded_u2net,IMG_2019_r02_c02.jpg,IMG_2019.jpg,6,155,27,33,20260917
truffle_amaretto_0026,data/synthetic_slots/v1/dataset/images/train/truffle_amaretto/truffle_amaretto_0026.jpg,train,occupied,truffle_amaretto,Amaretto,IMG_1970_c020,IMG_1970.jpg,expanded_u2net,IMG_2026_r01_c02.jpg,IMG_2026.jpg,16,148,37,53,20260917
truffle_amaretto_0027,data/synthetic_slots/v1/dataset/images/train/truffle_amaretto/truffle_amaretto_0027.jpg,train,occupied,truffle_amaretto,Amaretto,IMG_1970_c020,IMG_1970.jpg,expanded_u2net,IMG_2027_r02_c04.jpg,IMG_2027.jpg,30,164,39,32,20260917
truffle_amaretto_0028,data/synthetic_slots/v1/dataset/images/train/truffle_amaretto/truffle_amaretto_0028.jpg,train,occupied,truffle_amaretto,Amaretto,IMG_1970_c020,IMG_1970.jpg,expanded_u2net,IMG_2032_r03_c01.jpg,IMG_2032.jpg,50,161,25,29,20260917
truffle_amaretto_0029,data/synthetic_slots/v1/dataset/images/train/truffle_amaretto/truffle_amaretto_0029.jpg,train,occupied,truffle_amaretto,Amaretto,IMG_1970_c020,IMG_1970.jpg,expanded_u2net,IMG_2019_r02_c01.jpg,IMG_2019.jpg,6,180,21,23,20260917
truffle_amaretto_0030,data/synthetic_slots/v1/dataset/images/train/truffle_amaretto/truffle_amaretto_0030.jpg,train,occupied,truffle_amaretto,Amaretto,IMG_1970_c020,IMG_1970.jpg,expanded_u2net,IMG_2022_r01_c02.jpg,IMG_2022.jpg,16,163,28,32,20260917
truffle_amaretto_0031,data/synthetic_slots/v1/dataset/images/train/truffle_amaretto/truffle_amaretto_0031.jpg,train,occupied,truffle_amaretto,Amaretto,IMG_1970_c020,IMG_1970.jpg,expanded_u2net,IMG_2028_r04_c05.jpg,IMG_2028.jpg,30,172,28,25,20260917
truffle_amaretto_0032,data/synthetic_slots/v1/dataset/images/train/truffle_amaretto/truffle_amaretto_0032.jpg,train,occupied,truffle_amaretto,Amaretto,IMG_1970_c020,IMG_1970.jpg,expanded_u2net,IMG_2031_r07_c02.jpg,IMG_2031.jpg,50,172,29,32,20260917
truffle_amaretto_0033,data/synthetic_slots/v1/dataset/images/train/truffle_amaretto/truffle_amaretto_0033.jpg,train,occupied,truffle_amaretto,Amaretto,IMG_1970_c020,IMG_1970.jpg,expanded_u2net,IMG_2021_r03_c01.jpg,IMG_2021.jpg,6,175,24,32,20260917
truffle_amaretto_0034,data/synthetic_slots/v1/dataset/images/train/truffle_amaretto/truffle_amaretto_0034.jpg,train,occupied,truffle_amaretto,Amaretto,IMG_1970_c020,IMG_1970.jpg,expanded_u2net,IMG_2025_r02_c01.jpg,IMG_2025.jpg,16,165,33,28,20260917
truffle_amaretto_0035,data/synthetic_slots/v1/dataset/images/train/truffle_amaretto/truffle_amaretto_0035.jpg,train,occupied,truffle_amaretto,Amaretto,IMG_1970_c020,IMG_1970.jpg,expanded_u2net,IMG_2027_r03_c05.jpg,IMG_2027.jpg,30,155,43,40,20260917
truffle_amaretto_0036,data/synthetic_slots/v1/dataset/images/train/truffle_amaretto/truffle_amaretto_0036.jpg,train,occupied,truffle_amaretto,Amaretto,IMG_1970_c020,IMG_1970.jpg,expanded_u2net,IMG_2033_r06_c02.jpg,IMG_2033.jpg,50,148,46,53,20260917
truffle_amaretto_0037,data/synthetic_slots/v1/dataset/images/train/truffle_amaretto/truffle_amaretto_0037.jpg,train,occupied,truffle_amaretto,Amaretto,IMG_1970_c020,IMG_1970.jpg,expanded_u2net,IMG_2021_r02_c01.jpg,IMG_2021.jpg,6,182,16,33,20260917
truffle_amaretto_0038,data/synthetic_slots/v1/dataset/images/train/truffle_amaretto/truffle_amaretto_0038.jpg,train,occupied,truffle_amaretto,Amaretto,IMG_1970_c020,IMG_1970.jpg,expanded_u2net,IMG_2026_r02_c01.jpg,IMG_2026.jpg,16,165,32,31,20260917
truffle_amaretto_0039,data/synthetic_slots/v1/dataset/images/train/truffle_amaretto/truffle_amaretto_0039.jpg,train,occupied,truffle_amaretto,Amaretto,IMG_1970_c020,IMG_1970.jpg,expanded_u2net,IMG_2028_r02_c04.jpg,IMG_2028.jpg,30,153,28,50,20260917
truffle_amaretto_0040,data/synthetic_slots/v1/dataset/images/train/truffle_amaretto/truffle_amaretto_0040.jpg,train,occupied,truffle_amaretto,Amaretto,IMG_1970_c020,IMG_1970.jpg,expanded_u2net,IMG_2031_r03_c05.jpg,IMG_2031.jpg,50,153,29,36,20260917
truffle_amaretto_0041,data/synthetic_slots/v1/dataset/images/train/truffle_amaretto/truffle_amaretto_0041.jpg,train,occupied,truffle_amaretto,Amaretto,IMG_1970_c020,IMG_1970.jpg,expanded_u2net,IMG_2019_r02_c01.jpg,IMG_2019.jpg,6,184,12,21,20260917
truffle_amaretto_0042,data/synthetic_slots/v1/dataset/images/train/truffle_amaretto/truffle_amaretto_0042.jpg,train,occupied,truffle_amaretto,Amaretto,IMG_1970_c020,IMG_1970.jpg,expanded_u2net,IMG_2022_r02_c01.jpg,IMG_2022.jpg,16,168,33,34,20260917
truffle_amaretto_0043,data/synthetic_slots/v1/dataset/images/train/truffle_amaretto/truffle_amaretto_0043.jpg,train,occupied,truffle_amaretto,Amaretto,IMG_1970_c020,IMG_1970.jpg,expanded_u2net,IMG_2029_r02_c05.jpg,IMG_2029.jpg,30,173,34,36,20260917
truffle_amaretto_0044,data/synthetic_slots/v1/dataset/images/train/truffle_amaretto/truffle_amaretto_0044.jpg,train,occupied,truffle_amaretto,Amaretto,IMG_1970_c020,IMG_1970.jpg,expanded_u2net,IMG_2031_r01_c04.jpg,IMG_2031.jpg,50,149,46,52,20260917
truffle_amaretto_0045,data/synthetic_slots/v1/dataset/images/train/truffle_amaretto/truffle_amaretto_0045.jpg,train,occupied,truffle_amaretto,Amaretto,IMG_1970_c020,IMG_1970.jpg,expanded_u2net,IMG_2019_r02_c01.jpg,IMG_2019.jpg,6,152,28,40,20260917
truffle_amaretto_0046,data/synthetic_slots/v1/dataset/images/train/truffle_amaretto/truffle_amaretto_0046.jpg,train,occupied,truffle_amaretto,Amaretto,IMG_1970_c020,IMG_1970.jpg,expanded_u2net,IMG_2026_r03_c02.jpg,IMG_2026.jpg,16,179,20,37,20260917
truffle_amaretto_0047,data/synthetic_slots/v1/dataset/images/train/truffle_amaretto/truffle_amaretto_0047.jpg,train,occupied,truffle_amaretto,Amaretto,IMG_1970_c020,IMG_1970.jpg,expanded_u2net,IMG_2028_r05_c04.jpg,IMG_2028.jpg,30,163,39,44,20260917
truffle_amaretto_0048,data/synthetic_slots/v1/dataset/images/train/truffle_amaretto/truffle_amaretto_0048.jpg,train,occupied,truffle_amaretto,Amaretto,IMG_1970_c020,IMG_1970.jpg,expanded_u2net,IMG_2031_r04_c04.jpg,IMG_2031.jpg,50,163,38,33,20260917
truffle_amaretto_0049,data/synthetic_slots/v1/dataset/images/train/truffle_amaretto/truffle_amaretto_0049.jpg,train,occupied,truffle_amaretto,Amaretto,IMG_1970_c020,IMG_1970.jpg,expanded_u2net,IMG_2019_r02_c01.jpg,IMG_2019.jpg,6,167,36,39,20260917
truffle_amaretto_0050,data/synthetic_slots/v1/dataset/images/train/truffle_amaretto/truffle_amaretto_0050.jpg,train,occupied,truffle_amaretto,Amaretto,IMG_1970_c020,IMG_1970.jpg,expanded_u2net,IMG_2025_r04_c01.jpg,IMG_2025.jpg,16,183,24,20,20260917
truffle_amaretto_0051,data/synthetic_slots/v1/dataset/images/train/truffle_amaretto/truffle_amaretto_0051.jpg,train,occupied,truffle_amaretto,Amaretto,IMG_1970_c020,IMG_1970.jpg,expanded_u2net,IMG_2027_r01_c02.jpg,IMG_2027.jpg,30,166,34,42,20260917
truffle_amaretto_0052,data/synthetic_slots/v1/dataset/images/train/truffle_amaretto/truffle_amaretto_0052.jpg,train,occupied,truffle_amaretto,Amaretto,IMG_1970_c020,IMG_1970.jpg,expanded_u2net,IMG_2031_r07_c03.jpg,IMG_2031.jpg,50,179,26,37,20260917
truffle_amaretto_0053,data/synthetic_slots/v1/dataset/images/train/truffle_amaretto/truffle_amaretto_0053.jpg,train,occupied,truffle_amaretto,Amaretto,IMG_1970_c020,IMG_1970.jpg,expanded_u2net,IMG_2021_r03_c01.jpg,IMG_2021.jpg,6,159,30,46,20260917
truffle_amaretto_0054,data/synthetic_slots/v1/dataset/images/train/truffle_amaretto/truffle_amaretto_0054.jpg,train,occupied,truffle_amaretto,Amaretto,IMG_1970_c020,IMG_1970.jpg,expanded_u2net,IMG_2025_r03_c03.jpg,IMG_2025.jpg,16,180,24,23,20260917
truffle_amaretto_0055,data/synthetic_slots/v1/dataset/images/train/truffle_amaretto/truffle_amaretto_0055.jpg,train,occupied,truffle_amaretto,Amaretto,IMG_1970_c020,IMG_1970.jpg,expanded_u2net,IMG_2028_r01_c01.jpg,IMG_2028.jpg,30,145,34,38,20260917
truffle_amaretto_0056,data/synthetic_slots/v1/dataset/images/train/truffle_amaretto/truffle_amaretto_0056.jpg,train,occupied,truffle_amaretto,Amaretto,IMG_1970_c020,IMG_1970.jpg,expanded_u2net,IMG_2033_r10_c03.jpg,IMG_2033.jpg,50,152,40,36,20260917
truffle_amaretto_0057,data/synthetic_slots/v1/dataset/images/train/truffle_amaretto/truffle_amaretto_0057.jpg,train,occupied,truffle_amaretto,Amaretto,IMG_1970_c020,IMG_1970.jpg,expanded_u2net,IMG_2021_r01_c01.jpg,IMG_2021.jpg,6,176,27,25,20260917
truffle_amaretto_0058,data/synthetic_slots/v1/dataset/images/train/truffle_amaretto/truffle_amaretto_0058.jpg,train,occupied,truffle_amaretto,Amaretto,IMG_1970_c020,IMG_1970.jpg,expanded_u2net,IMG_2025_r03_c04.jpg,IMG_2025.jpg,16,163,30,37,20260917
truffle_amaretto_0059,data/synthetic_slots/v1/dataset/images/train/truffle_amaretto/truffle_amaretto_0059.jpg,train,occupied,truffle_amaretto,Amaretto,IMG_1970_c020,IMG_1970.jpg,expanded_u2net,IMG_2028_r03_c04.jpg,IMG_2028.jpg,30,185,18,21,20260917
truffle_amaretto_0060,data/synthetic_slots/v1/dataset/images/train/truffle_amaretto/truffle_amaretto_0060.jpg,train,occupied,truffle_amaretto,Amaretto,IMG_1970_c020,IMG_1970.jpg,expanded_u2net,IMG_2031_r04_c03.jpg,IMG_2031.jpg,50,184,17,35,20260917
truffle_amaretto_0061,data/synthetic_slots/v1/dataset/images/train/truffle_amaretto/truffle_amaretto_0061.jpg,train,occupied,truffle_amaretto,Amaretto,IMG_1970_c020,IMG_1970.jpg,expanded_u2net,IMG_2021_r01_c02.jpg,IMG_2021.jpg,6,169,19,33,20260917
truffle_amaretto_0062,data/synthetic_slots/v1/dataset/images/train/truffle_amaretto/truffle_amaretto_0062.jpg,train,occupied,truffle_amaretto,Amaretto,IMG_1970_c020,IMG_1970.jpg,expanded_u2net,IMG_2024_r04_c01.jpg,IMG_2024.jpg,16,145,30,46,20260917
truffle_amaretto_0063,data/synthetic_slots/v1/dataset/images/train/truffle_amaretto/truffle_amaretto_0063.jpg,train,occupied,truffle_amaretto,Amaretto,IMG_1970_c020,IMG_1970.jpg,expanded_u2net,IMG_2027_r03_c04.jpg,IMG_2027.jpg,30,184,18,23,20260917
truffle_amaretto_0064,data/synthetic_slots/v1/dataset/images/train/truffle_amaretto/truffle_amaretto_0064.jpg,train,occupied,truffle_amaretto,Amaretto,IMG_1970_c020,IMG_1970.jpg,expanded_u2net,IMG_2033_r10_c03.jpg,IMG_2033.jpg,50,168,22,39,20260917
truffle_amaretto_0065,data/synthetic_slots/v1/dataset/images/train/truffle_amaretto/truffle_amaretto_0065.jpg,train,occupied,truffle_amaretto,Amaretto,IMG_1970_c020,IMG_1970.jpg,expanded_u2net,IMG_2019_r01_c01.jpg,IMG_2019.jpg,6,179,29,37,20260917
truffle_amaretto_0066,data/synthetic_slots/v1/dataset/images/train/truffle_amaretto/truffle_amaretto_0066.jpg,train,occupied,truffle_amaretto,Amaretto,IMG_1970_c020,IMG_1970.jpg,expanded_u2net,IMG_2024_r04_c01.jpg,IMG_2024.jpg,16,181,29,29,20260917
truffle_amaretto_0067,data/synthetic_slots/v1/dataset/images/train/truffle_amaretto/truffle_amaretto_0067.jpg,train,occupied,truffle_amaretto,Amaretto,IMG_1970_c020,IMG_1970.jpg,expanded_u2net,IMG_2029_r06_c04.jpg,IMG_2029.jpg,30,166,31,33,20260917
truffle_amaretto_0068,data/synthetic_slots/v1/dataset/images/train/truffle_amaretto/truffle_amaretto_0068.jpg,train,occupied,truffle_amaretto,Amaretto,IMG_1970_c020,IMG_1970.jpg,expanded_u2net,IMG_2033_r05_c04.jpg,IMG_2033.jpg,50,159,25,45,20260917
truffle_amaretto_0069,data/synthetic_slots/v1/dataset/images/train/truffle_amaretto/truffle_amaretto_0069.jpg,train,occupied,truffle_amaretto,Amaretto,IMG_1970_c020,IMG_1970.jpg,expanded_u2net,IMG_2019_r02_c01.jpg,IMG_2019.jpg,6,183,14,27,20260917
truffle_amaretto_0070,data/synthetic_slots/v1/dataset/images/train/truffle_amaretto/truffle_amaretto_0070.jpg,train,occupied,truffle_amaretto,Amaretto,IMG_1970_c020,IMG_1970.jpg,expanded_u2net,IMG_2022_r04_c04.jpg,IMG_2022.jpg,16,173,24,42,20260917
truffle_amaretto_0071,data/synthetic_slots/v1/dataset/images/train/truffle_amaretto/truffle_amaretto_0071.jpg,train,occupied,truffle_amaretto,Amaretto,IMG_1970_c020,IMG_1970.jpg,expanded_u2net,IMG_2027_r06_c03.jpg,IMG_2027.jpg,30,176,32,26,20260917
truffle_amaretto_0072,data/synthetic_slots/v1/dataset/images/train/truffle_amaretto/truffle_amaretto_0072.jpg,train,occupied,truffle_amaretto,Amaretto,IMG_1970_c020,IMG_1970.jpg,expanded_u2net,IMG_2032_r02_c02.jpg,IMG_2032.jpg,50,184,28,36,20260917
truffle_amaretto_0073,data/synthetic_slots/v1/dataset/images/train/truffle_amaretto/truffle_amaretto_0073.jpg,train,occupied,truffle_amaretto,Amaretto,IMG_1970_c020,IMG_1970.jpg,expanded_u2net,IMG_2019_r02_c01.jpg,IMG_2019.jpg,6,155,28,42,20260917
truffle_amaretto_0074,data/synthetic_slots/v1/dataset/images/train/truffle_amaretto/truffle_amaretto_0074.jpg,train,occupied,truffle_amaretto,Amaretto,IMG_1970_c020,IMG_1970.jpg,expanded_u2net,IMG_2025_r03_c04.jpg,IMG_2025.jpg,16,174,31,37,20260917
truffle_amaretto_0075,data/synthetic_slots/v1/dataset/images/train/truffle_amaretto/truffle_amaretto_0075.jpg,train,occupied,truffle_amaretto,Amaretto,IMG_1970_c020,IMG_1970.jpg,expanded_u2net,IMG_2027_r06_c04.jpg,IMG_2027.jpg,30,179,27,39,20260917
truffle_amaretto_0076,data/synthetic_slots/v1/dataset/images/train/truffle_amaretto/truffle_amaretto_0076.jpg,train,occupied,truffle_amaretto,Amaretto,IMG_1970_c020,IMG_1970.jpg,expanded_u2net,IMG_2031_r06_c05.jpg,IMG_2031.jpg,50,177,26,35,20260917
truffle_amaretto_0077,data/synthetic_slots/v1/dataset/images/train/truffle_amaretto/truffle_amaretto_0077.jpg,train,occupied,truffle_amaretto,Amaretto,IMG_1970_c020,IMG_1970.jpg,expanded_u2net,IMG_2021_r02_c01.jpg,IMG_2021.jpg,6,156,36,37,20260917
truffle_amaretto_0078,data/synthetic_slots/v1/dataset/images/train/truffle_amaretto/truffle_amaretto_0078.jpg,train,occupied,truffle_amaretto,Amaretto,IMG_1970_c020,IMG_1970.jpg,expanded_u2net,IMG_2025_r03_c03.jpg,IMG_2025.jpg,16,163,31,39,20260917
truffle_amaretto_0079,data/synthetic_slots/v1/dataset/images/train/truffle_amaretto/truffle_amaretto_0079.jpg,train,occupied,truffle_amaretto,Amaretto,IMG_1970_c020,IMG_1970.jpg,expanded_u2net,IMG_2028_r04_c01.jpg,IMG_2028.jpg,30,173,29,39,20260917
truffle_amaretto_0080,data/synthetic_slots/v1/dataset/images/train/truffle_amaretto/truffle_amaretto_0080.jpg,train,occupied,truffle_amaretto,Amaretto,IMG_1970_c020,IMG_1970.jpg,expanded_u2net,IMG_2033_r03_c05.jpg,IMG_2033.jpg,50,153,30,52,20260917
truffle_amaretto_0081,data/synthetic_slots/v1/dataset/images/validation/truffle_amaretto/truffle_amaretto_0081.jpg,validation,occupied,truffle_amaretto,Amaretto,IMG_1970_c020,IMG_1970.jpg,expanded_u2net,IMG_2020_r03_c02.jpg,IMG_2020.jpg,6,179,16,30,20260917
truffle_amaretto_0082,data/synthetic_slots/v1/dataset/images/validation/truffle_amaretto/truffle_amaretto_0082.jpg,validation,occupied,truffle_amaretto,Amaretto,IMG_1970_c020,IMG_1970.jpg,expanded_u2net,IMG_2023_r03_c04.jpg,IMG_2023.jpg,16,159,23,32,20260917
truffle_amaretto_0083,data/synthetic_slots/v1/dataset/images/validation/truffle_amaretto/truffle_amaretto_0083.jpg,validation,occupied,truffle_amaretto,Amaretto,IMG_1970_c020,IMG_1970.jpg,expanded_u2net,IMG_2030_r03_c04.jpg,IMG_2030.jpg,30,156,35,46,20260917
truffle_amaretto_0084,data/synthetic_slots/v1/dataset/images/validation/truffle_amaretto/truffle_amaretto_0084.jpg,validation,occupied,truffle_amaretto,Amaretto,IMG_1970_c020,IMG_1970.jpg,expanded_u2net,IMG_2034_r02_c02.jpg,IMG_2034.jpg,50,166,23,41,20260917
truffle_amaretto_0085,data/synthetic_slots/v1/dataset/images/validation/truffle_amaretto/truffle_amaretto_0085.jpg,validation,occupied,truffle_amaretto,Amaretto,IMG_1970_c020,IMG_1970.jpg,expanded_u2net,IMG_2020_r01_c02.jpg,IMG_2020.jpg,6,160,24,39,20260917
truffle_amaretto_0086,data/synthetic_slots/v1/dataset/images/validation/truffle_amaretto/truffle_amaretto_0086.jpg,validation,occupied,truffle_amaretto,Amaretto,IMG_1970_c020,IMG_1970.jpg,expanded_u2net,IMG_2023_r01_c02.jpg,IMG_2023.jpg,16,183,27,33,20260917
truffle_amaretto_0087,data/synthetic_slots/v1/dataset/images/validation/truffle_amaretto/truffle_amaretto_0087.jpg,validation,occupied,truffle_amaretto,Amaretto,IMG_1970_c020,IMG_1970.jpg,expanded_u2net,IMG_2030_r02_c01.jpg,IMG_2030.jpg,30,152,40,35,20260917
truffle_amaretto_0088,data/synthetic_slots/v1/dataset/images/validation/truffle_amaretto/truffle_amaretto_0088.jpg,validation,occupied,truffle_amaretto,Amaretto,IMG_1970_c020,IMG_1970.jpg,expanded_u2net,IMG_2034_r07_c04.jpg,IMG_2034.jpg,50,157,37,42,20260917
truffle_amaretto_0089,data/synthetic_slots/v1/dataset/images/validation/truffle_amaretto/truffle_amaretto_0089.jpg,validation,occupied,truffle_amaretto,Amaretto,IMG_1970_c020,IMG_1970.jpg,expanded_u2net,IMG_2020_r03_c01.jpg,IMG_2020.jpg,6,151,30,51,20260917
truffle_amaretto_0090,data/synthetic_slots/v1/dataset/images/validation/truffle_amaretto/truffle_amaretto_0090.jpg,validation,occupied,truffle_amaretto,Amaretto,IMG_1970_c020,IMG_1970.jpg,expanded_u2net,IMG_2023_r03_c04.jpg,IMG_2023.jpg,16,169,31,32,20260917
truffle_amaretto_0091,data/synthetic_slots/v1/dataset/images/validation/truffle_amaretto/truffle_amaretto_0091.jpg,validation,occupied,truffle_amaretto,Amaretto,IMG_1970_c020,IMG_1970.jpg,expanded_u2net,IMG_2030_r01_c02.jpg,IMG_2030.jpg,30,185,25,24,20260917
truffle_amaretto_0092,data/synthetic_slots/v1/dataset/images/validation/truffle_amaretto/truffle_amaretto_0092.jpg,validation,occupied,truffle_amaretto,Amaretto,IMG_1970_c020,IMG_1970.jpg,expanded_u2net,IMG_2034_r08_c01.jpg,IMG_2034.jpg,50,145,46,41,20260917
truffle_amaretto_0093,data/synthetic_slots/v1/dataset/images/validation/truffle_amaretto/truffle_amaretto_0093.jpg,validation,occupied,truffle_amaretto,Amaretto,IMG_1970_c020,IMG_1970.jpg,expanded_u2net,IMG_2020_r01_c01.jpg,IMG_2020.jpg,6,181,22,21,20260917
truffle_amaretto_0094,data/synthetic_slots/v1/dataset/images/validation/truffle_amaretto/truffle_amaretto_0094.jpg,validation,occupied,truffle_amaretto,Amaretto,IMG_1970_c020,IMG_1970.jpg,expanded_u2net,IMG_2023_r02_c01.jpg,IMG_2023.jpg,16,183,21,27,20260917
truffle_amaretto_0095,data/synthetic_slots/v1/dataset/images/validation/truffle_amaretto/truffle_amaretto_0095.jpg,validation,occupied,truffle_amaretto,Amaretto,IMG_1970_c020,IMG_1970.jpg,expanded_u2net,IMG_2030_r01_c01.jpg,IMG_2030.jpg,30,163,35,36,20260917
truffle_amaretto_0096,data/synthetic_slots/v1/dataset/images/validation/truffle_amaretto/truffle_amaretto_0096.jpg,validation,occupied,truffle_amaretto,Amaretto,IMG_1970_c020,IMG_1970.jpg,expanded_u2net,IMG_2034_r08_c05.jpg,IMG_2034.jpg,50,145,42,52,20260917
truffle_amaretto_0097,data/synthetic_slots/v1/dataset/images/validation/truffle_amaretto/truffle_amaretto_0097.jpg,validation,occupied,truffle_amaretto,Amaretto,IMG_1970_c020,IMG_1970.jpg,expanded_u2net,IMG_2020_r03_c01.jpg,IMG_2020.jpg,6,156,28,38,20260917
truffle_amaretto_0098,data/synthetic_slots/v1/dataset/images/validation/truffle_amaretto/truffle_amaretto_0098.jpg,validation,occupied,truffle_amaretto,Amaretto,IMG_1970_c020,IMG_1970.jpg,expanded_u2net,IMG_2023_r03_c02.jpg,IMG_2023.jpg,16,176,33,27,20260917
truffle_amaretto_0099,data/synthetic_slots/v1/dataset/images/validation/truffle_amaretto/truffle_amaretto_0099.jpg,validation,occupied,truffle_amaretto,Amaretto,IMG_1970_c020,IMG_1970.jpg,expanded_u2net,IMG_2030_r03_c01.jpg,IMG_2030.jpg,30,172,25,24,20260917
truffle_amaretto_0100,data/synthetic_slots/v1/dataset/images/validation/truffle_amaretto/truffle_amaretto_0100.jpg,validation,occupied,truffle_amaretto,Amaretto,IMG_1970_c020,IMG_1970.jpg,expanded_u2net,IMG_2034_r04_c04.jpg,IMG_2034.jpg,50,170,26,39,20260917
truffle_bananas_foster_0001,data/synthetic_slots/v1/dataset/images/train/truffle_bananas_foster/truffle_bananas_foster_0001.jpg,train,occupied,truffle_bananas_foster,Bananas Foster,IMG_1960_c010,IMG_1960.jpg,expanded_isnet,IMG_2021_r02_c01.jpg,IMG_2021.jpg,6,160,34,32,20260917
truffle_bananas_foster_0002,data/synthetic_slots/v1/dataset/images/train/truffle_bananas_foster/truffle_bananas_foster_0002.jpg,train,occupied,truffle_bananas_foster,Bananas Foster,IMG_1960_c010,IMG_1960.jpg,expanded_isnet,IMG_2022_r03_c01.jpg,IMG_2022.jpg,16,153,41,38,20260917
truffle_bananas_foster_0003,data/synthetic_slots/v1/dataset/images/train/truffle_bananas_foster/truffle_bananas_foster_0003.jpg,train,occupied,truffle_bananas_foster,Bananas Foster,IMG_1960_c010,IMG_1960.jpg,expanded_isnet,IMG_2027_r06_c05.jpg,IMG_2027.jpg,30,176,27,31,20260917
truffle_bananas_foster_0004,data/synthetic_slots/v1/dataset/images/train/truffle_bananas_foster/truffle_bananas_foster_0004.jpg,train,occupied,truffle_bananas_foster,Bananas Foster,IMG_1960_c010,IMG_1960.jpg,expanded_isnet,IMG_2031_r01_c02.jpg,IMG_2031.jpg,50,184,15,22,20260917
truffle_bananas_foster_0005,data/synthetic_slots/v1/dataset/images/train/truffle_bananas_foster/truffle_bananas_foster_0005.jpg,train,occupied,truffle_bananas_foster,Bananas Foster,IMG_1960_c010,IMG_1960.jpg,expanded_isnet,IMG_2019_r02_c01.jpg,IMG_2019.jpg,6,180,27,24,20260917
truffle_bananas_foster_0006,data/synthetic_slots/v1/dataset/images/train/truffle_bananas_foster/truffle_bananas_foster_0006.jpg,train,occupied,truffle_bananas_foster,Bananas Foster,IMG_1960_c010,IMG_1960.jpg,expanded_isnet,IMG_2025_r03_c02.jpg,IMG_2025.jpg,16,177,31,21,20260917
truffle_bananas_foster_0007,data/synthetic_slots/v1/dataset/images/train/truffle_bananas_foster/truffle_bananas_foster_0007.jpg,train,occupied,truffle_bananas_foster,Bananas Foster,IMG_1960_c010,IMG_1960.jpg,expanded_isnet,IMG_2029_r01_c01.jpg,IMG_2029.jpg,30,169,27,21,20260917
truffle_bananas_foster_0008,data/synthetic_slots/v1/dataset/images/train/truffle_bananas_foster/truffle_bananas_foster_0008.jpg,train,occupied,truffle_bananas_foster,Bananas Foster,IMG_1960_c010,IMG_1960.jpg,expanded_isnet,IMG_2031_r10_c02.jpg,IMG_2031.jpg,50,166,31,25,20260917
truffle_bananas_foster_0009,data/synthetic_slots/v1/dataset/images/train/truffle_bananas_foster/truffle_bananas_foster_0009.jpg,train,occupied,truffle_bananas_foster,Bananas Foster,IMG_1960_c010,IMG_1960.jpg,expanded_isnet,IMG_2021_r03_c02.jpg,IMG_2021.jpg,6,149,47,33,20260917
truffle_bananas_foster_0010,data/synthetic_slots/v1/dataset/images/train/truffle_bananas_foster/truffle_bananas_foster_0010.jpg,train,occupied,truffle_bananas_foster,Bananas Foster,IMG_1960_c010,IMG_1960.jpg,expanded_isnet,IMG_2024_r01_c04.jpg,IMG_2024.jpg,16,146,37,36,20260917
truffle_bananas_foster_0011,data/synthetic_slots/v1/dataset/images/train/truffle_bananas_foster/truffle_bananas_foster_0011.jpg,train,occupied,truffle_bananas_foster,Bananas Foster,IMG_1960_c010,IMG_1960.jpg,expanded_isnet,IMG_2029_r01_c05.jpg,IMG_2029.jpg,30,169,23,30,20260917
truffle_bananas_foster_0012,data/synthetic_slots/v1/dataset/images/train/truffle_bananas_foster/truffle_bananas_foster_0012.jpg,train,occupied,truffle_bananas_foster,Bananas Foster,IMG_1960_c010,IMG_1960.jpg,expanded_isnet,IMG_2031_r08_c01.jpg,IMG_2031.jpg,50,168,29,36,20260917
truffle_bananas_foster_0013,data/synthetic_slots/v1/dataset/images/train/truffle_bananas_foster/truffle_bananas_foster_0013.jpg,train,occupied,truffle_bananas_foster,Bananas Foster,IMG_1960_c010,IMG_1960.jpg,expanded_isnet,IMG_2019_r02_c01.jpg,IMG_2019.jpg,6,155,27,38,20260917
truffle_bananas_foster_0014,data/synthetic_slots/v1/dataset/images/train/truffle_bananas_foster/truffle_bananas_foster_0014.jpg,train,occupied,truffle_bananas_foster,Bananas Foster,IMG_1960_c010,IMG_1960.jpg,expanded_isnet,IMG_2026_r01_c03.jpg,IMG_2026.jpg,16,169,21,28,20260917
truffle_bananas_foster_0015,data/synthetic_slots/v1/dataset/images/train/truffle_bananas_foster/truffle_bananas_foster_0015.jpg,train,occupied,truffle_bananas_foster,Bananas Foster,IMG_1960_c010,IMG_1960.jpg,expanded_isnet,IMG_2027_r01_c01.jpg,IMG_2027.jpg,30,185,24,10,20260917
truffle_bananas_foster_0016,data/synthetic_slots/v1/dataset/images/train/truffle_bananas_foster/truffle_bananas_foster_0016.jpg,train,occupied,truffle_bananas_foster,Bananas Foster,IMG_1960_c010,IMG_1960.jpg,expanded_isnet,IMG_2033_r05_c05.jpg,IMG_2033.jpg,50,145,44,45,20260917
truffle_bananas_foster_0017,data/synthetic_slots/v1/dataset/images/train/truffle_bananas_foster/truffle_bananas_foster_0017.jpg,train,occupied,truffle_bananas_foster,Bananas Foster,IMG_1960_c010,IMG_1960.jpg,expanded_isnet,IMG_2019_r03_c02.jpg,IMG_2019.jpg,6,182,30,13,20260917
truffle_bananas_foster_0018,data/synthetic_slots/v1/dataset/images/train/truffle_bananas_foster/truffle_bananas_foster_0018.jpg,train,occupied,truffle_bananas_foster,Bananas Foster,IMG_1960_c010,IMG_1960.jpg,expanded_isnet,IMG_2022_r04_c01.jpg,IMG_2022.jpg,16,184,14,16,20260917
truffle_bananas_foster_0019,data/synthetic_slots/v1/dataset/images/train/truffle_bananas_foster/truffle_bananas_foster_0019.jpg,train,occupied,truffle_bananas_foster,Bananas Foster,IMG_1960_c010,IMG_1960.jpg,expanded_isnet,IMG_2027_r01_c05.jpg,IMG_2027.jpg,30,174,16,16,20260917
truffle_bananas_foster_0020,data/synthetic_slots/v1/dataset/images/train/truffle_bananas_foster/truffle_bananas_foster_0020.jpg,train,occupied,truffle_bananas_foster,Bananas Foster,IMG_1960_c010,IMG_1960.jpg,expanded_isnet,IMG_2032_r03_c02.jpg,IMG_2032.jpg,50,177,30,27,20260917
truffle_bananas_foster_0021,data/synthetic_slots/v1/dataset/images/train/truffle_bananas_foster/truffle_bananas_foster_0021.jpg,train,occupied,truffle_bananas_foster,Bananas Foster,IMG_1960_c010,IMG_1960.jpg,expanded_isnet,IMG_2021_r03_c01.jpg,IMG_2021.jpg,6,166,21,30,20260917
truffle_bananas_foster_0022,data/synthetic_slots/v1/dataset/images/train/truffle_bananas_foster/truffle_bananas_foster_0022.jpg,train,occupied,truffle_bananas_foster,Bananas Foster,IMG_1960_c010,IMG_1960.jpg,expanded_isnet,IMG_2024_r02_c04.jpg,IMG_2024.jpg,16,185,14,25,20260917
truffle_bananas_foster_0023,data/synthetic_slots/v1/dataset/images/train/truffle_bananas_foster/truffle_bananas_foster_0023.jpg,train,occupied,truffle_bananas_foster,Bananas Foster,IMG_1960_c010,IMG_1960.jpg,expanded_isnet,IMG_2029_r04_c03.jpg,IMG_2029.jpg,30,163,28,27,20260917
truffle_bananas_foster_0024,data/synthetic_slots/v1/dataset/images/train/truffle_bananas_foster/truffle_bananas_foster_0024.jpg,train,occupied,truffle_bananas_foster,Bananas Foster,IMG_1960_c010,IMG_1960.jpg,expanded_isnet,IMG_2032_r04_c03.jpg,IMG_2032.jpg,50,168,31,33,20260917
truffle_bananas_foster_0025,data/synthetic_slots/v1/dataset/images/train/truffle_bananas_foster/truffle_bananas_foster_0025.jpg,train,occupied,truffle_bananas_foster,Bananas Foster,IMG_1960_c010,IMG_1960.jpg,expanded_isnet,IMG_2019_r01_c01.jpg,IMG_2019.jpg,6,158,30,26,20260917
truffle_bananas_foster_0026,data/synthetic_slots/v1/dataset/images/train/truffle_bananas_foster/truffle_bananas_foster_0026.jpg,train,occupied,truffle_bananas_foster,Bananas Foster,IMG_1960_c010,IMG_1960.jpg,expanded_isnet,IMG_2024_r04_c01.jpg,IMG_2024.jpg,16,173,25,21,20260917
truffle_bananas_foster_0027,data/synthetic_slots/v1/dataset/images/train/truffle_bananas_foster/truffle_bananas_foster_0027.jpg,train,occupied,truffle_bananas_foster,Bananas Foster,IMG_1960_c010,IMG_1960.jpg,expanded_isnet,IMG_2029_r06_c03.jpg,IMG_2029.jpg,30,157,30,24,20260917
truffle_bananas_foster_0028,data/synthetic_slots/v1/dataset/images/train/truffle_bananas_foster/truffle_bananas_foster_0028.jpg,train,occupied,truffle_bananas_foster,Bananas Foster,IMG_1960_c010,IMG_1960.jpg,expanded_isnet,IMG_2033_r07_c05.jpg,IMG_2033.jpg,50,150,34,36,20260917
truffle_bananas_foster_0029,data/synthetic_slots/v1/dataset/images/train/truffle_bananas_foster/truffle_bananas_foster_0029.jpg,train,occupied,truffle_bananas_foster,Bananas Foster,IMG_1960_c010,IMG_1960.jpg,expanded_isnet,IMG_2021_r01_c01.jpg,IMG_2021.jpg,6,182,25,16,20260917
truffle_bananas_foster_0030,data/synthetic_slots/v1/dataset/images/train/truffle_bananas_foster/truffle_bananas_foster_0030.jpg,train,occupied,truffle_bananas_foster,Bananas Foster,IMG_1960_c010,IMG_1960.jpg,expanded_isnet,IMG_2025_r03_c04.jpg,IMG_2025.jpg,16,171,28,20,20260917
truffle_bananas_foster_0031,data/synthetic_slots/v1/dataset/images/train/truffle_bananas_foster/truffle_bananas_foster_0031.jpg,train,occupied,truffle_bananas_foster,Bananas Foster,IMG_1960_c010,IMG_1960.jpg,expanded_isnet,IMG_2029_r05_c04.jpg,IMG_2029.jpg,30,151,29,29,20260917
truffle_bananas_foster_0032,data/synthetic_slots/v1/dataset/images/train/truffle_bananas_foster/truffle_bananas_foster_0032.jpg,train,occupied,truffle_bananas_foster,Bananas Foster,IMG_1960_c010,IMG_1960.jpg,expanded_isnet,IMG_2032_r09_c04.jpg,IMG_2032.jpg,50,155,30,29,20260917
truffle_bananas_foster_0033,data/synthetic_slots/v1/dataset/images/train/truffle_bananas_foster/truffle_bananas_foster_0033.jpg,train,occupied,truffle_bananas_foster,Bananas Foster,IMG_1960_c010,IMG_1960.jpg,expanded_isnet,IMG_2019_r03_c02.jpg,IMG_2019.jpg,6,180,30,30,20260917
truffle_bananas_foster_0034,data/synthetic_slots/v1/dataset/images/train/truffle_bananas_foster/truffle_bananas_foster_0034.jpg,train,occupied,truffle_bananas_foster,Bananas Foster,IMG_1960_c010,IMG_1960.jpg,expanded_isnet,IMG_2024_r03_c02.jpg,IMG_2024.jpg,16,156,36,40,20260917
truffle_bananas_foster_0035,data/synthetic_slots/v1/dataset/images/train/truffle_bananas_foster/truffle_bananas_foster_0035.jpg,train,occupied,truffle_bananas_foster,Bananas Foster,IMG_1960_c010,IMG_1960.jpg,expanded_isnet,IMG_2028_r05_c01.jpg,IMG_2028.jpg,30,178,21,19,20260917
truffle_bananas_foster_0036,data/synthetic_slots/v1/dataset/images/train/truffle_bananas_foster/truffle_bananas_foster_0036.jpg,train,occupied,truffle_bananas_foster,Bananas Foster,IMG_1960_c010,IMG_1960.jpg,expanded_isnet,IMG_2031_r06_c01.jpg,IMG_2031.jpg,50,164,39,23,20260917
truffle_bananas_foster_0037,data/synthetic_slots/v1/dataset/images/train/truffle_bananas_foster/truffle_bananas_foster_0037.jpg,train,occupied,truffle_bananas_foster,Bananas Foster,IMG_1960_c010,IMG_1960.jpg,expanded_isnet,IMG_2021_r02_c02.jpg,IMG_2021.jpg,6,163,33,34,20260917
truffle_bananas_foster_0038,data/synthetic_slots/v1/dataset/images/train/truffle_bananas_foster/truffle_bananas_foster_0038.jpg,train,occupied,truffle_bananas_foster,Bananas Foster,IMG_1960_c010,IMG_1960.jpg,expanded_isnet,IMG_2026_r01_c03.jpg,IMG_2026.jpg,16,150,31,39,20260917
truffle_bananas_foster_0039,data/synthetic_slots/v1/dataset/images/train/truffle_bananas_foster/truffle_bananas_foster_0039.jpg,train,occupied,truffle_bananas_foster,Bananas Foster,IMG_1960_c010,IMG_1960.jpg,expanded_isnet,IMG_2029_r01_c03.jpg,IMG_2029.jpg,30,178,29,15,20260917
truffle_bananas_foster_0040,data/synthetic_slots/v1/dataset/images/train/truffle_bananas_foster/truffle_bananas_foster_0040.jpg,train,occupied,truffle_bananas_foster,Bananas Foster,IMG_1960_c010,IMG_1960.jpg,expanded_isnet,IMG_2033_r09_c02.jpg,IMG_2033.jpg,50,160,40,23,20260917
truffle_bananas_foster_0041,data/synthetic_slots/v1/dataset/images/train/truffle_bananas_foster/truffle_bananas_foster_0041.jpg,train,occupied,truffle_bananas_foster,Bananas Foster,IMG_1960_c010,IMG_1960.jpg,expanded_isnet,IMG_2019_r01_c01.jpg,IMG_2019.jpg,6,161,29,27,20260917
truffle_bananas_foster_0042,data/synthetic_slots/v1/dataset/images/train/truffle_bananas_foster/truffle_bananas_foster_0042.jpg,train,occupied,truffle_bananas_foster,Bananas Foster,IMG_1960_c010,IMG_1960.jpg,expanded_isnet,IMG_2024_r01_c03.jpg,IMG_2024.jpg,16,170,28,25,20260917
truffle_bananas_foster_0043,data/synthetic_slots/v1/dataset/images/train/truffle_bananas_foster/truffle_bananas_foster_0043.jpg,train,occupied,truffle_bananas_foster,Bananas Foster,IMG_1960_c010,IMG_1960.jpg,expanded_isnet,IMG_2028_r03_c01.jpg,IMG_2028.jpg,30,181,28,13,20260917
truffle_bananas_foster_0044,data/synthetic_slots/v1/dataset/images/train/truffle_bananas_foster/truffle_bananas_foster_0044.jpg,train,occupied,truffle_bananas_foster,Bananas Foster,IMG_1960_c010,IMG_1960.jpg,expanded_isnet,IMG_2031_r09_c01.jpg,IMG_2031.jpg,50,169,24,34,20260917
truffle_bananas_foster_0045,data/synthetic_slots/v1/dataset/images/train/truffle_bananas_foster/truffle_bananas_foster_0045.jpg,train,occupied,truffle_bananas_foster,Bananas Foster,IMG_1960_c010,IMG_1960.jpg,expanded_isnet,IMG_2021_r03_c02.jpg,IMG_2021.jpg,6,162,28,23,20260917
truffle_bananas_foster_0046,data/synthetic_slots/v1/dataset/images/train/truffle_bananas_foster/truffle_bananas_foster_0046.jpg,train,occupied,truffle_bananas_foster,Bananas Foster,IMG_1960_c010,IMG_1960.jpg,expanded_isnet,IMG_2025_r04_c02.jpg,IMG_2025.jpg,16,147,32,45,20260917
truffle_bananas_foster_0047,data/synthetic_slots/v1/dataset/images/train/truffle_bananas_foster/truffle_bananas_foster_0047.jpg,train,occupied,truffle_bananas_foster,Bananas Foster,IMG_1960_c010,IMG_1960.jpg,expanded_isnet,IMG_2029_r02_c02.jpg,IMG_2029.jpg,30,180,23,29,20260917
truffle_bananas_foster_0048,data/synthetic_slots/v1/dataset/images/train/truffle_bananas_foster/truffle_bananas_foster_0048.jpg,train,occupied,truffle_bananas_foster,Bananas Foster,IMG_1960_c010,IMG_1960.jpg,expanded_isnet,IMG_2031_r07_c02.jpg,IMG_2031.jpg,50,177,25,19,20260917
truffle_bananas_foster_0049,data/synthetic_slots/v1/dataset/images/train/truffle_bananas_foster/truffle_bananas_foster_0049.jpg,train,occupied,truffle_bananas_foster,Bananas Foster,IMG_1960_c010,IMG_1960.jpg,expanded_isnet,IMG_2019_r03_c02.jpg,IMG_2019.jpg,6,150,37,30,20260917
truffle_bananas_foster_0050,data/synthetic_slots/v1/dataset/images/train/truffle_bananas_foster/truffle_bananas_foster_0050.jpg,train,occupied,truffle_bananas_foster,Bananas Foster,IMG_1960_c010,IMG_1960.jpg,expanded_isnet,IMG_2025_r01_c01.jpg,IMG_2025.jpg,16,182,27,16,20260917
truffle_bananas_foster_0051,data/synthetic_slots/v1/dataset/images/train/truffle_bananas_foster/truffle_bananas_foster_0051.jpg,train,occupied,truffle_bananas_foster,Bananas Foster,IMG_1960_c010,IMG_1960.jpg,expanded_isnet,IMG_2028_r04_c03.jpg,IMG_2028.jpg,30,146,34,38,20260917
truffle_bananas_foster_0052,data/synthetic_slots/v1/dataset/images/train/truffle_bananas_foster/truffle_bananas_foster_0052.jpg,train,occupied,truffle_bananas_foster,Bananas Foster,IMG_1960_c010,IMG_1960.jpg,expanded_isnet,IMG_2031_r07_c02.jpg,IMG_2031.jpg,50,181,15,25,20260917
truffle_bananas_foster_0053,data/synthetic_slots/v1/dataset/images/train/truffle_bananas_foster/truffle_bananas_foster_0053.jpg,train,occupied,truffle_bananas_foster,Bananas Foster,IMG_1960_c010,IMG_1960.jpg,expanded_isnet,IMG_2019_r03_c01.jpg,IMG_2019.jpg,6,151,45,39,20260917
truffle_bananas_foster_0054,data/synthetic_slots/v1/dataset/images/train/truffle_bananas_foster/truffle_bananas_foster_0054.jpg,train,occupied,truffle_bananas_foster,Bananas Foster,IMG_1960_c010,IMG_1960.jpg,expanded_isnet,IMG_2024_r03_c04.jpg,IMG_2024.jpg,16,166,31,26,20260917
truffle_bananas_foster_0055,data/synthetic_slots/v1/dataset/images/train/truffle_bananas_foster/truffle_bananas_foster_0055.jpg,train,occupied,truffle_bananas_foster,Bananas Foster,IMG_1960_c010,IMG_1960.jpg,expanded_isnet,IMG_2029_r05_c03.jpg,IMG_2029.jpg,30,184,26,27,20260917
truffle_bananas_foster_0056,data/synthetic_slots/v1/dataset/images/train/truffle_bananas_foster/truffle_bananas_foster_0056.jpg,train,occupied,truffle_bananas_foster,Bananas Foster,IMG_1960_c010,IMG_1960.jpg,expanded_isnet,IMG_2031_r06_c01.jpg,IMG_2031.jpg,50,178,19,23,20260917
truffle_bananas_foster_0057,data/synthetic_slots/v1/dataset/images/train/truffle_bananas_foster/truffle_bananas_foster_0057.jpg,train,occupied,truffle_bananas_foster,Bananas Foster,IMG_1960_c010,IMG_1960.jpg,expanded_isnet,IMG_2021_r01_c01.jpg,IMG_2021.jpg,6,156,25,29,20260917
truffle_bananas_foster_0058,data/synthetic_slots/v1/dataset/images/train/truffle_bananas_foster/truffle_bananas_foster_0058.jpg,train,occupied,truffle_bananas_foster,Bananas Foster,IMG_1960_c010,IMG_1960.jpg,expanded_isnet,IMG_2022_r04_c04.jpg,IMG_2022.jpg,16,145,39,45,20260917
truffle_bananas_foster_0059,data/synthetic_slots/v1/dataset/images/train/truffle_bananas_foster/truffle_bananas_foster_0059.jpg,train,occupied,truffle_bananas_foster,Bananas Foster,IMG_1960_c010,IMG_1960.jpg,expanded_isnet,IMG_2028_r01_c05.jpg,IMG_2028.jpg,30,161,25,25,20260917
truffle_bananas_foster_0060,data/synthetic_slots/v1/dataset/images/train/truffle_bananas_foster/truffle_bananas_foster_0060.jpg,train,occupied,truffle_bananas_foster,Bananas Foster,IMG_1960_c010,IMG_1960.jpg,expanded_isnet,IMG_2031_r04_c03.jpg,IMG_2031.jpg,50,184,18,11,20260917
truffle_bananas_foster_0061,data/synthetic_slots/v1/dataset/images/train/truffle_bananas_foster/truffle_bananas_foster_0061.jpg,train,occupied,truffle_bananas_foster,Bananas Foster,IMG_1960_c010,IMG_1960.jpg,expanded_isnet,IMG_2019_r02_c02.jpg,IMG_2019.jpg,6,176,33,19,20260917
truffle_bananas_foster_0062,data/synthetic_slots/v1/dataset/images/train/truffle_bananas_foster/truffle_bananas_foster_0062.jpg,train,occupied,truffle_bananas_foster,Bananas Foster,IMG_1960_c010,IMG_1960.jpg,expanded_isnet,IMG_2022_r04_c03.jpg,IMG_2022.jpg,16,183,16,22,20260917
truffle_bananas_foster_0063,data/synthetic_slots/v1/dataset/images/train/truffle_bananas_foster/truffle_bananas_foster_0063.jpg,train,occupied,truffle_bananas_foster,Bananas Foster,IMG_1960_c010,IMG_1960.jpg,expanded_isnet,IMG_2027_r02_c02.jpg,IMG_2027.jpg,30,181,21,26,20260917
truffle_bananas_foster_0064,data/synthetic_slots/v1/dataset/images/train/truffle_bananas_foster/truffle_bananas_foster_0064.jpg,train,occupied,truffle_bananas_foster,Bananas Foster,IMG_1960_c010,IMG_1960.jpg,expanded_isnet,IMG_2032_r01_c03.jpg,IMG_2032.jpg,50,170,20,33,20260917
truffle_bananas_foster_0065,data/synthetic_slots/v1/dataset/images/train/truffle_bananas_foster/truffle_bananas_foster_0065.jpg,train,occupied,truffle_bananas_foster,Bananas Foster,IMG_1960_c010,IMG_1960.jpg,expanded_isnet,IMG_2021_r03_c02.jpg,IMG_2021.jpg,6,168,19,34,20260917
truffle_bananas_foster_0066,data/synthetic_slots/v1/dataset/images/train/truffle_bananas_foster/truffle_bananas_foster_0066.jpg,train,occupied,truffle_bananas_foster,Bananas Foster,IMG_1960_c010,IMG_1960.jpg,expanded_isnet,IMG_2024_r02_c02.jpg,IMG_2024.jpg,16,177,17,28,20260917
truffle_bananas_foster_0067,data/synthetic_slots/v1/dataset/images/train/truffle_bananas_foster/truffle_bananas_foster_0067.jpg,train,occupied,truffle_bananas_foster,Bananas Foster,IMG_1960_c010,IMG_1960.jpg,expanded_isnet,IMG_2027_r01_c03.jpg,IMG_2027.jpg,30,173,35,16,20260917
truffle_bananas_foster_0068,data/synthetic_slots/v1/dataset/images/train/truffle_bananas_foster/truffle_bananas_foster_0068.jpg,train,occupied,truffle_bananas_foster,Bananas Foster,IMG_1960_c010,IMG_1960.jpg,expanded_isnet,IMG_2032_r07_c04.jpg,IMG_2032.jpg,50,162,26,28,20260917
truffle_bananas_foster_0069,data/synthetic_slots/v1/dataset/images/train/truffle_bananas_foster/truffle_bananas_foster_0069.jpg,train,occupied,truffle_bananas_foster,Bananas Foster,IMG_1960_c010,IMG_1960.jpg,expanded_isnet,IMG_2021_r03_c01.jpg,IMG_2021.jpg,6,147,37,39,20260917
truffle_bananas_foster_0070,data/synthetic_slots/v1/dataset/images/train/truffle_bananas_foster/truffle_bananas_foster_0070.jpg,train,occupied,truffle_bananas_foster,Bananas Foster,IMG_1960_c010,IMG_1960.jpg,expanded_isnet,IMG_2022_r04_c01.jpg,IMG_2022.jpg,16,182,30,20,20260917
truffle_bananas_foster_0071,data/synthetic_slots/v1/dataset/images/train/truffle_bananas_foster/truffle_bananas_foster_0071.jpg,train,occupied,truffle_bananas_foster,Bananas Foster,IMG_1960_c010,IMG_1960.jpg,expanded_isnet,IMG_2027_r06_c05.jpg,IMG_2027.jpg,30,176,33,30,20260917
truffle_bananas_foster_0072,data/synthetic_slots/v1/dataset/images/train/truffle_bananas_foster/truffle_bananas_foster_0072.jpg,train,occupied,truffle_bananas_foster,Bananas Foster,IMG_1960_c010,IMG_1960.jpg,expanded_isnet,IMG_2032_r02_c03.jpg,IMG_2032.jpg,50,160,39,25,20260917
truffle_bananas_foster_0073,data/synthetic_slots/v1/dataset/images/train/truffle_bananas_foster/truffle_bananas_foster_0073.jpg,train,occupied,truffle_bananas_foster,Bananas Foster,IMG_1960_c010,IMG_1960.jpg,expanded_isnet,IMG_2019_r01_c02.jpg,IMG_2019.jpg,6,164,23,39,20260917
truffle_bananas_foster_0074,data/synthetic_slots/v1/dataset/images/train/truffle_bananas_foster/truffle_bananas_foster_0074.jpg,train,occupied,truffle_bananas_foster,Bananas Foster,IMG_1960_c010,IMG_1960.jpg,expanded_isnet,IMG_2025_r01_c04.jpg,IMG_2025.jpg,16,177,25,24,20260917
truffle_bananas_foster_0075,data/synthetic_slots/v1/dataset/images/train/truffle_bananas_foster/truffle_bananas_foster_0075.jpg,train,occupied,truffle_bananas_foster,Bananas Foster,IMG_1960_c010,IMG_1960.jpg,expanded_isnet,IMG_2028_r02_c05.jpg,IMG_2028.jpg,30,160,28,33,20260917
truffle_bananas_foster_0076,data/synthetic_slots/v1/dataset/images/train/truffle_bananas_foster/truffle_bananas_foster_0076.jpg,train,occupied,truffle_bananas_foster,Bananas Foster,IMG_1960_c010,IMG_1960.jpg,expanded_isnet,IMG_2032_r04_c02.jpg,IMG_2032.jpg,50,174,21,28,20260917
truffle_bananas_foster_0077,data/synthetic_slots/v1/dataset/images/train/truffle_bananas_foster/truffle_bananas_foster_0077.jpg,train,occupied,truffle_bananas_foster,Bananas Foster,IMG_1960_c010,IMG_1960.jpg,expanded_isnet,IMG_2021_r02_c01.jpg,IMG_2021.jpg,6,183,17,24,20260917
truffle_bananas_foster_0078,data/synthetic_slots/v1/dataset/images/train/truffle_bananas_foster/truffle_bananas_foster_0078.jpg,train,occupied,truffle_bananas_foster,Bananas Foster,IMG_1960_c010,IMG_1960.jpg,expanded_isnet,IMG_2024_r02_c03.jpg,IMG_2024.jpg,16,155,38,37,20260917
truffle_bananas_foster_0079,data/synthetic_slots/v1/dataset/images/train/truffle_bananas_foster/truffle_bananas_foster_0079.jpg,train,occupied,truffle_bananas_foster,Bananas Foster,IMG_1960_c010,IMG_1960.jpg,expanded_isnet,IMG_2029_r04_c02.jpg,IMG_2029.jpg,30,148,37,38,20260917
truffle_bananas_foster_0080,data/synthetic_slots/v1/dataset/images/train/truffle_bananas_foster/truffle_bananas_foster_0080.jpg,train,occupied,truffle_bananas_foster,Bananas Foster,IMG_1960_c010,IMG_1960.jpg,expanded_isnet,IMG_2031_r06_c01.jpg,IMG_2031.jpg,50,159,32,24,20260917
truffle_bananas_foster_0081,data/synthetic_slots/v1/dataset/images/validation/truffle_bananas_foster/truffle_bananas_foster_0081.jpg,validation,occupied,truffle_bananas_foster,Bananas Foster,IMG_1960_c010,IMG_1960.jpg,expanded_isnet,IMG_2020_r03_c01.jpg,IMG_2020.jpg,6,159,30,26,20260917
truffle_bananas_foster_0082,data/synthetic_slots/v1/dataset/images/validation/truffle_bananas_foster/truffle_bananas_foster_0082.jpg,validation,occupied,truffle_bananas_foster,Bananas Foster,IMG_1960_c010,IMG_1960.jpg,expanded_isnet,IMG_2023_r01_c03.jpg,IMG_2023.jpg,16,153,40,34,20260917
truffle_bananas_foster_0083,data/synthetic_slots/v1/dataset/images/validation/truffle_bananas_foster/truffle_bananas_foster_0083.jpg,validation,occupied,truffle_bananas_foster,Bananas Foster,IMG_1960_c010,IMG_1960.jpg,expanded_isnet,IMG_2030_r04_c02.jpg,IMG_2030.jpg,30,185,25,21,20260917
truffle_bananas_foster_0084,data/synthetic_slots/v1/dataset/images/validation/truffle_bananas_foster/truffle_bananas_foster_0084.jpg,validation,occupied,truffle_bananas_foster,Bananas Foster,IMG_1960_c010,IMG_1960.jpg,expanded_isnet,IMG_2034_r05_c04.jpg,IMG_2034.jpg,50,169,19,34,20260917
truffle_bananas_foster_0085,data/synthetic_slots/v1/dataset/images/validation/truffle_bananas_foster/truffle_bananas_foster_0085.jpg,validation,occupied,truffle_bananas_foster,Bananas Foster,IMG_1960_c010,IMG_1960.jpg,expanded_isnet,IMG_2020_r01_c01.jpg,IMG_2020.jpg,6,168,36,32,20260917
truffle_bananas_foster_0086,data/synthetic_slots/v1/dataset/images/validation/truffle_bananas_foster/truffle_bananas_foster_0086.jpg,validation,occupied,truffle_bananas_foster,Bananas Foster,IMG_1960_c010,IMG_1960.jpg,expanded_isnet,IMG_2023_r02_c04.jpg,IMG_2023.jpg,16,151,32,29,20260917
truffle_bananas_foster_0087,data/synthetic_slots/v1/dataset/images/validation/truffle_bananas_foster/truffle_bananas_foster_0087.jpg,validation,occupied,truffle_bananas_foster,Bananas Foster,IMG_1960_c010,IMG_1960.jpg,expanded_isnet,IMG_2030_r06_c04.jpg,IMG_2030.jpg,30,176,17,15,20260917
truffle_bananas_foster_0088,data/synthetic_slots/v1/dataset/images/validation/truffle_bananas_foster/truffle_bananas_foster_0088.jpg,validation,occupied,truffle_bananas_foster,Bananas Foster,IMG_1960_c010,IMG_1960.jpg,expanded_isnet,IMG_2034_r01_c02.jpg,IMG_2034.jpg,50,184,17,28,20260917
truffle_bananas_foster_0089,data/synthetic_slots/v1/dataset/images/validation/truffle_bananas_foster/truffle_bananas_foster_0089.jpg,validation,occupied,truffle_bananas_foster,Bananas Foster,IMG_1960_c010,IMG_1960.jpg,expanded_isnet,IMG_2020_r03_c01.jpg,IMG_2020.jpg,6,160,31,32,20260917
truffle_bananas_foster_0090,data/synthetic_slots/v1/dataset/images/validation/truffle_bananas_foster/truffle_bananas_foster_0090.jpg,validation,occupied,truffle_bananas_foster,Bananas Foster,IMG_1960_c010,IMG_1960.jpg,expanded_isnet,IMG_2023_r03_c02.jpg,IMG_2023.jpg,16,180,31,25,20260917
truffle_bananas_foster_0091,data/synthetic_slots/v1/dataset/images/validation/truffle_bananas_foster/truffle_bananas_foster_0091.jpg,validation,occupied,truffle_bananas_foster,Bananas Foster,IMG_1960_c010,IMG_1960.jpg,expanded_isnet,IMG_2030_r06_c03.jpg,IMG_2030.jpg,30,148,36,37,20260917
truffle_bananas_foster_0092,data/synthetic_slots/v1/dataset/images/validation/truffle_bananas_foster/truffle_bananas_foster_0092.jpg,validation,occupied,truffle_bananas_foster,Bananas Foster,IMG_1960_c010,IMG_1960.jpg,expanded_isnet,IMG_2034_r05_c01.jpg,IMG_2034.jpg,50,176,21,27,20260917
truffle_bananas_foster_0093,data/synthetic_slots/v1/dataset/images/validation/truffle_bananas_foster/truffle_bananas_foster_0093.jpg,validation,occupied,truffle_bananas_foster,Bananas Foster,IMG_1960_c010,IMG_1960.jpg,expanded_isnet,IMG_2020_r02_c02.jpg,IMG_2020.jpg,6,153,42,35,20260917
truffle_bananas_foster_0094,data/synthetic_slots/v1/dataset/images/validation/truffle_bananas_foster/truffle_bananas_foster_0094.jpg,validation,occupied,truffle_bananas_foster,Bananas Foster,IMG_1960_c010,IMG_1960.jpg,expanded_isnet,IMG_2023_r02_c04.jpg,IMG_2023.jpg,16,183,28,26,20260917
truffle_bananas_foster_0095,data/synthetic_slots/v1/dataset/images/validation/truffle_bananas_foster/truffle_bananas_foster_0095.jpg,validation,occupied,truffle_bananas_foster,Bananas Foster,IMG_1960_c010,IMG_1960.jpg,expanded_isnet,IMG_2030_r04_c01.jpg,IMG_2030.jpg,30,163,28,27,20260917
truffle_bananas_foster_0096,data/synthetic_slots/v1/dataset/images/validation/truffle_bananas_foster/truffle_bananas_foster_0096.jpg,validation,occupied,truffle_bananas_foster,Bananas Foster,IMG_1960_c010,IMG_1960.jpg,expanded_isnet,IMG_2034_r07_c03.jpg,IMG_2034.jpg,50,160,35,28,20260917
truffle_bananas_foster_0097,data/synthetic_slots/v1/dataset/images/validation/truffle_bananas_foster/truffle_bananas_foster_0097.jpg,validation,occupied,truffle_bananas_foster,Bananas Foster,IMG_1960_c010,IMG_1960.jpg,expanded_isnet,IMG_2020_r03_c02.jpg,IMG_2020.jpg,6,178,27,29,20260917
truffle_bananas_foster_0098,data/synthetic_slots/v1/dataset/images/validation/truffle_bananas_foster/truffle_bananas_foster_0098.jpg,validation,occupied,truffle_bananas_foster,Bananas Foster,IMG_1960_c010,IMG_1960.jpg,expanded_isnet,IMG_2023_r03_c04.jpg,IMG_2023.jpg,16,149,35,42,20260917
truffle_bananas_foster_0099,data/synthetic_slots/v1/dataset/images/validation/truffle_bananas_foster/truffle_bananas_foster_0099.jpg,validation,occupied,truffle_bananas_foster,Bananas Foster,IMG_1960_c010,IMG_1960.jpg,expanded_isnet,IMG_2030_r05_c02.jpg,IMG_2030.jpg,30,156,36,30,20260917
truffle_bananas_foster_0100,data/synthetic_slots/v1/dataset/images/validation/truffle_bananas_foster/truffle_bananas_foster_0100.jpg,validation,occupied,truffle_bananas_foster,Bananas Foster,IMG_1960_c010,IMG_1960.jpg,expanded_isnet,IMG_2034_r05_c01.jpg,IMG_2034.jpg,50,175,30,26,20260917
truffle_brownie_batter_0001,data/synthetic_slots/v1/dataset/images/train/truffle_brownie_batter/truffle_brownie_batter_0001.jpg,train,occupied,truffle_brownie_batter,Brownie Batter,IMG_1976_c016,IMG_1976.jpg,expanded_u2net,IMG_2021_r01_c01.jpg,IMG_2021.jpg,6,171,30,31,20260917
truffle_brownie_batter_0002,data/synthetic_slots/v1/dataset/images/train/truffle_brownie_batter/truffle_brownie_batter_0002.jpg,train,occupied,truffle_brownie_batter,Brownie Batter,IMG_1976_c016,IMG_1976.jpg,expanded_u2net,IMG_2026_r01_c03.jpg,IMG_2026.jpg,16,161,30,31,20260917
truffle_brownie_batter_0003,data/synthetic_slots/v1/dataset/images/train/truffle_brownie_batter/truffle_brownie_batter_0003.jpg,train,occupied,truffle_brownie_batter,Brownie Batter,IMG_1976_c016,IMG_1976.jpg,expanded_u2net,IMG_2027_r05_c03.jpg,IMG_2027.jpg,30,168,31,38,20260917
truffle_brownie_batter_0004,data/synthetic_slots/v1/dataset/images/train/truffle_brownie_batter/truffle_brownie_batter_0004.jpg,train,occupied,truffle_brownie_batter,Brownie Batter,IMG_1976_c016,IMG_1976.jpg,expanded_u2net,IMG_2032_r03_c03.jpg,IMG_2032.jpg,50,157,38,48,20260917
truffle_brownie_batter_0005,data/synthetic_slots/v1/dataset/images/train/truffle_brownie_batter/truffle_brownie_batter_0005.jpg,train,occupied,truffle_brownie_batter,Brownie Batter,IMG_1976_c016,IMG_1976.jpg,expanded_u2net,IMG_2021_r01_c01.jpg,IMG_2021.jpg,6,155,40,43,20260917
truffle_brownie_batter_0006,data/synthetic_slots/v1/dataset/images/train/truffle_brownie_batter/truffle_brownie_batter_0006.jpg,train,occupied,truffle_brownie_batter,Brownie Batter,IMG_1976_c016,IMG_1976.jpg,expanded_u2net,IMG_2025_r03_c01.jpg,IMG_2025.jpg,16,161,26,39,20260917
truffle_brownie_batter_0007,data/synthetic_slots/v1/dataset/images/train/truffle_brownie_batter/truffle_brownie_batter_0007.jpg,train,occupied,truffle_brownie_batter,Brownie Batter,IMG_1976_c016,IMG_1976.jpg,expanded_u2net,IMG_2028_r05_c01.jpg,IMG_2028.jpg,30,177,19,28,20260917
truffle_brownie_batter_0008,data/synthetic_slots/v1/dataset/images/train/truffle_brownie_batter/truffle_brownie_batter_0008.jpg,train,occupied,truffle_brownie_batter,Brownie Batter,IMG_1976_c016,IMG_1976.jpg,expanded_u2net,IMG_2033_r01_c02.jpg,IMG_2033.jpg,50,185,12,26,20260917
truffle_brownie_batter_0009,data/synthetic_slots/v1/dataset/images/train/truffle_brownie_batter/truffle_brownie_batter_0009.jpg,train,occupied,truffle_brownie_batter,Brownie Batter,IMG_1976_c016,IMG_1976.jpg,expanded_u2net,IMG_2021_r02_c01.jpg,IMG_2021.jpg,6,146,39,47,20260917
truffle_brownie_batter_0010,data/synthetic_slots/v1/dataset/images/train/truffle_brownie_batter/truffle_brownie_batter_0010.jpg,train,occupied,truffle_brownie_batter,Brownie Batter,IMG_1976_c016,IMG_1976.jpg,expanded_u2net,IMG_2022_r02_c03.jpg,IMG_2022.jpg,16,172,22,26,20260917
truffle_brownie_batter_0011,data/synthetic_slots/v1/dataset/images/train/truffle_brownie_batter/truffle_brownie_batter_0011.jpg,train,occupied,truffle_brownie_batter,Brownie Batter,IMG_1976_c016,IMG_1976.jpg,expanded_u2net,IMG_2027_r05_c04.jpg,IMG_2027.jpg,30,145,46,38,20260917
truffle_brownie_batter_0012,data/synthetic_slots/v1/dataset/images/train/truffle_brownie_batter/truffle_brownie_batter_0012.jpg,train,occupied,truffle_brownie_batter,Brownie Batter,IMG_1976_c016,IMG_1976.jpg,expanded_u2net,IMG_2033_r07_c02.jpg,IMG_2033.jpg,50,159,29,39,20260917
truffle_brownie_batter_0013,data/synthetic_slots/v1/dataset/images/train/truffle_brownie_batter/truffle_brownie_batter_0013.jpg,train,occupied,truffle_brownie_batter,Brownie Batter,IMG_1976_c016,IMG_1976.jpg,expanded_u2net,IMG_2021_r01_c02.jpg,IMG_2021.jpg,6,151,31,42,20260917
truffle_brownie_batter_0014,data/synthetic_slots/v1/dataset/images/train/truffle_brownie_batter/truffle_brownie_batter_0014.jpg,train,occupied,truffle_brownie_batter,Brownie Batter,IMG_1976_c016,IMG_1976.jpg,expanded_u2net,IMG_2024_r03_c02.jpg,IMG_2024.jpg,16,149,40,48,20260917
truffle_brownie_batter_0015,data/synthetic_slots/v1/dataset/images/train/truffle_brownie_batter/truffle_brownie_batter_0015.jpg,train,occupied,truffle_brownie_batter,Brownie Batter,IMG_1976_c016,IMG_1976.jpg,expanded_u2net,IMG_2027_r06_c01.jpg,IMG_2027.jpg,30,150,32,36,20260917
truffle_brownie_batter_0016,data/synthetic_slots/v1/dataset/images/train/truffle_brownie_batter/truffle_brownie_batter_0016.jpg,train,occupied,truffle_brownie_batter,Brownie Batter,IMG_1976_c016,IMG_1976.jpg,expanded_u2net,IMG_2033_r02_c01.jpg,IMG_2033.jpg,50,145,37,46,20260917
truffle_brownie_batter_0017,data/synthetic_slots/v1/dataset/images/train/truffle_brownie_batter/truffle_brownie_batter_0017.jpg,train,occupied,truffle_brownie_batter,Brownie Batter,IMG_1976_c016,IMG_1976.jpg,expanded_u2net,IMG_2021_r01_c01.jpg,IMG_2021.jpg,6,164,24,41,20260917
truffle_brownie_batter_0018,data/synthetic_slots/v1/dataset/images/train/truffle_brownie_batter/truffle_brownie_batter_0018.jpg,train,occupied,truffle_brownie_batter,Brownie Batter,IMG_1976_c016,IMG_1976.jpg,expanded_u2net,IMG_2025_r02_c02.jpg,IMG_2025.jpg,16,146,40,35,20260917
truffle_brownie_batter_0019,data/synthetic_slots/v1/dataset/images/train/truffle_brownie_batter/truffle_brownie_batter_0019.jpg,train,occupied,truffle_brownie_batter,Brownie Batter,IMG_1976_c016,IMG_1976.jpg,expanded_u2net,IMG_2028_r02_c04.jpg,IMG_2028.jpg,30,185,27,29,20260917
truffle_brownie_batter_0020,data/synthetic_slots/v1/dataset/images/train/truffle_brownie_batter/truffle_brownie_batter_0020.jpg,train,occupied,truffle_brownie_batter,Brownie Batter,IMG_1976_c016,IMG_1976.jpg,expanded_u2net,IMG_2032_r05_c03.jpg,IMG_2032.jpg,50,160,30,42,20260917
truffle_brownie_batter_0021,data/synthetic_slots/v1/dataset/images/train/truffle_brownie_batter/truffle_brownie_batter_0021.jpg,train,occupied,truffle_brownie_batter,Brownie Batter,IMG_1976_c016,IMG_1976.jpg,expanded_u2net,IMG_2019_r01_c01.jpg,IMG_2019.jpg,6,169,23,39,20260917
truffle_brownie_batter_0022,data/synthetic_slots/v1/dataset/images/train/truffle_brownie_batter/truffle_brownie_batter_0022.jpg,train,occupied,truffle_brownie_batter,Brownie Batter,IMG_1976_c016,IMG_1976.jpg,expanded_u2net,IMG_2026_r02_c04.jpg,IMG_2026.jpg,16,161,40,41,20260917
truffle_brownie_batter_0023,data/synthetic_slots/v1/dataset/images/train/truffle_brownie_batter/truffle_brownie_batter_0023.jpg,train,occupied,truffle_brownie_batter,Brownie Batter,IMG_1976_c016,IMG_1976.jpg,expanded_u2net,IMG_2027_r04_c04.jpg,IMG_2027.jpg,30,157,29,44,20260917
truffle_brownie_batter_0024,data/synthetic_slots/v1/dataset/images/train/truffle_brownie_batter/truffle_brownie_batter_0024.jpg,train,occupied,truffle_brownie_batter,Brownie Batter,IMG_1976_c016,IMG_1976.jpg,expanded_u2net,IMG_2033_r01_c05.jpg,IMG_2033.jpg,50,148,46,38,20260917
truffle_brownie_batter_0025,data/synthetic_slots/v1/dataset/images/train/truffle_brownie_batter/truffle_brownie_batter_0025.jpg,train,occupied,truffle_brownie_batter,Brownie Batter,IMG_1976_c016,IMG_1976.jpg,expanded_u2net,IMG_2021_r01_c02.jpg,IMG_2021.jpg,6,172,27,23,20260917
truffle_brownie_batter_0026,data/synthetic_slots/v1/dataset/images/train/truffle_brownie_batter/truffle_brownie_batter_0026.jpg,train,occupied,truffle_brownie_batter,Brownie Batter,IMG_1976_c016,IMG_1976.jpg,expanded_u2net,IMG_2025_r04_c04.jpg,IMG_2025.jpg,16,154,43,37,20260917
truffle_brownie_batter_0027,data/synthetic_slots/v1/dataset/images/train/truffle_brownie_batter/truffle_brownie_batter_0027.jpg,train,occupied,truffle_brownie_batter,Brownie Batter,IMG_1976_c016,IMG_1976.jpg,expanded_u2net,IMG_2028_r03_c05.jpg,IMG_2028.jpg,30,156,42,47,20260917
truffle_brownie_batter_0028,data/synthetic_slots/v1/dataset/images/train/truffle_brownie_batter/truffle_brownie_batter_0028.jpg,train,occupied,truffle_brownie_batter,Brownie Batter,IMG_1976_c016,IMG_1976.jpg,expanded_u2net,IMG_2033_r06_c04.jpg,IMG_2033.jpg,50,161,25,29,20260917
truffle_brownie_batter_0029,data/synthetic_slots/v1/dataset/images/train/truffle_brownie_batter/truffle_brownie_batter_0029.jpg,train,occupied,truffle_brownie_batter,Brownie Batter,IMG_1976_c016,IMG_1976.jpg,expanded_u2net,IMG_2019_r01_c01.jpg,IMG_2019.jpg,6,165,38,38,20260917
truffle_brownie_batter_0030,data/synthetic_slots/v1/dataset/images/train/truffle_brownie_batter/truffle_brownie_batter_0030.jpg,train,occupied,truffle_brownie_batter,Brownie Batter,IMG_1976_c016,IMG_1976.jpg,expanded_u2net,IMG_2026_r03_c04.jpg,IMG_2026.jpg,16,183,28,37,20260917
truffle_brownie_batter_0031,data/synthetic_slots/v1/dataset/images/train/truffle_brownie_batter/truffle_brownie_batter_0031.jpg,train,occupied,truffle_brownie_batter,Brownie Batter,IMG_1976_c016,IMG_1976.jpg,expanded_u2net,IMG_2027_r04_c05.jpg,IMG_2027.jpg,30,163,38,44,20260917
truffle_brownie_batter_0032,data/synthetic_slots/v1/dataset/images/train/truffle_brownie_batter/truffle_brownie_batter_0032.jpg,train,occupied,truffle_brownie_batter,Brownie Batter,IMG_1976_c016,IMG_1976.jpg,expanded_u2net,IMG_2033_r05_c04.jpg,IMG_2033.jpg,50,146,38,40,20260917
truffle_brownie_batter_0033,data/synthetic_slots/v1/dataset/images/train/truffle_brownie_batter/truffle_brownie_batter_0033.jpg,train,occupied,truffle_brownie_batter,Brownie Batter,IMG_1976_c016,IMG_1976.jpg,expanded_u2net,IMG_2021_r01_c01.jpg,IMG_2021.jpg,6,168,35,34,20260917
truffle_brownie_batter_0034,data/synthetic_slots/v1/dataset/images/train/truffle_brownie_batter/truffle_brownie_batter_0034.jpg,train,occupied,truffle_brownie_batter,Brownie Batter,IMG_1976_c016,IMG_1976.jpg,expanded_u2net,IMG_2026_r03_c03.jpg,IMG_2026.jpg,16,171,24,26,20260917
truffle_brownie_batter_0035,data/synthetic_slots/v1/dataset/images/train/truffle_brownie_batter/truffle_brownie_batter_0035.jpg,train,occupied,truffle_brownie_batter,Brownie Batter,IMG_1976_c016,IMG_1976.jpg,expanded_u2net,IMG_2028_r03_c04.jpg,IMG_2028.jpg,30,154,28,46,20260917
truffle_brownie_batter_0036,data/synthetic_slots/v1/dataset/images/train/truffle_brownie_batter/truffle_brownie_batter_0036.jpg,train,occupied,truffle_brownie_batter,Brownie Batter,IMG_1976_c016,IMG_1976.jpg,expanded_u2net,IMG_2033_r06_c04.jpg,IMG_2033.jpg,50,145,32,53,20260917
truffle_brownie_batter_0037,data/synthetic_slots/v1/dataset/images/train/truffle_brownie_batter/truffle_brownie_batter_0037.jpg,train,occupied,truffle_brownie_batter,Brownie Batter,IMG_1976_c016,IMG_1976.jpg,expanded_u2net,IMG_2021_r03_c01.jpg,IMG_2021.jpg,6,166,32,31,20260917
truffle_brownie_batter_0038,data/synthetic_slots/v1/dataset/images/train/truffle_brownie_batter/truffle_brownie_batter_0038.jpg,train,occupied,truffle_brownie_batter,Brownie Batter,IMG_1976_c016,IMG_1976.jpg,expanded_u2net,IMG_2024_r03_c02.jpg,IMG_2024.jpg,16,147,45,38,20260917
truffle_brownie_batter_0039,data/synthetic_slots/v1/dataset/images/train/truffle_brownie_batter/truffle_brownie_batter_0039.jpg,train,occupied,truffle_brownie_batter,Brownie Batter,IMG_1976_c016,IMG_1976.jpg,expanded_u2net,IMG_2027_r02_c02.jpg,IMG_2027.jpg,30,157,28,37,20260917
truffle_brownie_batter_0040,data/synthetic_slots/v1/dataset/images/train/truffle_brownie_batter/truffle_brownie_batter_0040.jpg,train,occupied,truffle_brownie_batter,Brownie Batter,IMG_1976_c016,IMG_1976.jpg,expanded_u2net,IMG_2031_r07_c04.jpg,IMG_2031.jpg,50,177,17,32,20260917
truffle_brownie_batter_0041,data/synthetic_slots/v1/dataset/images/train/truffle_brownie_batter/truffle_brownie_batter_0041.jpg,train,occupied,truffle_brownie_batter,Brownie Batter,IMG_1976_c016,IMG_1976.jpg,expanded_u2net,IMG_2019_r02_c01.jpg,IMG_2019.jpg,6,178,31,35,20260917
truffle_brownie_batter_0042,data/synthetic_slots/v1/dataset/images/train/truffle_brownie_batter/truffle_brownie_batter_0042.jpg,train,occupied,truffle_brownie_batter,Brownie Batter,IMG_1976_c016,IMG_1976.jpg,expanded_u2net,IMG_2024_r03_c04.jpg,IMG_2024.jpg,16,172,28,25,20260917
truffle_brownie_batter_0043,data/synthetic_slots/v1/dataset/images/train/truffle_brownie_batter/truffle_brownie_batter_0043.jpg,train,occupied,truffle_brownie_batter,Brownie Batter,IMG_1976_c016,IMG_1976.jpg,expanded_u2net,IMG_2027_r02_c03.jpg,IMG_2027.jpg,30,170,22,30,20260917
truffle_brownie_batter_0044,data/synthetic_slots/v1/dataset/images/train/truffle_brownie_batter/truffle_brownie_batter_0044.jpg,train,occupied,truffle_brownie_batter,Brownie Batter,IMG_1976_c016,IMG_1976.jpg,expanded_u2net,IMG_2031_r07_c03.jpg,IMG_2031.jpg,50,173,22,35,20260917
truffle_brownie_batter_0045,data/synthetic_slots/v1/dataset/images/train/truffle_brownie_batter/truffle_brownie_batter_0045.jpg,train,occupied,truffle_brownie_batter,Brownie Batter,IMG_1976_c016,IMG_1976.jpg,expanded_u2net,IMG_2021_r03_c02.jpg,IMG_2021.jpg,6,170,23,25,20260917
truffle_brownie_batter_0046,data/synthetic_slots/v1/dataset/images/train/truffle_brownie_batter/truffle_brownie_batter_0046.jpg,train,occupied,truffle_brownie_batter,Brownie Batter,IMG_1976_c016,IMG_1976.jpg,expanded_u2net,IMG_2026_r01_c04.jpg,IMG_2026.jpg,16,146,40,50,20260917
truffle_brownie_batter_0047,data/synthetic_slots/v1/dataset/images/train/truffle_brownie_batter/truffle_brownie_batter_0047.jpg,train,occupied,truffle_brownie_batter,Brownie Batter,IMG_1976_c016,IMG_1976.jpg,expanded_u2net,IMG_2028_r02_c02.jpg,IMG_2028.jpg,30,152,37,52,20260917
truffle_brownie_batter_0048,data/synthetic_slots/v1/dataset/images/train/truffle_brownie_batter/truffle_brownie_batter_0048.jpg,train,occupied,truffle_brownie_batter,Brownie Batter,IMG_1976_c016,IMG_1976.jpg,expanded_u2net,IMG_2031_r09_c04.jpg,IMG_2031.jpg,50,162,30,45,20260917
truffle_brownie_batter_0049,data/synthetic_slots/v1/dataset/images/train/truffle_brownie_batter/truffle_brownie_batter_0049.jpg,train,occupied,truffle_brownie_batter,Brownie Batter,IMG_1976_c016,IMG_1976.jpg,expanded_u2net,IMG_2021_r01_c01.jpg,IMG_2021.jpg,6,171,35,39,20260917
truffle_brownie_batter_0050,data/synthetic_slots/v1/dataset/images/train/truffle_brownie_batter/truffle_brownie_batter_0050.jpg,train,occupied,truffle_brownie_batter,Brownie Batter,IMG_1976_c016,IMG_1976.jpg,expanded_u2net,IMG_2022_r01_c01.jpg,IMG_2022.jpg,16,179,26,38,20260917
truffle_brownie_batter_0051,data/synthetic_slots/v1/dataset/images/train/truffle_brownie_batter/truffle_brownie_batter_0051.jpg,train,occupied,truffle_brownie_batter,Brownie Batter,IMG_1976_c016,IMG_1976.jpg,expanded_u2net,IMG_2029_r01_c04.jpg,IMG_2029.jpg,30,147,40,36,20260917
truffle_brownie_batter_0052,data/synthetic_slots/v1/dataset/images/train/truffle_brownie_batter/truffle_brownie_batter_0052.jpg,train,occupied,truffle_brownie_batter,Brownie Batter,IMG_1976_c016,IMG_1976.jpg,expanded_u2net,IMG_2031_r01_c05.jpg,IMG_2031.jpg,50,163,21,43,20260917
truffle_brownie_batter_0053,data/synthetic_slots/v1/dataset/images/train/truffle_brownie_batter/truffle_brownie_batter_0053.jpg,train,occupied,truffle_brownie_batter,Brownie Batter,IMG_1976_c016,IMG_1976.jpg,expanded_u2net,IMG_2021_r01_c02.jpg,IMG_2021.jpg,6,168,34,25,20260917
truffle_brownie_batter_0054,data/synthetic_slots/v1/dataset/images/train/truffle_brownie_batter/truffle_brownie_batter_0054.jpg,train,occupied,truffle_brownie_batter,Brownie Batter,IMG_1976_c016,IMG_1976.jpg,expanded_u2net,IMG_2024_r01_c04.jpg,IMG_2024.jpg,16,167,37,27,20260917
truffle_brownie_batter_0055,data/synthetic_slots/v1/dataset/images/train/truffle_brownie_batter/truffle_brownie_batter_0055.jpg,train,occupied,truffle_brownie_batter,Brownie Batter,IMG_1976_c016,IMG_1976.jpg,expanded_u2net,IMG_2029_r01_c03.jpg,IMG_2029.jpg,30,147,30,49,20260917
truffle_brownie_batter_0056,data/synthetic_slots/v1/dataset/images/train/truffle_brownie_batter/truffle_brownie_batter_0056.jpg,train,occupied,truffle_brownie_batter,Brownie Batter,IMG_1976_c016,IMG_1976.jpg,expanded_u2net,IMG_2033_r03_c02.jpg,IMG_2033.jpg,50,145,32,43,20260917
truffle_brownie_batter_0057,data/synthetic_slots/v1/dataset/images/train/truffle_brownie_batter/truffle_brownie_batter_0057.jpg,train,occupied,truffle_brownie_batter,Brownie Batter,IMG_1976_c016,IMG_1976.jpg,expanded_u2net,IMG_2019_r02_c02.jpg,IMG_2019.jpg,6,154,26,41,20260917
truffle_brownie_batter_0058,data/synthetic_slots/v1/dataset/images/train/truffle_brownie_batter/truffle_brownie_batter_0058.jpg,train,occupied,truffle_brownie_batter,Brownie Batter,IMG_1976_c016,IMG_1976.jpg,expanded_u2net,IMG_2024_r01_c01.jpg,IMG_2024.jpg,16,148,47,36,20260917
truffle_brownie_batter_0059,data/synthetic_slots/v1/dataset/images/train/truffle_brownie_batter/truffle_brownie_batter_0059.jpg,train,occupied,truffle_brownie_batter,Brownie Batter,IMG_1976_c016,IMG_1976.jpg,expanded_u2net,IMG_2029_r02_c04.jpg,IMG_2029.jpg,30,182,29,32,20260917
truffle_brownie_batter_0060,data/synthetic_slots/v1/dataset/images/train/truffle_brownie_batter/truffle_brownie_batter_0060.jpg,train,occupied,truffle_brownie_batter,Brownie Batter,IMG_1976_c016,IMG_1976.jpg,expanded_u2net,IMG_2032_r01_c01.jpg,IMG_2032.jpg,50,150,33,50,20260917
truffle_brownie_batter_0061,data/synthetic_slots/v1/dataset/images/train/truffle_brownie_batter/truffle_brownie_batter_0061.jpg,train,occupied,truffle_brownie_batter,Brownie Batter,IMG_1976_c016,IMG_1976.jpg,expanded_u2net,IMG_2019_r03_c02.jpg,IMG_2019.jpg,6,180,23,32,20260917
truffle_brownie_batter_0062,data/synthetic_slots/v1/dataset/images/train/truffle_brownie_batter/truffle_brownie_batter_0062.jpg,train,occupied,truffle_brownie_batter,Brownie Batter,IMG_1976_c016,IMG_1976.jpg,expanded_u2net,IMG_2024_r03_c01.jpg,IMG_2024.jpg,16,181,17,36,20260917
truffle_brownie_batter_0063,data/synthetic_slots/v1/dataset/images/train/truffle_brownie_batter/truffle_brownie_batter_0063.jpg,train,occupied,truffle_brownie_batter,Brownie Batter,IMG_1976_c016,IMG_1976.jpg,expanded_u2net,IMG_2028_r04_c05.jpg,IMG_2028.jpg,30,173,22,32,20260917
truffle_brownie_batter_0064,data/synthetic_slots/v1/dataset/images/train/truffle_brownie_batter/truffle_brownie_batter_0064.jpg,train,occupied,truffle_brownie_batter,Brownie Batter,IMG_1976_c016,IMG_1976.jpg,expanded_u2net,IMG_2032_r03_c03.jpg,IMG_2032.jpg,50,160,26,39,20260917
truffle_brownie_batter_0065,data/synthetic_slots/v1/dataset/images/train/truffle_brownie_batter/truffle_brownie_batter_0065.jpg,train,occupied,truffle_brownie_batter,Brownie Batter,IMG_1976_c016,IMG_1976.jpg,expanded_u2net,IMG_2019_r01_c01.jpg,IMG_2019.jpg,6,175,15,31,20260917
truffle_brownie_batter_0066,data/synthetic_slots/v1/dataset/images/train/truffle_brownie_batter/truffle_brownie_batter_0066.jpg,train,occupied,truffle_brownie_batter,Brownie Batter,IMG_1976_c016,IMG_1976.jpg,expanded_u2net,IMG_2024_r03_c02.jpg,IMG_2024.jpg,16,167,37,32,20260917
truffle_brownie_batter_0067,data/synthetic_slots/v1/dataset/images/train/truffle_brownie_batter/truffle_brownie_batter_0067.jpg,train,occupied,truffle_brownie_batter,Brownie Batter,IMG_1976_c016,IMG_1976.jpg,expanded_u2net,IMG_2027_r03_c04.jpg,IMG_2027.jpg,30,161,25,29,20260917
truffle_brownie_batter_0068,data/synthetic_slots/v1/dataset/images/train/truffle_brownie_batter/truffle_brownie_batter_0068.jpg,train,occupied,truffle_brownie_batter,Brownie Batter,IMG_1976_c016,IMG_1976.jpg,expanded_u2net,IMG_2033_r08_c03.jpg,IMG_2033.jpg,50,147,33,40,20260917
truffle_brownie_batter_0069,data/synthetic_slots/v1/dataset/images/train/truffle_brownie_batter/truffle_brownie_batter_0069.jpg,train,occupied,truffle_brownie_batter,Brownie Batter,IMG_1976_c016,IMG_1976.jpg,expanded_u2net,IMG_2019_r03_c01.jpg,IMG_2019.jpg,6,167,27,38,20260917
truffle_brownie_batter_0070,data/synthetic_slots/v1/dataset/images/train/truffle_brownie_batter/truffle_brownie_batter_0070.jpg,train,occupied,truffle_brownie_batter,Brownie Batter,IMG_1976_c016,IMG_1976.jpg,expanded_u2net,IMG_2025_r04_c01.jpg,IMG_2025.jpg,16,166,26,46,20260917
truffle_brownie_batter_0071,data/synthetic_slots/v1/dataset/images/train/truffle_brownie_batter/truffle_brownie_batter_0071.jpg,train,occupied,truffle_brownie_batter,Brownie Batter,IMG_1976_c016,IMG_1976.jpg,expanded_u2net,IMG_2027_r05_c02.jpg,IMG_2027.jpg,30,165,28,41,20260917
truffle_brownie_batter_0072,data/synthetic_slots/v1/dataset/images/train/truffle_brownie_batter/truffle_brownie_batter_0072.jpg,train,occupied,truffle_brownie_batter,Brownie Batter,IMG_1976_c016,IMG_1976.jpg,expanded_u2net,IMG_2032_r07_c05.jpg,IMG_2032.jpg,50,169,33,42,20260917
truffle_brownie_batter_0073,data/synthetic_slots/v1/dataset/images/train/truffle_brownie_batter/truffle_brownie_batter_0073.jpg,train,occupied,truffle_brownie_batter,Brownie Batter,IMG_1976_c016,IMG_1976.jpg,expanded_u2net,IMG_2019_r03_c01.jpg,IMG_2019.jpg,6,164,26,36,20260917
truffle_brownie_batter_0074,data/synthetic_slots/v1/dataset/images/train/truffle_brownie_batter/truffle_brownie_batter_0074.jpg,train,occupied,truffle_brownie_batter,Brownie Batter,IMG_1976_c016,IMG_1976.jpg,expanded_u2net,IMG_2022_r02_c02.jpg,IMG_2022.jpg,16,147,33,50,20260917
truffle_brownie_batter_0075,data/synthetic_slots/v1/dataset/images/train/truffle_brownie_batter/truffle_brownie_batter_0075.jpg,train,occupied,truffle_brownie_batter,Brownie Batter,IMG_1976_c016,IMG_1976.jpg,expanded_u2net,IMG_2028_r05_c02.jpg,IMG_2028.jpg,30,162,30,40,20260917
truffle_brownie_batter_0076,data/synthetic_slots/v1/dataset/images/train/truffle_brownie_batter/truffle_brownie_batter_0076.jpg,train,occupied,truffle_brownie_batter,Brownie Batter,IMG_1976_c016,IMG_1976.jpg,expanded_u2net,IMG_2032_r09_c04.jpg,IMG_2032.jpg,50,148,33,53,20260917
truffle_brownie_batter_0077,data/synthetic_slots/v1/dataset/images/train/truffle_brownie_batter/truffle_brownie_batter_0077.jpg,train,occupied,truffle_brownie_batter,Brownie Batter,IMG_1976_c016,IMG_1976.jpg,expanded_u2net,IMG_2019_r03_c01.jpg,IMG_2019.jpg,6,181,25,27,20260917
truffle_brownie_batter_0078,data/synthetic_slots/v1/dataset/images/train/truffle_brownie_batter/truffle_brownie_batter_0078.jpg,train,occupied,truffle_brownie_batter,Brownie Batter,IMG_1976_c016,IMG_1976.jpg,expanded_u2net,IMG_2022_r04_c03.jpg,IMG_2022.jpg,16,181,26,38,20260917
truffle_brownie_batter_0079,data/synthetic_slots/v1/dataset/images/train/truffle_brownie_batter/truffle_brownie_batter_0079.jpg,train,occupied,truffle_brownie_batter,Brownie Batter,IMG_1976_c016,IMG_1976.jpg,expanded_u2net,IMG_2029_r04_c03.jpg,IMG_2029.jpg,30,178,15,31,20260917
truffle_brownie_batter_0080,data/synthetic_slots/v1/dataset/images/train/truffle_brownie_batter/truffle_brownie_batter_0080.jpg,train,occupied,truffle_brownie_batter,Brownie Batter,IMG_1976_c016,IMG_1976.jpg,expanded_u2net,IMG_2031_r07_c04.jpg,IMG_2031.jpg,50,157,24,40,20260917
truffle_brownie_batter_0081,data/synthetic_slots/v1/dataset/images/validation/truffle_brownie_batter/truffle_brownie_batter_0081.jpg,validation,occupied,truffle_brownie_batter,Brownie Batter,IMG_1976_c016,IMG_1976.jpg,expanded_u2net,IMG_2020_r01_c02.jpg,IMG_2020.jpg,6,181,13,33,20260917
truffle_brownie_batter_0082,data/synthetic_slots/v1/dataset/images/validation/truffle_brownie_batter/truffle_brownie_batter_0082.jpg,validation,occupied,truffle_brownie_batter,Brownie Batter,IMG_1976_c016,IMG_1976.jpg,expanded_u2net,IMG_2023_r04_c01.jpg,IMG_2023.jpg,16,172,34,33,20260917
truffle_brownie_batter_0083,data/synthetic_slots/v1/dataset/images/validation/truffle_brownie_batter/truffle_brownie_batter_0083.jpg,validation,occupied,truffle_brownie_batter,Brownie Batter,IMG_1976_c016,IMG_1976.jpg,expanded_u2net,IMG_2030_r01_c02.jpg,IMG_2030.jpg,30,145,42,39,20260917
truffle_brownie_batter_0084,data/synthetic_slots/v1/dataset/images/validation/truffle_brownie_batter/truffle_brownie_batter_0084.jpg,validation,occupied,truffle_brownie_batter,Brownie Batter,IMG_1976_c016,IMG_1976.jpg,expanded_u2net,IMG_2034_r01_c02.jpg,IMG_2034.jpg,50,166,31,38,20260917
truffle_brownie_batter_0085,data/synthetic_slots/v1/dataset/images/validation/truffle_brownie_batter/truffle_brownie_batter_0085.jpg,validation,occupied,truffle_brownie_batter,Brownie Batter,IMG_1976_c016,IMG_1976.jpg,expanded_u2net,IMG_2020_r02_c02.jpg,IMG_2020.jpg,6,165,22,41,20260917
truffle_brownie_batter_0086,data/synthetic_slots/v1/dataset/images/validation/truffle_brownie_batter/truffle_brownie_batter_0086.jpg,validation,occupied,truffle_brownie_batter,Brownie Batter,IMG_1976_c016,IMG_1976.jpg,expanded_u2net,IMG_2023_r02_c02.jpg,IMG_2023.jpg,16,177,32,37,20260917
truffle_brownie_batter_0087,data/synthetic_slots/v1/dataset/images/validation/truffle_brownie_batter/truffle_brownie_batter_0087.jpg,validation,occupied,truffle_brownie_batter,Brownie Batter,IMG_1976_c016,IMG_1976.jpg,expanded_u2net,IMG_2030_r01_c03.jpg,IMG_2030.jpg,30,149,39,46,20260917
truffle_brownie_batter_0088,data/synthetic_slots/v1/dataset/images/validation/truffle_brownie_batter/truffle_brownie_batter_0088.jpg,validation,occupied,truffle_brownie_batter,Brownie Batter,IMG_1976_c016,IMG_1976.jpg,expanded_u2net,IMG_2034_r06_c01.jpg,IMG_2034.jpg,50,156,35,36,20260917
truffle_brownie_batter_0089,data/synthetic_slots/v1/dataset/images/validation/truffle_brownie_batter/truffle_brownie_batter_0089.jpg,validation,occupied,truffle_brownie_batter,Brownie Batter,IMG_1976_c016,IMG_1976.jpg,expanded_u2net,IMG_2020_r03_c02.jpg,IMG_2020.jpg,6,162,27,41,20260917
truffle_brownie_batter_0090,data/synthetic_slots/v1/dataset/images/validation/truffle_brownie_batter/truffle_brownie_batter_0090.jpg,validation,occupied,truffle_brownie_batter,Brownie Batter,IMG_1976_c016,IMG_1976.jpg,expanded_u2net,IMG_2023_r01_c01.jpg,IMG_2023.jpg,16,151,37,50,20260917
truffle_brownie_batter_0091,data/synthetic_slots/v1/dataset/images/validation/truffle_brownie_batter/truffle_brownie_batter_0091.jpg,validation,occupied,truffle_brownie_batter,Brownie Batter,IMG_1976_c016,IMG_1976.jpg,expanded_u2net,IMG_2030_r05_c01.jpg,IMG_2030.jpg,30,169,20,32,20260917
truffle_brownie_batter_0092,data/synthetic_slots/v1/dataset/images/validation/truffle_brownie_batter/truffle_brownie_batter_0092.jpg,validation,occupied,truffle_brownie_batter,Brownie Batter,IMG_1976_c016,IMG_1976.jpg,expanded_u2net,IMG_2034_r03_c02.jpg,IMG_2034.jpg,50,182,23,23,20260917
truffle_brownie_batter_0093,data/synthetic_slots/v1/dataset/images/validation/truffle_brownie_batter/truffle_brownie_batter_0093.jpg,validation,occupied,truffle_brownie_batter,Brownie Batter,IMG_1976_c016,IMG_1976.jpg,expanded_u2net,IMG_2020_r01_c02.jpg,IMG_2020.jpg,6,183,16,26,20260917
truffle_brownie_batter_0094,data/synthetic_slots/v1/dataset/images/validation/truffle_brownie_batter/truffle_brownie_batter_0094.jpg,validation,occupied,truffle_brownie_batter,Brownie Batter,IMG_1976_c016,IMG_1976.jpg,expanded_u2net,IMG_2023_r03_c02.jpg,IMG_2023.jpg,16,183,28,28,20260917
truffle_brownie_batter_0095,data/synthetic_slots/v1/dataset/images/validation/truffle_brownie_batter/truffle_brownie_batter_0095.jpg,validation,occupied,truffle_brownie_batter,Brownie Batter,IMG_1976_c016,IMG_1976.jpg,expanded_u2net,IMG_2030_r01_c02.jpg,IMG_2030.jpg,30,158,25,37,20260917
truffle_brownie_batter_0096,data/synthetic_slots/v1/dataset/images/validation/truffle_brownie_batter/truffle_brownie_batter_0096.jpg,validation,occupied,truffle_brownie_batter,Brownie Batter,IMG_1976_c016,IMG_1976.jpg,expanded_u2net,IMG_2034_r08_c04.jpg,IMG_2034.jpg,50,178,28,26,20260917
truffle_brownie_batter_0097,data/synthetic_slots/v1/dataset/images/validation/truffle_brownie_batter/truffle_brownie_batter_0097.jpg,validation,occupied,truffle_brownie_batter,Brownie Batter,IMG_1976_c016,IMG_1976.jpg,expanded_u2net,IMG_2020_r01_c01.jpg,IMG_2020.jpg,6,175,16,37,20260917
truffle_brownie_batter_0098,data/synthetic_slots/v1/dataset/images/validation/truffle_brownie_batter/truffle_brownie_batter_0098.jpg,validation,occupied,truffle_brownie_batter,Brownie Batter,IMG_1976_c016,IMG_1976.jpg,expanded_u2net,IMG_2023_r04_c04.jpg,IMG_2023.jpg,16,172,21,33,20260917
truffle_brownie_batter_0099,data/synthetic_slots/v1/dataset/images/validation/truffle_brownie_batter/truffle_brownie_batter_0099.jpg,validation,occupied,truffle_brownie_batter,Brownie Batter,IMG_1976_c016,IMG_1976.jpg,expanded_u2net,IMG_2030_r01_c01.jpg,IMG_2030.jpg,30,183,27,24,20260917
truffle_brownie_batter_0100,data/synthetic_slots/v1/dataset/images/validation/truffle_brownie_batter/truffle_brownie_batter_0100.jpg,validation,occupied,truffle_brownie_batter,Brownie Batter,IMG_1976_c016,IMG_1976.jpg,expanded_u2net,IMG_2034_r08_c04.jpg,IMG_2034.jpg,50,148,34,39,20260917
truffle_caramel_apple_cider_0001,data/synthetic_slots/v1/dataset/images/train/truffle_caramel_apple_cider/truffle_caramel_apple_cider_0001.jpg,train,occupied,truffle_caramel_apple_cider,Caramel Apple Cider,IMG_1964_c006,IMG_1964.jpg,expanded_u2net,IMG_2021_r01_c02.jpg,IMG_2021.jpg,6,172,18,32,20260917
truffle_caramel_apple_cider_0002,data/synthetic_slots/v1/dataset/images/train/truffle_caramel_apple_cider/truffle_caramel_apple_cider_0002.jpg,train,occupied,truffle_caramel_apple_cider,Caramel Apple Cider,IMG_1964_c006,IMG_1964.jpg,expanded_u2net,IMG_2026_r03_c04.jpg,IMG_2026.jpg,16,162,34,29,20260917
truffle_caramel_apple_cider_0003,data/synthetic_slots/v1/dataset/images/train/truffle_caramel_apple_cider/truffle_caramel_apple_cider_0003.jpg,train,occupied,truffle_caramel_apple_cider,Caramel Apple Cider,IMG_1964_c006,IMG_1964.jpg,expanded_u2net,IMG_2027_r02_c01.jpg,IMG_2027.jpg,30,174,33,29,20260917
truffle_caramel_apple_cider_0004,data/synthetic_slots/v1/dataset/images/train/truffle_caramel_apple_cider/truffle_caramel_apple_cider_0004.jpg,train,occupied,truffle_caramel_apple_cider,Caramel Apple Cider,IMG_1964_c006,IMG_1964.jpg,expanded_u2net,IMG_2031_r04_c02.jpg,IMG_2031.jpg,50,167,36,23,20260917
truffle_caramel_apple_cider_0005,data/synthetic_slots/v1/dataset/images/train/truffle_caramel_apple_cider/truffle_caramel_apple_cider_0005.jpg,train,occupied,truffle_caramel_apple_cider,Caramel Apple Cider,IMG_1964_c006,IMG_1964.jpg,expanded_u2net,IMG_2021_r03_c02.jpg,IMG_2021.jpg,6,159,38,24,20260917
truffle_caramel_apple_cider_0006,data/synthetic_slots/v1/dataset/images/train/truffle_caramel_apple_cider/truffle_caramel_apple_cider_0006.jpg,train,occupied,truffle_caramel_apple_cider,Caramel Apple Cider,IMG_1964_c006,IMG_1964.jpg,expanded_u2net,IMG_2025_r03_c02.jpg,IMG_2025.jpg,16,153,35,29,20260917
truffle_caramel_apple_cider_0007,data/synthetic_slots/v1/dataset/images/train/truffle_caramel_apple_cider/truffle_caramel_apple_cider_0007.jpg,train,occupied,truffle_caramel_apple_cider,Caramel Apple Cider,IMG_1964_c006,IMG_1964.jpg,expanded_u2net,IMG_2028_r06_c02.jpg,IMG_2028.jpg,30,182,19,31,20260917
truffle_caramel_apple_cider_0008,data/synthetic_slots/v1/dataset/images/train/truffle_caramel_apple_cider/truffle_caramel_apple_cider_0008.jpg,train,occupied,truffle_caramel_apple_cider,Caramel Apple Cider,IMG_1964_c006,IMG_1964.jpg,expanded_u2net,IMG_2031_r08_c01.jpg,IMG_2031.jpg,50,159,40,29,20260917
truffle_caramel_apple_cider_0009,data/synthetic_slots/v1/dataset/images/train/truffle_caramel_apple_cider/truffle_caramel_apple_cider_0009.jpg,train,occupied,truffle_caramel_apple_cider,Caramel Apple Cider,IMG_1964_c006,IMG_1964.jpg,expanded_u2net,IMG_2019_r01_c02.jpg,IMG_2019.jpg,6,163,21,36,20260917
truffle_caramel_apple_cider_0010,data/synthetic_slots/v1/dataset/images/train/truffle_caramel_apple_cider/truffle_caramel_apple_cider_0010.jpg,train,occupied,truffle_caramel_apple_cider,Caramel Apple Cider,IMG_1964_c006,IMG_1964.jpg,expanded_u2net,IMG_2024_r04_c03.jpg,IMG_2024.jpg,16,173,33,25,20260917
truffle_caramel_apple_cider_0011,data/synthetic_slots/v1/dataset/images/train/truffle_caramel_apple_cider/truffle_caramel_apple_cider_0011.jpg,train,occupied,truffle_caramel_apple_cider,Caramel Apple Cider,IMG_1964_c006,IMG_1964.jpg,expanded_u2net,IMG_2028_r01_c05.jpg,IMG_2028.jpg,30,164,35,36,20260917
truffle_caramel_apple_cider_0012,data/synthetic_slots/v1/dataset/images/train/truffle_caramel_apple_cider/truffle_caramel_apple_cider_0012.jpg,train,occupied,truffle_caramel_apple_cider,Caramel Apple Cider,IMG_1964_c006,IMG_1964.jpg,expanded_u2net,IMG_2032_r06_c02.jpg,IMG_2032.jpg,50,155,26,29,20260917
truffle_caramel_apple_cider_0013,data/synthetic_slots/v1/dataset/images/train/truffle_caramel_apple_cider/truffle_caramel_apple_cider_0013.jpg,train,occupied,truffle_caramel_apple_cider,Caramel Apple Cider,IMG_1964_c006,IMG_1964.jpg,expanded_u2net,IMG_2021_r01_c01.jpg,IMG_2021.jpg,6,179,19,22,20260917
truffle_caramel_apple_cider_0014,data/synthetic_slots/v1/dataset/images/train/truffle_caramel_apple_cider/truffle_caramel_apple_cider_0014.jpg,train,occupied,truffle_caramel_apple_cider,Caramel Apple Cider,IMG_1964_c006,IMG_1964.jpg,expanded_u2net,IMG_2025_r03_c02.jpg,IMG_2025.jpg,16,166,38,30,20260917
truffle_caramel_apple_cider_0015,data/synthetic_slots/v1/dataset/images/train/truffle_caramel_apple_cider/truffle_caramel_apple_cider_0015.jpg,train,occupied,truffle_caramel_apple_cider,Caramel Apple Cider,IMG_1964_c006,IMG_1964.jpg,expanded_u2net,IMG_2028_r02_c03.jpg,IMG_2028.jpg,30,156,26,28,20260917
truffle_caramel_apple_cider_0016,data/synthetic_slots/v1/dataset/images/train/truffle_caramel_apple_cider/truffle_caramel_apple_cider_0016.jpg,train,occupied,truffle_caramel_apple_cider,Caramel Apple Cider,IMG_1964_c006,IMG_1964.jpg,expanded_u2net,IMG_2031_r08_c05.jpg,IMG_2031.jpg,50,167,35,34,20260917
truffle_caramel_apple_cider_0017,data/synthetic_slots/v1/dataset/images/train/truffle_caramel_apple_cider/truffle_caramel_apple_cider_0017.jpg,train,occupied,truffle_caramel_apple_cider,Caramel Apple Cider,IMG_1964_c006,IMG_1964.jpg,expanded_u2net,IMG_2019_r03_c02.jpg,IMG_2019.jpg,6,170,23,26,20260917
truffle_caramel_apple_cider_0018,data/synthetic_slots/v1/dataset/images/train/truffle_caramel_apple_cider/truffle_caramel_apple_cider_0018.jpg,train,occupied,truffle_caramel_apple_cider,Caramel Apple Cider,IMG_1964_c006,IMG_1964.jpg,expanded_u2net,IMG_2022_r04_c04.jpg,IMG_2022.jpg,16,182,16,19,20260917
truffle_caramel_apple_cider_0019,data/synthetic_slots/v1/dataset/images/train/truffle_caramel_apple_cider/truffle_caramel_apple_cider_0019.jpg,train,occupied,truffle_caramel_apple_cider,Caramel Apple Cider,IMG_1964_c006,IMG_1964.jpg,expanded_u2net,IMG_2028_r03_c03.jpg,IMG_2028.jpg,30,154,27,34,20260917
truffle_caramel_apple_cider_0020,data/synthetic_slots/v1/dataset/images/train/truffle_caramel_apple_cider/truffle_caramel_apple_cider_0020.jpg,train,occupied,truffle_caramel_apple_cider,Caramel Apple Cider,IMG_1964_c006,IMG_1964.jpg,expanded_u2net,IMG_2032_r08_c01.jpg,IMG_2032.jpg,50,163,27,28,20260917
truffle_caramel_apple_cider_0021,data/synthetic_slots/v1/dataset/images/train/truffle_caramel_apple_cider/truffle_caramel_apple_cider_0021.jpg,train,occupied,truffle_caramel_apple_cider,Caramel Apple Cider,IMG_1964_c006,IMG_1964.jpg,expanded_u2net,IMG_2019_r01_c02.jpg,IMG_2019.jpg,6,165,35,29,20260917
truffle_caramel_apple_cider_0022,data/synthetic_slots/v1/dataset/images/train/truffle_caramel_apple_cider/truffle_caramel_apple_cider_0022.jpg,train,occupied,truffle_caramel_apple_cider,Caramel Apple Cider,IMG_1964_c006,IMG_1964.jpg,expanded_u2net,IMG_2024_r04_c01.jpg,IMG_2024.jpg,16,174,29,32,20260917
truffle_caramel_apple_cider_0023,data/synthetic_slots/v1/dataset/images/train/truffle_caramel_apple_cider/truffle_caramel_apple_cider_0023.jpg,train,occupied,truffle_caramel_apple_cider,Caramel Apple Cider,IMG_1964_c006,IMG_1964.jpg,expanded_u2net,IMG_2028_r01_c02.jpg,IMG_2028.jpg,30,158,33,33,20260917
truffle_caramel_apple_cider_0024,data/synthetic_slots/v1/dataset/images/train/truffle_caramel_apple_cider/truffle_caramel_apple_cider_0024.jpg,train,occupied,truffle_caramel_apple_cider,Caramel Apple Cider,IMG_1964_c006,IMG_1964.jpg,expanded_u2net,IMG_2031_r09_c03.jpg,IMG_2031.jpg,50,172,25,23,20260917
truffle_caramel_apple_cider_0025,data/synthetic_slots/v1/dataset/images/train/truffle_caramel_apple_cider/truffle_caramel_apple_cider_0025.jpg,train,occupied,truffle_caramel_apple_cider,Caramel Apple Cider,IMG_1964_c006,IMG_1964.jpg,expanded_u2net,IMG_2019_r02_c02.jpg,IMG_2019.jpg,6,173,23,27,20260917
truffle_caramel_apple_cider_0026,data/synthetic_slots/v1/dataset/images/train/truffle_caramel_apple_cider/truffle_caramel_apple_cider_0026.jpg,train,occupied,truffle_caramel_apple_cider,Caramel Apple Cider,IMG_1964_c006,IMG_1964.jpg,expanded_u2net,IMG_2022_r01_c02.jpg,IMG_2022.jpg,16,167,36,24,20260917
truffle_caramel_apple_cider_0027,data/synthetic_slots/v1/dataset/images/train/truffle_caramel_apple_cider/truffle_caramel_apple_cider_0027.jpg,train,occupied,truffle_caramel_apple_cider,Caramel Apple Cider,IMG_1964_c006,IMG_1964.jpg,expanded_u2net,IMG_2028_r05_c05.jpg,IMG_2028.jpg,30,184,18,18,20260917
truffle_caramel_apple_cider_0028,data/synthetic_slots/v1/dataset/images/train/truffle_caramel_apple_cider/truffle_caramel_apple_cider_0028.jpg,train,occupied,truffle_caramel_apple_cider,Caramel Apple Cider,IMG_1964_c006,IMG_1964.jpg,expanded_u2net,IMG_2032_r10_c03.jpg,IMG_2032.jpg,50,176,32,26,20260917
truffle_caramel_apple_cider_0029,data/synthetic_slots/v1/dataset/images/train/truffle_caramel_apple_cider/truffle_caramel_apple_cider_0029.jpg,train,occupied,truffle_caramel_apple_cider,Caramel Apple Cider,IMG_1964_c006,IMG_1964.jpg,expanded_u2net,IMG_2019_r02_c02.jpg,IMG_2019.jpg,6,171,32,37,20260917
truffle_caramel_apple_cider_0030,data/synthetic_slots/v1/dataset/images/train/truffle_caramel_apple_cider/truffle_caramel_apple_cider_0030.jpg,train,occupied,truffle_caramel_apple_cider,Caramel Apple Cider,IMG_1964_c006,IMG_1964.jpg,expanded_u2net,IMG_2024_r02_c02.jpg,IMG_2024.jpg,16,159,25,42,20260917
truffle_caramel_apple_cider_0031,data/synthetic_slots/v1/dataset/images/train/truffle_caramel_apple_cider/truffle_caramel_apple_cider_0031.jpg,train,occupied,truffle_caramel_apple_cider,Caramel Apple Cider,IMG_1964_c006,IMG_1964.jpg,expanded_u2net,IMG_2028_r02_c03.jpg,IMG_2028.jpg,30,169,25,34,20260917
truffle_caramel_apple_cider_0032,data/synthetic_slots/v1/dataset/images/train/truffle_caramel_apple_cider/truffle_caramel_apple_cider_0032.jpg,train,occupied,truffle_caramel_apple_cider,Caramel Apple Cider,IMG_1964_c006,IMG_1964.jpg,expanded_u2net,IMG_2031_r03_c03.jpg,IMG_2031.jpg,50,146,35,46,20260917
truffle_caramel_apple_cider_0033,data/synthetic_slots/v1/dataset/images/train/truffle_caramel_apple_cider/truffle_caramel_apple_cider_0033.jpg,train,occupied,truffle_caramel_apple_cider,Caramel Apple Cider,IMG_1964_c006,IMG_1964.jpg,expanded_u2net,IMG_2019_r02_c02.jpg,IMG_2019.jpg,6,160,41,34,20260917
truffle_caramel_apple_cider_0034,data/synthetic_slots/v1/dataset/images/train/truffle_caramel_apple_cider/truffle_caramel_apple_cider_0034.jpg,train,occupied,truffle_caramel_apple_cider,Caramel Apple Cider,IMG_1964_c006,IMG_1964.jpg,expanded_u2net,IMG_2022_r03_c01.jpg,IMG_2022.jpg,16,175,22,29,20260917
truffle_caramel_apple_cider_0035,data/synthetic_slots/v1/dataset/images/train/truffle_caramel_apple_cider/truffle_caramel_apple_cider_0035.jpg,train,occupied,truffle_caramel_apple_cider,Caramel Apple Cider,IMG_1964_c006,IMG_1964.jpg,expanded_u2net,IMG_2027_r03_c02.jpg,IMG_2027.jpg,30,162,38,24,20260917
truffle_caramel_apple_cider_0036,data/synthetic_slots/v1/dataset/images/train/truffle_caramel_apple_cider/truffle_caramel_apple_cider_0036.jpg,train,occupied,truffle_caramel_apple_cider,Caramel Apple Cider,IMG_1964_c006,IMG_1964.jpg,expanded_u2net,IMG_2031_r04_c04.jpg,IMG_2031.jpg,50,183,23,25,20260917
truffle_caramel_apple_cider_0037,data/synthetic_slots/v1/dataset/images/train/truffle_caramel_apple_cider/truffle_caramel_apple_cider_0037.jpg,train,occupied,truffle_caramel_apple_cider,Caramel Apple Cider,IMG_1964_c006,IMG_1964.jpg,expanded_u2net,IMG_2021_r01_c02.jpg,IMG_2021.jpg,6,161,40,36,20260917
truffle_caramel_apple_cider_0038,data/synthetic_slots/v1/dataset/images/train/truffle_caramel_apple_cider/truffle_caramel_apple_cider_0038.jpg,train,occupied,truffle_caramel_apple_cider,Caramel Apple Cider,IMG_1964_c006,IMG_1964.jpg,expanded_u2net,IMG_2024_r02_c02.jpg,IMG_2024.jpg,16,180,21,29,20260917
truffle_caramel_apple_cider_0039,data/synthetic_slots/v1/dataset/images/train/truffle_caramel_apple_cider/truffle_caramel_apple_cider_0039.jpg,train,occupied,truffle_caramel_apple_cider,Caramel Apple Cider,IMG_1964_c006,IMG_1964.jpg,expanded_u2net,IMG_2029_r05_c01.jpg,IMG_2029.jpg,30,151,35,33,20260917
truffle_caramel_apple_cider_0040,data/synthetic_slots/v1/dataset/images/train/truffle_caramel_apple_cider/truffle_caramel_apple_cider_0040.jpg,train,occupied,truffle_caramel_apple_cider,Caramel Apple Cider,IMG_1964_c006,IMG_1964.jpg,expanded_u2net,IMG_2032_r03_c02.jpg,IMG_2032.jpg,50,168,32,27,20260917
truffle_caramel_apple_cider_0041,data/synthetic_slots/v1/dataset/images/train/truffle_caramel_apple_cider/truffle_caramel_apple_cider_0041.jpg,train,occupied,truffle_caramel_apple_cider,Caramel Apple Cider,IMG_1964_c006,IMG_1964.jpg,expanded_u2net,IMG_2019_r01_c02.jpg,IMG_2019.jpg,6,145,36,44,20260917
truffle_caramel_apple_cider_0042,data/synthetic_slots/v1/dataset/images/train/truffle_caramel_apple_cider/truffle_caramel_apple_cider_0042.jpg,train,occupied,truffle_caramel_apple_cider,Caramel Apple Cider,IMG_1964_c006,IMG_1964.jpg,expanded_u2net,IMG_2025_r02_c01.jpg,IMG_2025.jpg,16,175,17,32,20260917
truffle_caramel_apple_cider_0043,data/synthetic_slots/v1/dataset/images/train/truffle_caramel_apple_cider/truffle_caramel_apple_cider_0043.jpg,train,occupied,truffle_caramel_apple_cider,Caramel Apple Cider,IMG_1964_c006,IMG_1964.jpg,expanded_u2net,IMG_2027_r01_c02.jpg,IMG_2027.jpg,30,172,18,30,20260917
truffle_caramel_apple_cider_0044,data/synthetic_slots/v1/dataset/images/train/truffle_caramel_apple_cider/truffle_caramel_apple_cider_0044.jpg,train,occupied,truffle_caramel_apple_cider,Caramel Apple Cider,IMG_1964_c006,IMG_1964.jpg,expanded_u2net,IMG_2031_r03_c02.jpg,IMG_2031.jpg,50,145,42,47,20260917
truffle_caramel_apple_cider_0045,data/synthetic_slots/v1/dataset/images/train/truffle_caramel_apple_cider/truffle_caramel_apple_cider_0045.jpg,train,occupied,truffle_caramel_apple_cider,Caramel Apple Cider,IMG_1964_c006,IMG_1964.jpg,expanded_u2net,IMG_2019_r03_c01.jpg,IMG_2019.jpg,6,184,17,18,20260917
truffle_caramel_apple_cider_0046,data/synthetic_slots/v1/dataset/images/train/truffle_caramel_apple_cider/truffle_caramel_apple_cider_0046.jpg,train,occupied,truffle_caramel_apple_cider,Caramel Apple Cider,IMG_1964_c006,IMG_1964.jpg,expanded_u2net,IMG_2025_r04_c03.jpg,IMG_2025.jpg,16,169,29,36,20260917
truffle_caramel_apple_cider_0047,data/synthetic_slots/v1/dataset/images/train/truffle_caramel_apple_cider/truffle_caramel_apple_cider_0047.jpg,train,occupied,truffle_caramel_apple_cider,Caramel Apple Cider,IMG_1964_c006,IMG_1964.jpg,expanded_u2net,IMG_2028_r02_c02.jpg,IMG_2028.jpg,30,165,34,35,20260917
truffle_caramel_apple_cider_0048,data/synthetic_slots/v1/dataset/images/train/truffle_caramel_apple_cider/truffle_caramel_apple_cider_0048.jpg,train,occupied,truffle_caramel_apple_cider,Caramel Apple Cider,IMG_1964_c006,IMG_1964.jpg,expanded_u2net,IMG_2033_r06_c02.jpg,IMG_2033.jpg,50,185,19,29,20260917
truffle_caramel_apple_cider_0049,data/synthetic_slots/v1/dataset/images/train/truffle_caramel_apple_cider/truffle_caramel_apple_cider_0049.jpg,train,occupied,truffle_caramel_apple_cider,Caramel Apple Cider,IMG_1964_c006,IMG_1964.jpg,expanded_u2net,IMG_2019_r03_c02.jpg,IMG_2019.jpg,6,167,25,30,20260917
truffle_caramel_apple_cider_0050,data/synthetic_slots/v1/dataset/images/train/truffle_caramel_apple_cider/truffle_caramel_apple_cider_0050.jpg,train,occupied,truffle_caramel_apple_cider,Caramel Apple Cider,IMG_1964_c006,IMG_1964.jpg,expanded_u2net,IMG_2024_r01_c01.jpg,IMG_2024.jpg,16,178,30,31,20260917
truffle_caramel_apple_cider_0051,data/synthetic_slots/v1/dataset/images/train/truffle_caramel_apple_cider/truffle_caramel_apple_cider_0051.jpg,train,occupied,truffle_caramel_apple_cider,Caramel Apple Cider,IMG_1964_c006,IMG_1964.jpg,expanded_u2net,IMG_2027_r01_c04.jpg,IMG_2027.jpg,30,167,21,32,20260917
truffle_caramel_apple_cider_0052,data/synthetic_slots/v1/dataset/images/train/truffle_caramel_apple_cider/truffle_caramel_apple_cider_0052.jpg,train,occupied,truffle_caramel_apple_cider,Caramel Apple Cider,IMG_1964_c006,IMG_1964.jpg,expanded_u2net,IMG_2031_r02_c01.jpg,IMG_2031.jpg,50,153,36,42,20260917
truffle_caramel_apple_cider_0053,data/synthetic_slots/v1/dataset/images/train/truffle_caramel_apple_cider/truffle_caramel_apple_cider_0053.jpg,train,occupied,truffle_caramel_apple_cider,Caramel Apple Cider,IMG_1964_c006,IMG_1964.jpg,expanded_u2net,IMG_2021_r02_c02.jpg,IMG_2021.jpg,6,148,34,44,20260917
truffle_caramel_apple_cider_0054,data/synthetic_slots/v1/dataset/images/train/truffle_caramel_apple_cider/truffle_caramel_apple_cider_0054.jpg,train,occupied,truffle_caramel_apple_cider,Caramel Apple Cider,IMG_1964_c006,IMG_1964.jpg,expanded_u2net,IMG_2024_r02_c02.jpg,IMG_2024.jpg,16,174,34,28,20260917
truffle_caramel_apple_cider_0055,data/synthetic_slots/v1/dataset/images/train/truffle_caramel_apple_cider/truffle_caramel_apple_cider_0055.jpg,train,occupied,truffle_caramel_apple_cider,Caramel Apple Cider,IMG_1964_c006,IMG_1964.jpg,expanded_u2net,IMG_2029_r03_c03.jpg,IMG_2029.jpg,30,169,18,31,20260917
truffle_caramel_apple_cider_0056,data/synthetic_slots/v1/dataset/images/train/truffle_caramel_apple_cider/truffle_caramel_apple_cider_0056.jpg,train,occupied,truffle_caramel_apple_cider,Caramel Apple Cider,IMG_1964_c006,IMG_1964.jpg,expanded_u2net,IMG_2032_r09_c01.jpg,IMG_2032.jpg,50,148,42,39,20260917
truffle_caramel_apple_cider_0057,data/synthetic_slots/v1/dataset/images/train/truffle_caramel_apple_cider/truffle_caramel_apple_cider_0057.jpg,train,occupied,truffle_caramel_apple_cider,Caramel Apple Cider,IMG_1964_c006,IMG_1964.jpg,expanded_u2net,IMG_2019_r02_c01.jpg,IMG_2019.jpg,6,168,33,35,20260917
truffle_caramel_apple_cider_0058,data/synthetic_slots/v1/dataset/images/train/truffle_caramel_apple_cider/truffle_caramel_apple_cider_0058.jpg,train,occupied,truffle_caramel_apple_cider,Caramel Apple Cider,IMG_1964_c006,IMG_1964.jpg,expanded_u2net,IMG_2025_r04_c01.jpg,IMG_2025.jpg,16,178,25,34,20260917
truffle_caramel_apple_cider_0059,data/synthetic_slots/v1/dataset/images/train/truffle_caramel_apple_cider/truffle_caramel_apple_cider_0059.jpg,train,occupied,truffle_caramel_apple_cider,Caramel Apple Cider,IMG_1964_c006,IMG_1964.jpg,expanded_u2net,IMG_2028_r04_c01.jpg,IMG_2028.jpg,30,168,20,25,20260917
truffle_caramel_apple_cider_0060,data/synthetic_slots/v1/dataset/images/train/truffle_caramel_apple_cider/truffle_caramel_apple_cider_0060.jpg,train,occupied,truffle_caramel_apple_cider,Caramel Apple Cider,IMG_1964_c006,IMG_1964.jpg,expanded_u2net,IMG_2033_r04_c03.jpg,IMG_2033.jpg,50,169,20,25,20260917
truffle_caramel_apple_cider_0061,data/synthetic_slots/v1/dataset/images/train/truffle_caramel_apple_cider/truffle_caramel_apple_cider_0061.jpg,train,occupied,truffle_caramel_apple_cider,Caramel Apple Cider,IMG_1964_c006,IMG_1964.jpg,expanded_u2net,IMG_2021_r02_c02.jpg,IMG_2021.jpg,6,168,36,34,20260917
truffle_caramel_apple_cider_0062,data/synthetic_slots/v1/dataset/images/train/truffle_caramel_apple_cider/truffle_caramel_apple_cider_0062.jpg,train,occupied,truffle_caramel_apple_cider,Caramel Apple Cider,IMG_1964_c006,IMG_1964.jpg,expanded_u2net,IMG_2024_r03_c04.jpg,IMG_2024.jpg,16,184,18,28,20260917
truffle_caramel_apple_cider_0063,data/synthetic_slots/v1/dataset/images/train/truffle_caramel_apple_cider/truffle_caramel_apple_cider_0063.jpg,train,occupied,truffle_caramel_apple_cider,Caramel Apple Cider,IMG_1964_c006,IMG_1964.jpg,expanded_u2net,IMG_2029_r05_c03.jpg,IMG_2029.jpg,30,167,27,21,20260917
truffle_caramel_apple_cider_0064,data/synthetic_slots/v1/dataset/images/train/truffle_caramel_apple_cider/truffle_caramel_apple_cider_0064.jpg,train,occupied,truffle_caramel_apple_cider,Caramel Apple Cider,IMG_1964_c006,IMG_1964.jpg,expanded_u2net,IMG_2031_r08_c04.jpg,IMG_2031.jpg,50,146,38,39,20260917
truffle_caramel_apple_cider_0065,data/synthetic_slots/v1/dataset/images/train/truffle_caramel_apple_cider/truffle_caramel_apple_cider_0065.jpg,train,occupied,truffle_caramel_apple_cider,Caramel Apple Cider,IMG_1964_c006,IMG_1964.jpg,expanded_u2net,IMG_2021_r03_c01.jpg,IMG_2021.jpg,6,148,45,39,20260917
truffle_caramel_apple_cider_0066,data/synthetic_slots/v1/dataset/images/train/truffle_caramel_apple_cider/truffle_caramel_apple_cider_0066.jpg,train,occupied,truffle_caramel_apple_cider,Caramel Apple Cider,IMG_1964_c006,IMG_1964.jpg,expanded_u2net,IMG_2024_r03_c02.jpg,IMG_2024.jpg,16,178,23,30,20260917
truffle_caramel_apple_cider_0067,data/synthetic_slots/v1/dataset/images/train/truffle_caramel_apple_cider/truffle_caramel_apple_cider_0067.jpg,train,occupied,truffle_caramel_apple_cider,Caramel Apple Cider,IMG_1964_c006,IMG_1964.jpg,expanded_u2net,IMG_2029_r01_c02.jpg,IMG_2029.jpg,30,150,43,43,20260917
truffle_caramel_apple_cider_0068,data/synthetic_slots/v1/dataset/images/train/truffle_caramel_apple_cider/truffle_caramel_apple_cider_0068.jpg,train,occupied,truffle_caramel_apple_cider,Caramel Apple Cider,IMG_1964_c006,IMG_1964.jpg,expanded_u2net,IMG_2032_r09_c04.jpg,IMG_2032.jpg,50,150,45,29,20260917
truffle_caramel_apple_cider_0069,data/synthetic_slots/v1/dataset/images/train/truffle_caramel_apple_cider/truffle_caramel_apple_cider_0069.jpg,train,occupied,truffle_caramel_apple_cider,Caramel Apple Cider,IMG_1964_c006,IMG_1964.jpg,expanded_u2net,IMG_2019_r03_c01.jpg,IMG_2019.jpg,6,180,28,28,20260917
truffle_caramel_apple_cider_0070,data/synthetic_slots/v1/dataset/images/train/truffle_caramel_apple_cider/truffle_caramel_apple_cider_0070.jpg,train,occupied,truffle_caramel_apple_cider,Caramel Apple Cider,IMG_1964_c006,IMG_1964.jpg,expanded_u2net,IMG_2022_r02_c02.jpg,IMG_2022.jpg,16,165,27,39,20260917
truffle_caramel_apple_cider_0071,data/synthetic_slots/v1/dataset/images/train/truffle_caramel_apple_cider/truffle_caramel_apple_cider_0071.jpg,train,occupied,truffle_caramel_apple_cider,Caramel Apple Cider,IMG_1964_c006,IMG_1964.jpg,expanded_u2net,IMG_2029_r03_c01.jpg,IMG_2029.jpg,30,183,17,21,20260917
truffle_caramel_apple_cider_0072,data/synthetic_slots/v1/dataset/images/train/truffle_caramel_apple_cider/truffle_caramel_apple_cider_0072.jpg,train,occupied,truffle_caramel_apple_cider,Caramel Apple Cider,IMG_1964_c006,IMG_1964.jpg,expanded_u2net,IMG_2033_r10_c01.jpg,IMG_2033.jpg,50,171,26,20,20260917
truffle_caramel_apple_cider_0073,data/synthetic_slots/v1/dataset/images/train/truffle_caramel_apple_cider/truffle_caramel_apple_cider_0073.jpg,train,occupied,truffle_caramel_apple_cider,Caramel Apple Cider,IMG_1964_c006,IMG_1964.jpg,expanded_u2net,IMG_2019_r02_c01.jpg,IMG_2019.jpg,6,158,36,26,20260917
truffle_caramel_apple_cider_0074,data/synthetic_slots/v1/dataset/images/train/truffle_caramel_apple_cider/truffle_caramel_apple_cider_0074.jpg,train,occupied,truffle_caramel_apple_cider,Caramel Apple Cider,IMG_1964_c006,IMG_1964.jpg,expanded_u2net,IMG_2025_r01_c04.jpg,IMG_2025.jpg,16,181,13,26,20260917
truffle_caramel_apple_cider_0075,data/synthetic_slots/v1/dataset/images/train/truffle_caramel_apple_cider/truffle_caramel_apple_cider_0075.jpg,train,occupied,truffle_caramel_apple_cider,Caramel Apple Cider,IMG_1964_c006,IMG_1964.jpg,expanded_u2net,IMG_2027_r02_c05.jpg,IMG_2027.jpg,30,146,37,33,20260917
truffle_caramel_apple_cider_0076,data/synthetic_slots/v1/dataset/images/train/truffle_caramel_apple_cider/truffle_caramel_apple_cider_0076.jpg,train,occupied,truffle_caramel_apple_cider,Caramel Apple Cider,IMG_1964_c006,IMG_1964.jpg,expanded_u2net,IMG_2031_r04_c05.jpg,IMG_2031.jpg,50,176,17,17,20260917
truffle_caramel_apple_cider_0077,data/synthetic_slots/v1/dataset/images/train/truffle_caramel_apple_cider/truffle_caramel_apple_cider_0077.jpg,train,occupied,truffle_caramel_apple_cider,Caramel Apple Cider,IMG_1964_c006,IMG_1964.jpg,expanded_u2net,IMG_2021_r01_c02.jpg,IMG_2021.jpg,6,178,14,30,20260917
truffle_caramel_apple_cider_0078,data/synthetic_slots/v1/dataset/images/train/truffle_caramel_apple_cider/truffle_caramel_apple_cider_0078.jpg,train,occupied,truffle_caramel_apple_cider,Caramel Apple Cider,IMG_1964_c006,IMG_1964.jpg,expanded_u2net,IMG_2025_r01_c02.jpg,IMG_2025.jpg,16,185,26,25,20260917
truffle_caramel_apple_cider_0079,data/synthetic_slots/v1/dataset/images/train/truffle_caramel_apple_cider/truffle_caramel_apple_cider_0079.jpg,train,occupied,truffle_caramel_apple_cider,Caramel Apple Cider,IMG_1964_c006,IMG_1964.jpg,expanded_u2net,IMG_2028_r04_c02.jpg,IMG_2028.jpg,30,183,22,22,20260917
truffle_caramel_apple_cider_0080,data/synthetic_slots/v1/dataset/images/train/truffle_caramel_apple_cider/truffle_caramel_apple_cider_0080.jpg,train,occupied,truffle_caramel_apple_cider,Caramel Apple Cider,IMG_1964_c006,IMG_1964.jpg,expanded_u2net,IMG_2032_r04_c05.jpg,IMG_2032.jpg,50,176,33,22,20260917
truffle_caramel_apple_cider_0081,data/synthetic_slots/v1/dataset/images/validation/truffle_caramel_apple_cider/truffle_caramel_apple_cider_0081.jpg,validation,occupied,truffle_caramel_apple_cider,Caramel Apple Cider,IMG_1964_c006,IMG_1964.jpg,expanded_u2net,IMG_2020_r01_c01.jpg,IMG_2020.jpg,6,184,19,14,20260917
truffle_caramel_apple_cider_0082,data/synthetic_slots/v1/dataset/images/validation/truffle_caramel_apple_cider/truffle_caramel_apple_cider_0082.jpg,validation,occupied,truffle_caramel_apple_cider,Caramel Apple Cider,IMG_1964_c006,IMG_1964.jpg,expanded_u2net,IMG_2023_r01_c01.jpg,IMG_2023.jpg,16,174,23,24,20260917
truffle_caramel_apple_cider_0083,data/synthetic_slots/v1/dataset/images/validation/truffle_caramel_apple_cider/truffle_caramel_apple_cider_0083.jpg,validation,occupied,truffle_caramel_apple_cider,Caramel Apple Cider,IMG_1964_c006,IMG_1964.jpg,expanded_u2net,IMG_2030_r06_c01.jpg,IMG_2030.jpg,30,179,22,32,20260917
truffle_caramel_apple_cider_0084,data/synthetic_slots/v1/dataset/images/validation/truffle_caramel_apple_cider/truffle_caramel_apple_cider_0084.jpg,validation,occupied,truffle_caramel_apple_cider,Caramel Apple Cider,IMG_1964_c006,IMG_1964.jpg,expanded_u2net,IMG_2034_r10_c03.jpg,IMG_2034.jpg,50,148,36,47,20260917
truffle_caramel_apple_cider_0085,data/synthetic_slots/v1/dataset/images/validation/truffle_caramel_apple_cider/truffle_caramel_apple_cider_0085.jpg,validation,occupied,truffle_caramel_apple_cider,Caramel Apple Cider,IMG_1964_c006,IMG_1964.jpg,expanded_u2net,IMG_2020_r02_c01.jpg,IMG_2020.jpg,6,171,30,30,20260917
truffle_caramel_apple_cider_0086,data/synthetic_slots/v1/dataset/images/validation/truffle_caramel_apple_cider/truffle_caramel_apple_cider_0086.jpg,validation,occupied,truffle_caramel_apple_cider,Caramel Apple Cider,IMG_1964_c006,IMG_1964.jpg,expanded_u2net,IMG_2023_r03_c02.jpg,IMG_2023.jpg,16,180,13,25,20260917
truffle_caramel_apple_cider_0087,data/synthetic_slots/v1/dataset/images/validation/truffle_caramel_apple_cider/truffle_caramel_apple_cider_0087.jpg,validation,occupied,truffle_caramel_apple_cider,Caramel Apple Cider,IMG_1964_c006,IMG_1964.jpg,expanded_u2net,IMG_2030_r02_c01.jpg,IMG_2030.jpg,30,154,28,29,20260917
truffle_caramel_apple_cider_0088,data/synthetic_slots/v1/dataset/images/validation/truffle_caramel_apple_cider/truffle_caramel_apple_cider_0088.jpg,validation,occupied,truffle_caramel_apple_cider,Caramel Apple Cider,IMG_1964_c006,IMG_1964.jpg,expanded_u2net,IMG_2034_r02_c01.jpg,IMG_2034.jpg,50,155,29,42,20260917
truffle_caramel_apple_cider_0089,data/synthetic_slots/v1/dataset/images/validation/truffle_caramel_apple_cider/truffle_caramel_apple_cider_0089.jpg,validation,occupied,truffle_caramel_apple_cider,Caramel Apple Cider,IMG_1964_c006,IMG_1964.jpg,expanded_u2net,IMG_2020_r02_c02.jpg,IMG_2020.jpg,6,163,34,31,20260917
truffle_caramel_apple_cider_0090,data/synthetic_slots/v1/dataset/images/validation/truffle_caramel_apple_cider/truffle_caramel_apple_cider_0090.jpg,validation,occupied,truffle_caramel_apple_cider,Caramel Apple Cider,IMG_1964_c006,IMG_1964.jpg,expanded_u2net,IMG_2023_r03_c04.jpg,IMG_2023.jpg,16,164,36,26,20260917
truffle_caramel_apple_cider_0091,data/synthetic_slots/v1/dataset/images/validation/truffle_caramel_apple_cider/truffle_caramel_apple_cider_0091.jpg,validation,occupied,truffle_caramel_apple_cider,Caramel Apple Cider,IMG_1964_c006,IMG_1964.jpg,expanded_u2net,IMG_2030_r05_c04.jpg,IMG_2030.jpg,30,156,37,34,20260917
truffle_caramel_apple_cider_0092,data/synthetic_slots/v1/dataset/images/validation/truffle_caramel_apple_cider/truffle_caramel_apple_cider_0092.jpg,validation,occupied,truffle_caramel_apple_cider,Caramel Apple Cider,IMG_1964_c006,IMG_1964.jpg,expanded_u2net,IMG_2034_r06_c05.jpg,IMG_2034.jpg,50,171,25,21,20260917
truffle_caramel_apple_cider_0093,data/synthetic_slots/v1/dataset/images/validation/truffle_caramel_apple_cider/truffle_caramel_apple_cider_0093.jpg,validation,occupied,truffle_caramel_apple_cider,Caramel Apple Cider,IMG_1964_c006,IMG_1964.jpg,expanded_u2net,IMG_2020_r01_c02.jpg,IMG_2020.jpg,6,156,28,40,20260917
truffle_caramel_apple_cider_0094,data/synthetic_slots/v1/dataset/images/validation/truffle_caramel_apple_cider/truffle_caramel_apple_cider_0094.jpg,validation,occupied,truffle_caramel_apple_cider,Caramel Apple Cider,IMG_1964_c006,IMG_1964.jpg,expanded_u2net,IMG_2023_r04_c03.jpg,IMG_2023.jpg,16,152,28,38,20260917
truffle_caramel_apple_cider_0095,data/synthetic_slots/v1/dataset/images/validation/truffle_caramel_apple_cider/truffle_caramel_apple_cider_0095.jpg,validation,occupied,truffle_caramel_apple_cider,Caramel Apple Cider,IMG_1964_c006,IMG_1964.jpg,expanded_u2net,IMG_2030_r06_c01.jpg,IMG_2030.jpg,30,171,35,33,20260917
truffle_caramel_apple_cider_0096,data/synthetic_slots/v1/dataset/images/validation/truffle_caramel_apple_cider/truffle_caramel_apple_cider_0096.jpg,validation,occupied,truffle_caramel_apple_cider,Caramel Apple Cider,IMG_1964_c006,IMG_1964.jpg,expanded_u2net,IMG_2034_r06_c03.jpg,IMG_2034.jpg,50,184,16,16,20260917
truffle_caramel_apple_cider_0097,data/synthetic_slots/v1/dataset/images/validation/truffle_caramel_apple_cider/truffle_caramel_apple_cider_0097.jpg,validation,occupied,truffle_caramel_apple_cider,Caramel Apple Cider,IMG_1964_c006,IMG_1964.jpg,expanded_u2net,IMG_2020_r02_c01.jpg,IMG_2020.jpg,6,162,34,34,20260917
truffle_caramel_apple_cider_0098,data/synthetic_slots/v1/dataset/images/validation/truffle_caramel_apple_cider/truffle_caramel_apple_cider_0098.jpg,validation,occupied,truffle_caramel_apple_cider,Caramel Apple Cider,IMG_1964_c006,IMG_1964.jpg,expanded_u2net,IMG_2023_r02_c04.jpg,IMG_2023.jpg,16,166,29,29,20260917
truffle_caramel_apple_cider_0099,data/synthetic_slots/v1/dataset/images/validation/truffle_caramel_apple_cider/truffle_caramel_apple_cider_0099.jpg,validation,occupied,truffle_caramel_apple_cider,Caramel Apple Cider,IMG_1964_c006,IMG_1964.jpg,expanded_u2net,IMG_2030_r03_c04.jpg,IMG_2030.jpg,30,154,41,38,20260917
truffle_caramel_apple_cider_0100,data/synthetic_slots/v1/dataset/images/validation/truffle_caramel_apple_cider/truffle_caramel_apple_cider_0100.jpg,validation,occupied,truffle_caramel_apple_cider,Caramel Apple Cider,IMG_1964_c006,IMG_1964.jpg,expanded_u2net,IMG_2034_r08_c03.jpg,IMG_2034.jpg,50,160,24,29,20260917
truffle_champagne_0001,data/synthetic_slots/v1/dataset/images/train/truffle_champagne/truffle_champagne_0001.jpg,train,occupied,truffle_champagne,Champagne,IMG_1974_c004,IMG_1974.jpg,manual_polygon,IMG_2021_r02_c01.jpg,IMG_2021.jpg,6,150,43,39,20260917
truffle_champagne_0002,data/synthetic_slots/v1/dataset/images/train/truffle_champagne/truffle_champagne_0002.jpg,train,occupied,truffle_champagne,Champagne,IMG_1974_c004,IMG_1974.jpg,manual_polygon,IMG_2024_r01_c01.jpg,IMG_2024.jpg,16,185,20,15,20260917
truffle_champagne_0003,data/synthetic_slots/v1/dataset/images/train/truffle_champagne/truffle_champagne_0003.jpg,train,occupied,truffle_champagne,Champagne,IMG_1974_c004,IMG_1974.jpg,manual_polygon,IMG_2028_r05_c02.jpg,IMG_2028.jpg,30,162,24,25,20260917
truffle_champagne_0004,data/synthetic_slots/v1/dataset/images/train/truffle_champagne/truffle_champagne_0004.jpg,train,occupied,truffle_champagne,Champagne,IMG_1974_c004,IMG_1974.jpg,manual_polygon,IMG_2032_r10_c04.jpg,IMG_2032.jpg,50,162,26,32,20260917
truffle_champagne_0005,data/synthetic_slots/v1/dataset/images/train/truffle_champagne/truffle_champagne_0005.jpg,train,occupied,truffle_champagne,Champagne,IMG_1974_c004,IMG_1974.jpg,manual_polygon,IMG_2021_r02_c01.jpg,IMG_2021.jpg,6,182,23,19,20260917
truffle_champagne_0006,data/synthetic_slots/v1/dataset/images/train/truffle_champagne/truffle_champagne_0006.jpg,train,occupied,truffle_champagne,Champagne,IMG_1974_c004,IMG_1974.jpg,manual_polygon,IMG_2024_r01_c02.jpg,IMG_2024.jpg,16,145,41,31,20260917
truffle_champagne_0007,data/synthetic_slots/v1/dataset/images/train/truffle_champagne/truffle_champagne_0007.jpg,train,occupied,truffle_champagne,Champagne,IMG_1974_c004,IMG_1974.jpg,manual_polygon,IMG_2027_r02_c03.jpg,IMG_2027.jpg,30,153,31,43,20260917
truffle_champagne_0008,data/synthetic_slots/v1/dataset/images/train/truffle_champagne/truffle_champagne_0008.jpg,train,occupied,truffle_champagne,Champagne,IMG_1974_c004,IMG_1974.jpg,manual_polygon,IMG_2031_r05_c04.jpg,IMG_2031.jpg,50,171,23,21,20260917
truffle_champagne_0009,data/synthetic_slots/v1/dataset/images/train/truffle_champagne/truffle_champagne_0009.jpg,train,occupied,truffle_champagne,Champagne,IMG_1974_c004,IMG_1974.jpg,manual_polygon,IMG_2021_r02_c02.jpg,IMG_2021.jpg,6,146,31,41,20260917
truffle_champagne_0010,data/synthetic_slots/v1/dataset/images/train/truffle_champagne/truffle_champagne_0010.jpg,train,occupied,truffle_champagne,Champagne,IMG_1974_c004,IMG_1974.jpg,manual_polygon,IMG_2022_r04_c03.jpg,IMG_2022.jpg,16,170,27,20,20260917
truffle_champagne_0011,data/synthetic_slots/v1/dataset/images/train/truffle_champagne/truffle_champagne_0011.jpg,train,occupied,truffle_champagne,Champagne,IMG_1974_c004,IMG_1974.jpg,manual_polygon,IMG_2028_r05_c04.jpg,IMG_2028.jpg,30,178,16,27,20260917
truffle_champagne_0012,data/synthetic_slots/v1/dataset/images/train/truffle_champagne/truffle_champagne_0012.jpg,train,occupied,truffle_champagne,Champagne,IMG_1974_c004,IMG_1974.jpg,manual_polygon,IMG_2032_r04_c03.jpg,IMG_2032.jpg,50,155,34,29,20260917
truffle_champagne_0013,data/synthetic_slots/v1/dataset/images/train/truffle_champagne/truffle_champagne_0013.jpg,train,occupied,truffle_champagne,Champagne,IMG_1974_c004,IMG_1974.jpg,manual_polygon,IMG_2021_r01_c02.jpg,IMG_2021.jpg,6,166,26,37,20260917
truffle_champagne_0014,data/synthetic_slots/v1/dataset/images/train/truffle_champagne/truffle_champagne_0014.jpg,train,occupied,truffle_champagne,Champagne,IMG_1974_c004,IMG_1974.jpg,manual_polygon,IMG_2026_r01_c04.jpg,IMG_2026.jpg,16,147,43,29,20260917
truffle_champagne_0015,data/synthetic_slots/v1/dataset/images/train/truffle_champagne/truffle_champagne_0015.jpg,train,occupied,truffle_champagne,Champagne,IMG_1974_c004,IMG_1974.jpg,manual_polygon,IMG_2028_r02_c05.jpg,IMG_2028.jpg,30,170,19,25,20260917
truffle_champagne_0016,data/synthetic_slots/v1/dataset/images/train/truffle_champagne/truffle_champagne_0016.jpg,train,occupied,truffle_champagne,Champagne,IMG_1974_c004,IMG_1974.jpg,manual_polygon,IMG_2033_r03_c05.jpg,IMG_2033.jpg,50,157,41,25,20260917
truffle_champagne_0017,data/synthetic_slots/v1/dataset/images/train/truffle_champagne/truffle_champagne_0017.jpg,train,occupied,truffle_champagne,Champagne,IMG_1974_c004,IMG_1974.jpg,manual_polygon,IMG_2021_r03_c01.jpg,IMG_2021.jpg,6,151,46,43,20260917
truffle_champagne_0018,data/synthetic_slots/v1/dataset/images/train/truffle_champagne/truffle_champagne_0018.jpg,train,occupied,truffle_champagne,Champagne,IMG_1974_c004,IMG_1974.jpg,manual_polygon,IMG_2024_r02_c01.jpg,IMG_2024.jpg,16,158,32,35,20260917
truffle_champagne_0019,data/synthetic_slots/v1/dataset/images/train/truffle_champagne/truffle_champagne_0019.jpg,train,occupied,truffle_champagne,Champagne,IMG_1974_c004,IMG_1974.jpg,manual_polygon,IMG_2029_r06_c01.jpg,IMG_2029.jpg,30,168,20,19,20260917
truffle_champagne_0020,data/synthetic_slots/v1/dataset/images/train/truffle_champagne/truffle_champagne_0020.jpg,train,occupied,truffle_champagne,Champagne,IMG_1974_c004,IMG_1974.jpg,manual_polygon,IMG_2031_r02_c03.jpg,IMG_2031.jpg,50,185,25,23,20260917
truffle_champagne_0021,data/synthetic_slots/v1/dataset/images/train/truffle_champagne/truffle_champagne_0021.jpg,train,occupied,truffle_champagne,Champagne,IMG_1974_c004,IMG_1974.jpg,manual_polygon,IMG_2021_r01_c02.jpg,IMG_2021.jpg,6,175,26,28,20260917
truffle_champagne_0022,data/synthetic_slots/v1/dataset/images/train/truffle_champagne/truffle_champagne_0022.jpg,train,occupied,truffle_champagne,Champagne,IMG_1974_c004,IMG_1974.jpg,manual_polygon,IMG_2026_r02_c02.jpg,IMG_2026.jpg,16,146,39,43,20260917
truffle_champagne_0023,data/synthetic_slots/v1/dataset/images/train/truffle_champagne/truffle_champagne_0023.jpg,train,occupied,truffle_champagne,Champagne,IMG_1974_c004,IMG_1974.jpg,manual_polygon,IMG_2027_r06_c02.jpg,IMG_2027.jpg,30,158,42,41,20260917
truffle_champagne_0024,data/synthetic_slots/v1/dataset/images/train/truffle_champagne/truffle_champagne_0024.jpg,train,occupied,truffle_champagne,Champagne,IMG_1974_c004,IMG_1974.jpg,manual_polygon,IMG_2033_r10_c02.jpg,IMG_2033.jpg,50,177,15,18,20260917
truffle_champagne_0025,data/synthetic_slots/v1/dataset/images/train/truffle_champagne/truffle_champagne_0025.jpg,train,occupied,truffle_champagne,Champagne,IMG_1974_c004,IMG_1974.jpg,manual_polygon,IMG_2021_r02_c01.jpg,IMG_2021.jpg,6,182,22,14,20260917
truffle_champagne_0026,data/synthetic_slots/v1/dataset/images/train/truffle_champagne/truffle_champagne_0026.jpg,train,occupied,truffle_champagne,Champagne,IMG_1974_c004,IMG_1974.jpg,manual_polygon,IMG_2025_r02_c04.jpg,IMG_2025.jpg,16,156,41,32,20260917
truffle_champagne_0027,data/synthetic_slots/v1/dataset/images/train/truffle_champagne/truffle_champagne_0027.jpg,train,occupied,truffle_champagne,Champagne,IMG_1974_c004,IMG_1974.jpg,manual_polygon,IMG_2029_r06_c04.jpg,IMG_2029.jpg,30,162,31,38,20260917
truffle_champagne_0028,data/synthetic_slots/v1/dataset/images/train/truffle_champagne/truffle_champagne_0028.jpg,train,occupied,truffle_champagne,Champagne,IMG_1974_c004,IMG_1974.jpg,manual_polygon,IMG_2033_r10_c02.jpg,IMG_2033.jpg,50,158,25,24,20260917
truffle_champagne_0029,data/synthetic_slots/v1/dataset/images/train/truffle_champagne/truffle_champagne_0029.jpg,train,occupied,truffle_champagne,Champagne,IMG_1974_c004,IMG_1974.jpg,manual_polygon,IMG_2021_r02_c01.jpg,IMG_2021.jpg,6,163,40,28,20260917
truffle_champagne_0030,data/synthetic_slots/v1/dataset/images/train/truffle_champagne/truffle_champagne_0030.jpg,train,occupied,truffle_champagne,Champagne,IMG_1974_c004,IMG_1974.jpg,manual_polygon,IMG_2024_r01_c01.jpg,IMG_2024.jpg,16,155,42,34,20260917
truffle_champagne_0031,data/synthetic_slots/v1/dataset/images/train/truffle_champagne/truffle_champagne_0031.jpg,train,occupied,truffle_champagne,Champagne,IMG_1974_c004,IMG_1974.jpg,manual_polygon,IMG_2029_r02_c05.jpg,IMG_2029.jpg,30,184,24,18,20260917
truffle_champagne_0032,data/synthetic_slots/v1/dataset/images/train/truffle_champagne/truffle_champagne_0032.jpg,train,occupied,truffle_champagne,Champagne,IMG_1974_c004,IMG_1974.jpg,manual_polygon,IMG_2031_r10_c04.jpg,IMG_2031.jpg,50,149,42,42,20260917
truffle_champagne_0033,data/synthetic_slots/v1/dataset/images/train/truffle_champagne/truffle_champagne_0033.jpg,train,occupied,truffle_champagne,Champagne,IMG_1974_c004,IMG_1974.jpg,manual_polygon,IMG_2019_r02_c01.jpg,IMG_2019.jpg,6,171,36,33,20260917
truffle_champagne_0034,data/synthetic_slots/v1/dataset/images/train/truffle_champagne/truffle_champagne_0034.jpg,train,occupied,truffle_champagne,Champagne,IMG_1974_c004,IMG_1974.jpg,manual_polygon,IMG_2022_r02_c04.jpg,IMG_2022.jpg,16,183,28,13,20260917
truffle_champagne_0035,data/synthetic_slots/v1/dataset/images/train/truffle_champagne/truffle_champagne_0035.jpg,train,occupied,truffle_champagne,Champagne,IMG_1974_c004,IMG_1974.jpg,manual_polygon,IMG_2027_r06_c05.jpg,IMG_2027.jpg,30,158,42,34,20260917
truffle_champagne_0036,data/synthetic_slots/v1/dataset/images/train/truffle_champagne/truffle_champagne_0036.jpg,train,occupied,truffle_champagne,Champagne,IMG_1974_c004,IMG_1974.jpg,manual_polygon,IMG_2033_r05_c04.jpg,IMG_2033.jpg,50,168,28,26,20260917
truffle_champagne_0037,data/synthetic_slots/v1/dataset/images/train/truffle_champagne/truffle_champagne_0037.jpg,train,occupied,truffle_champagne,Champagne,IMG_1974_c004,IMG_1974.jpg,manual_polygon,IMG_2019_r02_c01.jpg,IMG_2019.jpg,6,177,30,27,20260917
truffle_champagne_0038,data/synthetic_slots/v1/dataset/images/train/truffle_champagne/truffle_champagne_0038.jpg,train,occupied,truffle_champagne,Champagne,IMG_1974_c004,IMG_1974.jpg,manual_polygon,IMG_2024_r04_c04.jpg,IMG_2024.jpg,16,171,36,32,20260917
truffle_champagne_0039,data/synthetic_slots/v1/dataset/images/train/truffle_champagne/truffle_champagne_0039.jpg,train,occupied,truffle_champagne,Champagne,IMG_1974_c004,IMG_1974.jpg,manual_polygon,IMG_2028_r06_c01.jpg,IMG_2028.jpg,30,181,19,15,20260917
truffle_champagne_0040,data/synthetic_slots/v1/dataset/images/train/truffle_champagne/truffle_champagne_0040.jpg,train,occupied,truffle_champagne,Champagne,IMG_1974_c004,IMG_1974.jpg,manual_polygon,IMG_2033_r06_c01.jpg,IMG_2033.jpg,50,184,29,25,20260917
truffle_champagne_0041,data/synthetic_slots/v1/dataset/images/train/truffle_champagne/truffle_champagne_0041.jpg,train,occupied,truffle_champagne,Champagne,IMG_1974_c004,IMG_1974.jpg,manual_polygon,IMG_2021_r03_c01.jpg,IMG_2021.jpg,6,184,15,19,20260917
truffle_champagne_0042,data/synthetic_slots/v1/dataset/images/train/truffle_champagne/truffle_champagne_0042.jpg,train,occupied,truffle_champagne,Champagne,IMG_1974_c004,IMG_1974.jpg,manual_polygon,IMG_2024_r02_c04.jpg,IMG_2024.jpg,16,146,48,43,20260917
truffle_champagne_0043,data/synthetic_slots/v1/dataset/images/train/truffle_champagne/truffle_champagne_0043.jpg,train,occupied,truffle_champagne,Champagne,IMG_1974_c004,IMG_1974.jpg,manual_polygon,IMG_2027_r02_c02.jpg,IMG_2027.jpg,30,174,26,26,20260917
truffle_champagne_0044,data/synthetic_slots/v1/dataset/images/train/truffle_champagne/truffle_champagne_0044.jpg,train,occupied,truffle_champagne,Champagne,IMG_1974_c004,IMG_1974.jpg,manual_polygon,IMG_2033_r05_c03.jpg,IMG_2033.jpg,50,152,44,35,20260917
truffle_champagne_0045,data/synthetic_slots/v1/dataset/images/train/truffle_champagne/truffle_champagne_0045.jpg,train,occupied,truffle_champagne,Champagne,IMG_1974_c004,IMG_1974.jpg,manual_polygon,IMG_2019_r03_c01.jpg,IMG_2019.jpg,6,176,19,28,20260917
truffle_champagne_0046,data/synthetic_slots/v1/dataset/images/train/truffle_champagne/truffle_champagne_0046.jpg,train,occupied,truffle_champagne,Champagne,IMG_1974_c004,IMG_1974.jpg,manual_polygon,IMG_2024_r04_c04.jpg,IMG_2024.jpg,16,151,38,45,20260917
truffle_champagne_0047,data/synthetic_slots/v1/dataset/images/train/truffle_champagne/truffle_champagne_0047.jpg,train,occupied,truffle_champagne,Champagne,IMG_1974_c004,IMG_1974.jpg,manual_polygon,IMG_2027_r04_c04.jpg,IMG_2027.jpg,30,172,21,34,20260917
truffle_champagne_0048,data/synthetic_slots/v1/dataset/images/train/truffle_champagne/truffle_champagne_0048.jpg,train,occupied,truffle_champagne,Champagne,IMG_1974_c004,IMG_1974.jpg,manual_polygon,IMG_2031_r03_c05.jpg,IMG_2031.jpg,50,185,29,12,20260917
truffle_champagne_0049,data/synthetic_slots/v1/dataset/images/train/truffle_champagne/truffle_champagne_0049.jpg,train,occupied,truffle_champagne,Champagne,IMG_1974_c004,IMG_1974.jpg,manual_polygon,IMG_2021_r02_c02.jpg,IMG_2021.jpg,6,175,28,19,20260917
truffle_champagne_0050,data/synthetic_slots/v1/dataset/images/train/truffle_champagne/truffle_champagne_0050.jpg,train,occupied,truffle_champagne,Champagne,IMG_1974_c004,IMG_1974.jpg,manual_polygon,IMG_2024_r03_c04.jpg,IMG_2024.jpg,16,171,27,17,20260917
truffle_champagne_0051,data/synthetic_slots/v1/dataset/images/train/truffle_champagne/truffle_champagne_0051.jpg,train,occupied,truffle_champagne,Champagne,IMG_1974_c004,IMG_1974.jpg,manual_polygon,IMG_2028_r02_c01.jpg,IMG_2028.jpg,30,158,39,33,20260917
truffle_champagne_0052,data/synthetic_slots/v1/dataset/images/train/truffle_champagne/truffle_champagne_0052.jpg,train,occupied,truffle_champagne,Champagne,IMG_1974_c004,IMG_1974.jpg,manual_polygon,IMG_2033_r05_c02.jpg,IMG_2033.jpg,50,163,27,27,20260917
truffle_champagne_0053,data/synthetic_slots/v1/dataset/images/train/truffle_champagne/truffle_champagne_0053.jpg,train,occupied,truffle_champagne,Champagne,IMG_1974_c004,IMG_1974.jpg,manual_polygon,IMG_2019_r01_c02.jpg,IMG_2019.jpg,6,182,26,15,20260917
truffle_champagne_0054,data/synthetic_slots/v1/dataset/images/train/truffle_champagne/truffle_champagne_0054.jpg,train,occupied,truffle_champagne,Champagne,IMG_1974_c004,IMG_1974.jpg,manual_polygon,IMG_2026_r03_c02.jpg,IMG_2026.jpg,16,169,29,23,20260917
truffle_champagne_0055,data/synthetic_slots/v1/dataset/images/train/truffle_champagne/truffle_champagne_0055.jpg,train,occupied,truffle_champagne,Champagne,IMG_1974_c004,IMG_1974.jpg,manual_polygon,IMG_2028_r04_c02.jpg,IMG_2028.jpg,30,163,27,28,20260917
truffle_champagne_0056,data/synthetic_slots/v1/dataset/images/train/truffle_champagne/truffle_champagne_0056.jpg,train,occupied,truffle_champagne,Champagne,IMG_1974_c004,IMG_1974.jpg,manual_polygon,IMG_2031_r02_c02.jpg,IMG_2031.jpg,50,182,28,16,20260917
truffle_champagne_0057,data/synthetic_slots/v1/dataset/images/train/truffle_champagne/truffle_champagne_0057.jpg,train,occupied,truffle_champagne,Champagne,IMG_1974_c004,IMG_1974.jpg,manual_polygon,IMG_2019_r01_c02.jpg,IMG_2019.jpg,6,160,24,34,20260917
truffle_champagne_0058,data/synthetic_slots/v1/dataset/images/train/truffle_champagne/truffle_champagne_0058.jpg,train,occupied,truffle_champagne,Champagne,IMG_1974_c004,IMG_1974.jpg,manual_polygon,IMG_2026_r02_c02.jpg,IMG_2026.jpg,16,168,33,25,20260917
truffle_champagne_0059,data/synthetic_slots/v1/dataset/images/train/truffle_champagne/truffle_champagne_0059.jpg,train,occupied,truffle_champagne,Champagne,IMG_1974_c004,IMG_1974.jpg,manual_polygon,IMG_2029_r01_c01.jpg,IMG_2029.jpg,30,155,44,31,20260917
truffle_champagne_0060,data/synthetic_slots/v1/dataset/images/train/truffle_champagne/truffle_champagne_0060.jpg,train,occupied,truffle_champagne,Champagne,IMG_1974_c004,IMG_1974.jpg,manual_polygon,IMG_2032_r02_c05.jpg,IMG_2032.jpg,50,148,34,39,20260917
truffle_champagne_0061,data/synthetic_slots/v1/dataset/images/train/truffle_champagne/truffle_champagne_0061.jpg,train,occupied,truffle_champagne,Champagne,IMG_1974_c004,IMG_1974.jpg,manual_polygon,IMG_2019_r01_c02.jpg,IMG_2019.jpg,6,158,35,34,20260917
truffle_champagne_0062,data/synthetic_slots/v1/dataset/images/train/truffle_champagne/truffle_champagne_0062.jpg,train,occupied,truffle_champagne,Champagne,IMG_1974_c004,IMG_1974.jpg,manual_polygon,IMG_2024_r03_c03.jpg,IMG_2024.jpg,16,177,24,31,20260917
truffle_champagne_0063,data/synthetic_slots/v1/dataset/images/train/truffle_champagne/truffle_champagne_0063.jpg,train,occupied,truffle_champagne,Champagne,IMG_1974_c004,IMG_1974.jpg,manual_polygon,IMG_2027_r02_c01.jpg,IMG_2027.jpg,30,166,34,24,20260917
truffle_champagne_0064,data/synthetic_slots/v1/dataset/images/train/truffle_champagne/truffle_champagne_0064.jpg,train,occupied,truffle_champagne,Champagne,IMG_1974_c004,IMG_1974.jpg,manual_polygon,IMG_2032_r10_c03.jpg,IMG_2032.jpg,50,175,28,31,20260917
truffle_champagne_0065,data/synthetic_slots/v1/dataset/images/train/truffle_champagne/truffle_champagne_0065.jpg,train,occupied,truffle_champagne,Champagne,IMG_1974_c004,IMG_1974.jpg,manual_polygon,IMG_2021_r02_c02.jpg,IMG_2021.jpg,6,184,11,26,20260917
truffle_champagne_0066,data/synthetic_slots/v1/dataset/images/train/truffle_champagne/truffle_champagne_0066.jpg,train,occupied,truffle_champagne,Champagne,IMG_1974_c004,IMG_1974.jpg,manual_polygon,IMG_2024_r02_c02.jpg,IMG_2024.jpg,16,180,13,14,20260917
truffle_champagne_0067,data/synthetic_slots/v1/dataset/images/train/truffle_champagne/truffle_champagne_0067.jpg,train,occupied,truffle_champagne,Champagne,IMG_1974_c004,IMG_1974.jpg,manual_polygon,IMG_2027_r06_c03.jpg,IMG_2027.jpg,30,161,37,32,20260917
truffle_champagne_0068,data/synthetic_slots/v1/dataset/images/train/truffle_champagne/truffle_champagne_0068.jpg,train,occupied,truffle_champagne,Champagne,IMG_1974_c004,IMG_1974.jpg,manual_polygon,IMG_2031_r06_c01.jpg,IMG_2031.jpg,50,174,27,28,20260917
truffle_champagne_0069,data/synthetic_slots/v1/dataset/images/train/truffle_champagne/truffle_champagne_0069.jpg,train,occupied,truffle_champagne,Champagne,IMG_1974_c004,IMG_1974.jpg,manual_polygon,IMG_2019_r01_c02.jpg,IMG_2019.jpg,6,156,33,25,20260917
truffle_champagne_0070,data/synthetic_slots/v1/dataset/images/train/truffle_champagne/truffle_champagne_0070.jpg,train,occupied,truffle_champagne,Champagne,IMG_1974_c004,IMG_1974.jpg,manual_polygon,IMG_2022_r03_c04.jpg,IMG_2022.jpg,16,176,25,25,20260917
truffle_champagne_0071,data/synthetic_slots/v1/dataset/images/train/truffle_champagne/truffle_champagne_0071.jpg,train,occupied,truffle_champagne,Champagne,IMG_1974_c004,IMG_1974.jpg,manual_polygon,IMG_2028_r06_c03.jpg,IMG_2028.jpg,30,151,37,27,20260917
truffle_champagne_0072,data/synthetic_slots/v1/dataset/images/train/truffle_champagne/truffle_champagne_0072.jpg,train,occupied,truffle_champagne,Champagne,IMG_1974_c004,IMG_1974.jpg,manual_polygon,IMG_2031_r08_c03.jpg,IMG_2031.jpg,50,147,45,40,20260917
truffle_champagne_0073,data/synthetic_slots/v1/dataset/images/train/truffle_champagne/truffle_champagne_0073.jpg,train,occupied,truffle_champagne,Champagne,IMG_1974_c004,IMG_1974.jpg,manual_polygon,IMG_2021_r03_c01.jpg,IMG_2021.jpg,6,180,27,15,20260917
truffle_champagne_0074,data/synthetic_slots/v1/dataset/images/train/truffle_champagne/truffle_champagne_0074.jpg,train,occupied,truffle_champagne,Champagne,IMG_1974_c004,IMG_1974.jpg,manual_polygon,IMG_2022_r02_c02.jpg,IMG_2022.jpg,16,147,33,47,20260917
truffle_champagne_0075,data/synthetic_slots/v1/dataset/images/train/truffle_champagne/truffle_champagne_0075.jpg,train,occupied,truffle_champagne,Champagne,IMG_1974_c004,IMG_1974.jpg,manual_polygon,IMG_2029_r06_c05.jpg,IMG_2029.jpg,30,174,17,22,20260917
truffle_champagne_0076,data/synthetic_slots/v1/dataset/images/train/truffle_champagne/truffle_champagne_0076.jpg,train,occupied,truffle_champagne,Champagne,IMG_1974_c004,IMG_1974.jpg,manual_polygon,IMG_2033_r06_c03.jpg,IMG_2033.jpg,50,163,34,34,20260917
truffle_champagne_0077,data/synthetic_slots/v1/dataset/images/train/truffle_champagne/truffle_champagne_0077.jpg,train,occupied,truffle_champagne,Champagne,IMG_1974_c004,IMG_1974.jpg,manual_polygon,IMG_2021_r02_c02.jpg,IMG_2021.jpg,6,183,15,28,20260917
truffle_champagne_0078,data/synthetic_slots/v1/dataset/images/train/truffle_champagne/truffle_champagne_0078.jpg,train,occupied,truffle_champagne,Champagne,IMG_1974_c004,IMG_1974.jpg,manual_polygon,IMG_2024_r03_c03.jpg,IMG_2024.jpg,16,184,15,28,20260917
truffle_champagne_0079,data/synthetic_slots/v1/dataset/images/train/truffle_champagne/truffle_champagne_0079.jpg,train,occupied,truffle_champagne,Champagne,IMG_1974_c004,IMG_1974.jpg,manual_polygon,IMG_2029_r03_c01.jpg,IMG_2029.jpg,30,173,28,27,20260917
truffle_champagne_0080,data/synthetic_slots/v1/dataset/images/train/truffle_champagne/truffle_champagne_0080.jpg,train,occupied,truffle_champagne,Champagne,IMG_1974_c004,IMG_1974.jpg,manual_polygon,IMG_2031_r10_c04.jpg,IMG_2031.jpg,50,151,31,32,20260917
truffle_champagne_0081,data/synthetic_slots/v1/dataset/images/validation/truffle_champagne/truffle_champagne_0081.jpg,validation,occupied,truffle_champagne,Champagne,IMG_1974_c004,IMG_1974.jpg,manual_polygon,IMG_2020_r01_c02.jpg,IMG_2020.jpg,6,152,32,35,20260917
truffle_champagne_0082,data/synthetic_slots/v1/dataset/images/validation/truffle_champagne/truffle_champagne_0082.jpg,validation,occupied,truffle_champagne,Champagne,IMG_1974_c004,IMG_1974.jpg,manual_polygon,IMG_2023_r04_c01.jpg,IMG_2023.jpg,16,154,32,27,20260917
truffle_champagne_0083,data/synthetic_slots/v1/dataset/images/validation/truffle_champagne/truffle_champagne_0083.jpg,validation,occupied,truffle_champagne,Champagne,IMG_1974_c004,IMG_1974.jpg,manual_polygon,IMG_2030_r03_c03.jpg,IMG_2030.jpg,30,148,44,40,20260917
truffle_champagne_0084,data/synthetic_slots/v1/dataset/images/validation/truffle_champagne/truffle_champagne_0084.jpg,validation,occupied,truffle_champagne,Champagne,IMG_1974_c004,IMG_1974.jpg,manual_polygon,IMG_2034_r06_c02.jpg,IMG_2034.jpg,50,167,24,29,20260917
truffle_champagne_0085,data/synthetic_slots/v1/dataset/images/validation/truffle_champagne/truffle_champagne_0085.jpg,validation,occupied,truffle_champagne,Champagne,IMG_1974_c004,IMG_1974.jpg,manual_polygon,IMG_2020_r02_c02.jpg,IMG_2020.jpg,6,150,34,37,20260917
truffle_champagne_0086,data/synthetic_slots/v1/dataset/images/validation/truffle_champagne/truffle_champagne_0086.jpg,validation,occupied,truffle_champagne,Champagne,IMG_1974_c004,IMG_1974.jpg,manual_polygon,IMG_2023_r04_c03.jpg,IMG_2023.jpg,16,157,32,38,20260917
truffle_champagne_0087,data/synthetic_slots/v1/dataset/images/validation/truffle_champagne/truffle_champagne_0087.jpg,validation,occupied,truffle_champagne,Champagne,IMG_1974_c004,IMG_1974.jpg,manual_polygon,IMG_2030_r04_c01.jpg,IMG_2030.jpg,30,156,43,36,20260917
truffle_champagne_0088,data/synthetic_slots/v1/dataset/images/validation/truffle_champagne/truffle_champagne_0088.jpg,validation,occupied,truffle_champagne,Champagne,IMG_1974_c004,IMG_1974.jpg,manual_polygon,IMG_2034_r06_c03.jpg,IMG_2034.jpg,50,152,45,41,20260917
truffle_champagne_0089,data/synthetic_slots/v1/dataset/images/validation/truffle_champagne/truffle_champagne_0089.jpg,validation,occupied,truffle_champagne,Champagne,IMG_1974_c004,IMG_1974.jpg,manual_polygon,IMG_2020_r02_c01.jpg,IMG_2020.jpg,6,178,14,32,20260917
truffle_champagne_0090,data/synthetic_slots/v1/dataset/images/validation/truffle_champagne/truffle_champagne_0090.jpg,validation,occupied,truffle_champagne,Champagne,IMG_1974_c004,IMG_1974.jpg,manual_polygon,IMG_2023_r04_c04.jpg,IMG_2023.jpg,16,162,37,23,20260917
truffle_champagne_0091,data/synthetic_slots/v1/dataset/images/validation/truffle_champagne/truffle_champagne_0091.jpg,validation,occupied,truffle_champagne,Champagne,IMG_1974_c004,IMG_1974.jpg,manual_polygon,IMG_2030_r02_c01.jpg,IMG_2030.jpg,30,174,20,24,20260917
truffle_champagne_0092,data/synthetic_slots/v1/dataset/images/validation/truffle_champagne/truffle_champagne_0092.jpg,validation,occupied,truffle_champagne,Champagne,IMG_1974_c004,IMG_1974.jpg,manual_polygon,IMG_2034_r01_c05.jpg,IMG_2034.jpg,50,170,32,27,20260917
truffle_champagne_0093,data/synthetic_slots/v1/dataset/images/validation/truffle_champagne/truffle_champagne_0093.jpg,validation,occupied,truffle_champagne,Champagne,IMG_1974_c004,IMG_1974.jpg,manual_polygon,IMG_2020_r02_c02.jpg,IMG_2020.jpg,6,177,33,25,20260917
truffle_champagne_0094,data/synthetic_slots/v1/dataset/images/validation/truffle_champagne/truffle_champagne_0094.jpg,validation,occupied,truffle_champagne,Champagne,IMG_1974_c004,IMG_1974.jpg,manual_polygon,IMG_2023_r02_c03.jpg,IMG_2023.jpg,16,148,46,36,20260917
truffle_champagne_0095,data/synthetic_slots/v1/dataset/images/validation/truffle_champagne/truffle_champagne_0095.jpg,validation,occupied,truffle_champagne,Champagne,IMG_1974_c004,IMG_1974.jpg,manual_polygon,IMG_2030_r05_c04.jpg,IMG_2030.jpg,30,167,26,35,20260917
truffle_champagne_0096,data/synthetic_slots/v1/dataset/images/validation/truffle_champagne/truffle_champagne_0096.jpg,validation,occupied,truffle_champagne,Champagne,IMG_1974_c004,IMG_1974.jpg,manual_polygon,IMG_2034_r09_c02.jpg,IMG_2034.jpg,50,157,38,42,20260917
truffle_champagne_0097,data/synthetic_slots/v1/dataset/images/validation/truffle_champagne/truffle_champagne_0097.jpg,validation,occupied,truffle_champagne,Champagne,IMG_1974_c004,IMG_1974.jpg,manual_polygon,IMG_2020_r02_c02.jpg,IMG_2020.jpg,6,147,46,42,20260917
truffle_champagne_0098,data/synthetic_slots/v1/dataset/images/validation/truffle_champagne/truffle_champagne_0098.jpg,validation,occupied,truffle_champagne,Champagne,IMG_1974_c004,IMG_1974.jpg,manual_polygon,IMG_2023_r04_c01.jpg,IMG_2023.jpg,16,149,39,39,20260917
truffle_champagne_0099,data/synthetic_slots/v1/dataset/images/validation/truffle_champagne/truffle_champagne_0099.jpg,validation,occupied,truffle_champagne,Champagne,IMG_1974_c004,IMG_1974.jpg,manual_polygon,IMG_2030_r01_c03.jpg,IMG_2030.jpg,30,184,21,13,20260917
truffle_champagne_0100,data/synthetic_slots/v1/dataset/images/validation/truffle_champagne/truffle_champagne_0100.jpg,validation,occupied,truffle_champagne,Champagne,IMG_1974_c004,IMG_1974.jpg,manual_polygon,IMG_2034_r04_c03.jpg,IMG_2034.jpg,50,145,43,41,20260917
truffle_cheesecake_0001,data/synthetic_slots/v1/dataset/images/train/truffle_cheesecake/truffle_cheesecake_0001.jpg,train,occupied,truffle_cheesecake,Cheesecake,IMG_1988_c006,IMG_1988.jpg,expanded_u2net,IMG_2021_r03_c02.jpg,IMG_2021.jpg,6,161,50,25,20260917
truffle_cheesecake_0002,data/synthetic_slots/v1/dataset/images/train/truffle_cheesecake/truffle_cheesecake_0002.jpg,train,occupied,truffle_cheesecake,Cheesecake,IMG_1988_c006,IMG_1988.jpg,expanded_u2net,IMG_2022_r02_c04.jpg,IMG_2022.jpg,16,179,32,22,20260917
truffle_cheesecake_0003,data/synthetic_slots/v1/dataset/images/train/truffle_cheesecake/truffle_cheesecake_0003.jpg,train,occupied,truffle_cheesecake,Cheesecake,IMG_1988_c006,IMG_1988.jpg,expanded_u2net,IMG_2027_r04_c03.jpg,IMG_2027.jpg,30,158,39,33,20260917
truffle_cheesecake_0004,data/synthetic_slots/v1/dataset/images/train/truffle_cheesecake/truffle_cheesecake_0004.jpg,train,occupied,truffle_cheesecake,Cheesecake,IMG_1988_c006,IMG_1988.jpg,expanded_u2net,IMG_2031_r03_c01.jpg,IMG_2031.jpg,50,157,47,30,20260917
truffle_cheesecake_0005,data/synthetic_slots/v1/dataset/images/train/truffle_cheesecake/truffle_cheesecake_0005.jpg,train,occupied,truffle_cheesecake,Cheesecake,IMG_1988_c006,IMG_1988.jpg,expanded_u2net,IMG_2021_r02_c01.jpg,IMG_2021.jpg,6,171,43,25,20260917
truffle_cheesecake_0006,data/synthetic_slots/v1/dataset/images/train/truffle_cheesecake/truffle_cheesecake_0006.jpg,train,occupied,truffle_cheesecake,Cheesecake,IMG_1988_c006,IMG_1988.jpg,expanded_u2net,IMG_2022_r02_c02.jpg,IMG_2022.jpg,16,180,41,16,20260917
truffle_cheesecake_0007,data/synthetic_slots/v1/dataset/images/train/truffle_cheesecake/truffle_cheesecake_0007.jpg,train,occupied,truffle_cheesecake,Cheesecake,IMG_1988_c006,IMG_1988.jpg,expanded_u2net,IMG_2028_r05_c04.jpg,IMG_2028.jpg,30,168,34,36,20260917
truffle_cheesecake_0008,data/synthetic_slots/v1/dataset/images/train/truffle_cheesecake/truffle_cheesecake_0008.jpg,train,occupied,truffle_cheesecake,Cheesecake,IMG_1988_c006,IMG_1988.jpg,expanded_u2net,IMG_2032_r07_c02.jpg,IMG_2032.jpg,50,172,33,32,20260917
truffle_cheesecake_0009,data/synthetic_slots/v1/dataset/images/train/truffle_cheesecake/truffle_cheesecake_0009.jpg,train,occupied,truffle_cheesecake,Cheesecake,IMG_1988_c006,IMG_1988.jpg,expanded_u2net,IMG_2021_r01_c01.jpg,IMG_2021.jpg,6,154,51,36,20260917
truffle_cheesecake_0010,data/synthetic_slots/v1/dataset/images/train/truffle_cheesecake/truffle_cheesecake_0010.jpg,train,occupied,truffle_cheesecake,Cheesecake,IMG_1988_c006,IMG_1988.jpg,expanded_u2net,IMG_2022_r03_c02.jpg,IMG_2022.jpg,16,159,46,23,20260917
truffle_cheesecake_0011,data/synthetic_slots/v1/dataset/images/train/truffle_cheesecake/truffle_cheesecake_0011.jpg,train,occupied,truffle_cheesecake,Cheesecake,IMG_1988_c006,IMG_1988.jpg,expanded_u2net,IMG_2027_r04_c05.jpg,IMG_2027.jpg,30,162,34,36,20260917
truffle_cheesecake_0012,data/synthetic_slots/v1/dataset/images/train/truffle_cheesecake/truffle_cheesecake_0012.jpg,train,occupied,truffle_cheesecake,Cheesecake,IMG_1988_c006,IMG_1988.jpg,expanded_u2net,IMG_2031_r08_c05.jpg,IMG_2031.jpg,50,152,39,35,20260917
truffle_cheesecake_0013,data/synthetic_slots/v1/dataset/images/train/truffle_cheesecake/truffle_cheesecake_0013.jpg,train,occupied,truffle_cheesecake,Cheesecake,IMG_1988_c006,IMG_1988.jpg,expanded_u2net,IMG_2019_r03_c01.jpg,IMG_2019.jpg,6,147,55,43,20260917
truffle_cheesecake_0014,data/synthetic_slots/v1/dataset/images/train/truffle_cheesecake/truffle_cheesecake_0014.jpg,train,occupied,truffle_cheesecake,Cheesecake,IMG_1988_c006,IMG_1988.jpg,expanded_u2net,IMG_2022_r04_c02.jpg,IMG_2022.jpg,16,175,36,28,20260917
truffle_cheesecake_0015,data/synthetic_slots/v1/dataset/images/train/truffle_cheesecake/truffle_cheesecake_0015.jpg,train,occupied,truffle_cheesecake,Cheesecake,IMG_1988_c006,IMG_1988.jpg,expanded_u2net,IMG_2029_r03_c01.jpg,IMG_2029.jpg,30,158,54,39,20260917
truffle_cheesecake_0016,data/synthetic_slots/v1/dataset/images/train/truffle_cheesecake/truffle_cheesecake_0016.jpg,train,occupied,truffle_cheesecake,Cheesecake,IMG_1988_c006,IMG_1988.jpg,expanded_u2net,IMG_2032_r09_c03.jpg,IMG_2032.jpg,50,165,41,33,20260917
truffle_cheesecake_0017,data/synthetic_slots/v1/dataset/images/train/truffle_cheesecake/truffle_cheesecake_0017.jpg,train,occupied,truffle_cheesecake,Cheesecake,IMG_1988_c006,IMG_1988.jpg,expanded_u2net,IMG_2019_r02_c01.jpg,IMG_2019.jpg,6,161,35,24,20260917
truffle_cheesecake_0018,data/synthetic_slots/v1/dataset/images/train/truffle_cheesecake/truffle_cheesecake_0018.jpg,train,occupied,truffle_cheesecake,Cheesecake,IMG_1988_c006,IMG_1988.jpg,expanded_u2net,IMG_2025_r04_c02.jpg,IMG_2025.jpg,16,184,30,26,20260917
truffle_cheesecake_0019,data/synthetic_slots/v1/dataset/images/train/truffle_cheesecake/truffle_cheesecake_0019.jpg,train,occupied,truffle_cheesecake,Cheesecake,IMG_1988_c006,IMG_1988.jpg,expanded_u2net,IMG_2027_r03_c02.jpg,IMG_2027.jpg,30,148,49,46,20260917
truffle_cheesecake_0020,data/synthetic_slots/v1/dataset/images/train/truffle_cheesecake/truffle_cheesecake_0020.jpg,train,occupied,truffle_cheesecake,Cheesecake,IMG_1988_c006,IMG_1988.jpg,expanded_u2net,IMG_2032_r03_c02.jpg,IMG_2032.jpg,50,145,45,43,20260917
truffle_cheesecake_0021,data/synthetic_slots/v1/dataset/images/train/truffle_cheesecake/truffle_cheesecake_0021.jpg,train,occupied,truffle_cheesecake,Cheesecake,IMG_1988_c006,IMG_1988.jpg,expanded_u2net,IMG_2021_r03_c02.jpg,IMG_2021.jpg,6,154,37,40,20260917
truffle_cheesecake_0022,data/synthetic_slots/v1/dataset/images/train/truffle_cheesecake/truffle_cheesecake_0022.jpg,train,occupied,truffle_cheesecake,Cheesecake,IMG_1988_c006,IMG_1988.jpg,expanded_u2net,IMG_2022_r02_c03.jpg,IMG_2022.jpg,16,160,43,25,20260917
truffle_cheesecake_0023,data/synthetic_slots/v1/dataset/images/train/truffle_cheesecake/truffle_cheesecake_0023.jpg,train,occupied,truffle_cheesecake,Cheesecake,IMG_1988_c006,IMG_1988.jpg,expanded_u2net,IMG_2027_r03_c02.jpg,IMG_2027.jpg,30,156,52,34,20260917
truffle_cheesecake_0024,data/synthetic_slots/v1/dataset/images/train/truffle_cheesecake/truffle_cheesecake_0024.jpg,train,occupied,truffle_cheesecake,Cheesecake,IMG_1988_c006,IMG_1988.jpg,expanded_u2net,IMG_2032_r01_c04.jpg,IMG_2032.jpg,50,145,53,45,20260917
truffle_cheesecake_0025,data/synthetic_slots/v1/dataset/images/train/truffle_cheesecake/truffle_cheesecake_0025.jpg,train,occupied,truffle_cheesecake,Cheesecake,IMG_1988_c006,IMG_1988.jpg,expanded_u2net,IMG_2021_r02_c02.jpg,IMG_2021.jpg,6,182,24,19,20260917
truffle_cheesecake_0026,data/synthetic_slots/v1/dataset/images/train/truffle_cheesecake/truffle_cheesecake_0026.jpg,train,occupied,truffle_cheesecake,Cheesecake,IMG_1988_c006,IMG_1988.jpg,expanded_u2net,IMG_2025_r01_c02.jpg,IMG_2025.jpg,16,171,42,33,20260917
truffle_cheesecake_0027,data/synthetic_slots/v1/dataset/images/train/truffle_cheesecake/truffle_cheesecake_0027.jpg,train,occupied,truffle_cheesecake,Cheesecake,IMG_1988_c006,IMG_1988.jpg,expanded_u2net,IMG_2028_r04_c05.jpg,IMG_2028.jpg,30,181,38,20,20260917
truffle_cheesecake_0028,data/synthetic_slots/v1/dataset/images/train/truffle_cheesecake/truffle_cheesecake_0028.jpg,train,occupied,truffle_cheesecake,Cheesecake,IMG_1988_c006,IMG_1988.jpg,expanded_u2net,IMG_2031_r03_c02.jpg,IMG_2031.jpg,50,180,25,29,20260917
truffle_cheesecake_0029,data/synthetic_slots/v1/dataset/images/train/truffle_cheesecake/truffle_cheesecake_0029.jpg,train,occupied,truffle_cheesecake,Cheesecake,IMG_1988_c006,IMG_1988.jpg,expanded_u2net,IMG_2019_r03_c01.jpg,IMG_2019.jpg,6,158,46,24,20260917
truffle_cheesecake_0030,data/synthetic_slots/v1/dataset/images/train/truffle_cheesecake/truffle_cheesecake_0030.jpg,train,occupied,truffle_cheesecake,Cheesecake,IMG_1988_c006,IMG_1988.jpg,expanded_u2net,IMG_2026_r03_c03.jpg,IMG_2026.jpg,16,177,32,28,20260917
truffle_cheesecake_0031,data/synthetic_slots/v1/dataset/images/train/truffle_cheesecake/truffle_cheesecake_0031.jpg,train,occupied,truffle_cheesecake,Cheesecake,IMG_1988_c006,IMG_1988.jpg,expanded_u2net,IMG_2028_r02_c03.jpg,IMG_2028.jpg,30,169,32,32,20260917
truffle_cheesecake_0032,data/synthetic_slots/v1/dataset/images/train/truffle_cheesecake/truffle_cheesecake_0032.jpg,train,occupied,truffle_cheesecake,Cheesecake,IMG_1988_c006,IMG_1988.jpg,expanded_u2net,IMG_2033_r01_c01.jpg,IMG_2033.jpg,50,150,54,30,20260917
truffle_cheesecake_0033,data/synthetic_slots/v1/dataset/images/train/truffle_cheesecake/truffle_cheesecake_0033.jpg,train,occupied,truffle_cheesecake,Cheesecake,IMG_1988_c006,IMG_1988.jpg,expanded_u2net,IMG_2021_r03_c01.jpg,IMG_2021.jpg,6,154,54,37,20260917
truffle_cheesecake_0034,data/synthetic_slots/v1/dataset/images/train/truffle_cheesecake/truffle_cheesecake_0034.jpg,train,occupied,truffle_cheesecake,Cheesecake,IMG_1988_c006,IMG_1988.jpg,expanded_u2net,IMG_2026_r04_c01.jpg,IMG_2026.jpg,16,178,44,14,20260917
truffle_cheesecake_0035,data/synthetic_slots/v1/dataset/images/train/truffle_cheesecake/truffle_cheesecake_0035.jpg,train,occupied,truffle_cheesecake,Cheesecake,IMG_1988_c006,IMG_1988.jpg,expanded_u2net,IMG_2027_r04_c04.jpg,IMG_2027.jpg,30,182,32,18,20260917
truffle_cheesecake_0036,data/synthetic_slots/v1/dataset/images/train/truffle_cheesecake/truffle_cheesecake_0036.jpg,train,occupied,truffle_cheesecake,Cheesecake,IMG_1988_c006,IMG_1988.jpg,expanded_u2net,IMG_2031_r03_c03.jpg,IMG_2031.jpg,50,169,33,35,20260917
truffle_cheesecake_0037,data/synthetic_slots/v1/dataset/images/train/truffle_cheesecake/truffle_cheesecake_0037.jpg,train,occupied,truffle_cheesecake,Cheesecake,IMG_1988_c006,IMG_1988.jpg,expanded_u2net,IMG_2021_r02_c02.jpg,IMG_2021.jpg,6,167,42,36,20260917
truffle_cheesecake_0038,data/synthetic_slots/v1/dataset/images/train/truffle_cheesecake/truffle_cheesecake_0038.jpg,train,occupied,truffle_cheesecake,Cheesecake,IMG_1988_c006,IMG_1988.jpg,expanded_u2net,IMG_2024_r02_c04.jpg,IMG_2024.jpg,16,179,40,14,20260917
truffle_cheesecake_0039,data/synthetic_slots/v1/dataset/images/train/truffle_cheesecake/truffle_cheesecake_0039.jpg,train,occupied,truffle_cheesecake,Cheesecake,IMG_1988_c006,IMG_1988.jpg,expanded_u2net,IMG_2028_r05_c03.jpg,IMG_2028.jpg,30,160,35,28,20260917
truffle_cheesecake_0040,data/synthetic_slots/v1/dataset/images/train/truffle_cheesecake/truffle_cheesecake_0040.jpg,train,occupied,truffle_cheesecake,Cheesecake,IMG_1988_c006,IMG_1988.jpg,expanded_u2net,IMG_2031_r10_c05.jpg,IMG_2031.jpg,50,150,39,28,20260917
truffle_cheesecake_0041,data/synthetic_slots/v1/dataset/images/train/truffle_cheesecake/truffle_cheesecake_0041.jpg,train,occupied,truffle_cheesecake,Cheesecake,IMG_1988_c006,IMG_1988.jpg,expanded_u2net,IMG_2019_r02_c02.jpg,IMG_2019.jpg,6,182,33,19,20260917
truffle_cheesecake_0042,data/synthetic_slots/v1/dataset/images/train/truffle_cheesecake/truffle_cheesecake_0042.jpg,train,occupied,truffle_cheesecake,Cheesecake,IMG_1988_c006,IMG_1988.jpg,expanded_u2net,IMG_2024_r04_c03.jpg,IMG_2024.jpg,16,163,38,33,20260917
truffle_cheesecake_0043,data/synthetic_slots/v1/dataset/images/train/truffle_cheesecake/truffle_cheesecake_0043.jpg,train,occupied,truffle_cheesecake,Cheesecake,IMG_1988_c006,IMG_1988.jpg,expanded_u2net,IMG_2028_r01_c01.jpg,IMG_2028.jpg,30,164,41,35,20260917
truffle_cheesecake_0044,data/synthetic_slots/v1/dataset/images/train/truffle_cheesecake/truffle_cheesecake_0044.jpg,train,occupied,truffle_cheesecake,Cheesecake,IMG_1988_c006,IMG_1988.jpg,expanded_u2net,IMG_2031_r10_c03.jpg,IMG_2031.jpg,50,148,39,39,20260917
truffle_cheesecake_0045,data/synthetic_slots/v1/dataset/images/train/truffle_cheesecake/truffle_cheesecake_0045.jpg,train,occupied,truffle_cheesecake,Cheesecake,IMG_1988_c006,IMG_1988.jpg,expanded_u2net,IMG_2019_r03_c01.jpg,IMG_2019.jpg,6,163,41,29,20260917
truffle_cheesecake_0046,data/synthetic_slots/v1/dataset/images/train/truffle_cheesecake/truffle_cheesecake_0046.jpg,train,occupied,truffle_cheesecake,Cheesecake,IMG_1988_c006,IMG_1988.jpg,expanded_u2net,IMG_2022_r02_c01.jpg,IMG_2022.jpg,16,174,34,28,20260917
truffle_cheesecake_0047,data/synthetic_slots/v1/dataset/images/train/truffle_cheesecake/truffle_cheesecake_0047.jpg,train,occupied,truffle_cheesecake,Cheesecake,IMG_1988_c006,IMG_1988.jpg,expanded_u2net,IMG_2029_r02_c05.jpg,IMG_2029.jpg,30,175,37,27,20260917
truffle_cheesecake_0048,data/synthetic_slots/v1/dataset/images/train/truffle_cheesecake/truffle_cheesecake_0048.jpg,train,occupied,truffle_cheesecake,Cheesecake,IMG_1988_c006,IMG_1988.jpg,expanded_u2net,IMG_2032_r08_c03.jpg,IMG_2032.jpg,50,179,44,21,20260917
truffle_cheesecake_0049,data/synthetic_slots/v1/dataset/images/train/truffle_cheesecake/truffle_cheesecake_0049.jpg,train,occupied,truffle_cheesecake,Cheesecake,IMG_1988_c006,IMG_1988.jpg,expanded_u2net,IMG_2019_r03_c01.jpg,IMG_2019.jpg,6,183,37,22,20260917
truffle_cheesecake_0050,data/synthetic_slots/v1/dataset/images/train/truffle_cheesecake/truffle_cheesecake_0050.jpg,train,occupied,truffle_cheesecake,Cheesecake,IMG_1988_c006,IMG_1988.jpg,expanded_u2net,IMG_2024_r02_c03.jpg,IMG_2024.jpg,16,155,44,28,20260917
truffle_cheesecake_0051,data/synthetic_slots/v1/dataset/images/train/truffle_cheesecake/truffle_cheesecake_0051.jpg,train,occupied,truffle_cheesecake,Cheesecake,IMG_1988_c006,IMG_1988.jpg,expanded_u2net,IMG_2029_r04_c02.jpg,IMG_2029.jpg,30,156,38,34,20260917
truffle_cheesecake_0052,data/synthetic_slots/v1/dataset/images/train/truffle_cheesecake/truffle_cheesecake_0052.jpg,train,occupied,truffle_cheesecake,Cheesecake,IMG_1988_c006,IMG_1988.jpg,expanded_u2net,IMG_2033_r05_c02.jpg,IMG_2033.jpg,50,174,43,24,20260917
truffle_cheesecake_0053,data/synthetic_slots/v1/dataset/images/train/truffle_cheesecake/truffle_cheesecake_0053.jpg,train,occupied,truffle_cheesecake,Cheesecake,IMG_1988_c006,IMG_1988.jpg,expanded_u2net,IMG_2019_r02_c01.jpg,IMG_2019.jpg,6,161,38,36,20260917
truffle_cheesecake_0054,data/synthetic_slots/v1/dataset/images/train/truffle_cheesecake/truffle_cheesecake_0054.jpg,train,occupied,truffle_cheesecake,Cheesecake,IMG_1988_c006,IMG_1988.jpg,expanded_u2net,IMG_2022_r04_c03.jpg,IMG_2022.jpg,16,153,37,38,20260917
truffle_cheesecake_0055,data/synthetic_slots/v1/dataset/images/train/truffle_cheesecake/truffle_cheesecake_0055.jpg,train,occupied,truffle_cheesecake,Cheesecake,IMG_1988_c006,IMG_1988.jpg,expanded_u2net,IMG_2029_r06_c04.jpg,IMG_2029.jpg,30,173,42,16,20260917
truffle_cheesecake_0056,data/synthetic_slots/v1/dataset/images/train/truffle_cheesecake/truffle_cheesecake_0056.jpg,train,occupied,truffle_cheesecake,Cheesecake,IMG_1988_c006,IMG_1988.jpg,expanded_u2net,IMG_2032_r10_c02.jpg,IMG_2032.jpg,50,180,34,28,20260917
truffle_cheesecake_0057,data/synthetic_slots/v1/dataset/images/train/truffle_cheesecake/truffle_cheesecake_0057.jpg,train,occupied,truffle_cheesecake,Cheesecake,IMG_1988_c006,IMG_1988.jpg,expanded_u2net,IMG_2021_r03_c01.jpg,IMG_2021.jpg,6,150,53,39,20260917
truffle_cheesecake_0058,data/synthetic_slots/v1/dataset/images/train/truffle_cheesecake/truffle_cheesecake_0058.jpg,train,occupied,truffle_cheesecake,Cheesecake,IMG_1988_c006,IMG_1988.jpg,expanded_u2net,IMG_2022_r03_c04.jpg,IMG_2022.jpg,16,185,29,14,20260917
truffle_cheesecake_0059,data/synthetic_slots/v1/dataset/images/train/truffle_cheesecake/truffle_cheesecake_0059.jpg,train,occupied,truffle_cheesecake,Cheesecake,IMG_1988_c006,IMG_1988.jpg,expanded_u2net,IMG_2028_r04_c05.jpg,IMG_2028.jpg,30,185,27,18,20260917
truffle_cheesecake_0060,data/synthetic_slots/v1/dataset/images/train/truffle_cheesecake/truffle_cheesecake_0060.jpg,train,occupied,truffle_cheesecake,Cheesecake,IMG_1988_c006,IMG_1988.jpg,expanded_u2net,IMG_2031_r08_c03.jpg,IMG_2031.jpg,50,149,57,35,20260917
truffle_cheesecake_0061,data/synthetic_slots/v1/dataset/images/train/truffle_cheesecake/truffle_cheesecake_0061.jpg,train,occupied,truffle_cheesecake,Cheesecake,IMG_1988_c006,IMG_1988.jpg,expanded_u2net,IMG_2021_r01_c02.jpg,IMG_2021.jpg,6,165,42,33,20260917
truffle_cheesecake_0062,data/synthetic_slots/v1/dataset/images/train/truffle_cheesecake/truffle_cheesecake_0062.jpg,train,occupied,truffle_cheesecake,Cheesecake,IMG_1988_c006,IMG_1988.jpg,expanded_u2net,IMG_2026_r02_c01.jpg,IMG_2026.jpg,16,155,46,25,20260917
truffle_cheesecake_0063,data/synthetic_slots/v1/dataset/images/train/truffle_cheesecake/truffle_cheesecake_0063.jpg,train,occupied,truffle_cheesecake,Cheesecake,IMG_1988_c006,IMG_1988.jpg,expanded_u2net,IMG_2029_r03_c04.jpg,IMG_2029.jpg,30,180,25,22,20260917
truffle_cheesecake_0064,data/synthetic_slots/v1/dataset/images/train/truffle_cheesecake/truffle_cheesecake_0064.jpg,train,occupied,truffle_cheesecake,Cheesecake,IMG_1988_c006,IMG_1988.jpg,expanded_u2net,IMG_2033_r07_c03.jpg,IMG_2033.jpg,50,178,25,19,20260917
truffle_cheesecake_0065,data/synthetic_slots/v1/dataset/images/train/truffle_cheesecake/truffle_cheesecake_0065.jpg,train,occupied,truffle_cheesecake,Cheesecake,IMG_1988_c006,IMG_1988.jpg,expanded_u2net,IMG_2021_r02_c01.jpg,IMG_2021.jpg,6,147,50,34,20260917
truffle_cheesecake_0066,data/synthetic_slots/v1/dataset/images/train/truffle_cheesecake/truffle_cheesecake_0066.jpg,train,occupied,truffle_cheesecake,Cheesecake,IMG_1988_c006,IMG_1988.jpg,expanded_u2net,IMG_2024_r03_c03.jpg,IMG_2024.jpg,16,169,37,19,20260917
truffle_cheesecake_0067,data/synthetic_slots/v1/dataset/images/train/truffle_cheesecake/truffle_cheesecake_0067.jpg,train,occupied,truffle_cheesecake,Cheesecake,IMG_1988_c006,IMG_1988.jpg,expanded_u2net,IMG_2029_r03_c05.jpg,IMG_2029.jpg,30,156,52,35,20260917
truffle_cheesecake_0068,data/synthetic_slots/v1/dataset/images/train/truffle_cheesecake/truffle_cheesecake_0068.jpg,train,occupied,truffle_cheesecake,Cheesecake,IMG_1988_c006,IMG_1988.jpg,expanded_u2net,IMG_2031_r02_c01.jpg,IMG_2031.jpg,50,148,42,35,20260917
truffle_cheesecake_0069,data/synthetic_slots/v1/dataset/images/train/truffle_cheesecake/truffle_cheesecake_0069.jpg,train,occupied,truffle_cheesecake,Cheesecake,IMG_1988_c006,IMG_1988.jpg,expanded_u2net,IMG_2019_r02_c02.jpg,IMG_2019.jpg,6,153,39,43,20260917
truffle_cheesecake_0070,data/synthetic_slots/v1/dataset/images/train/truffle_cheesecake/truffle_cheesecake_0070.jpg,train,occupied,truffle_cheesecake,Cheesecake,IMG_1988_c006,IMG_1988.jpg,expanded_u2net,IMG_2025_r03_c02.jpg,IMG_2025.jpg,16,176,37,19,20260917
truffle_cheesecake_0071,data/synthetic_slots/v1/dataset/images/train/truffle_cheesecake/truffle_cheesecake_0071.jpg,train,occupied,truffle_cheesecake,Cheesecake,IMG_1988_c006,IMG_1988.jpg,expanded_u2net,IMG_2028_r03_c04.jpg,IMG_2028.jpg,30,156,45,33,20260917
truffle_cheesecake_0072,data/synthetic_slots/v1/dataset/images/train/truffle_cheesecake/truffle_cheesecake_0072.jpg,train,occupied,truffle_cheesecake,Cheesecake,IMG_1988_c006,IMG_1988.jpg,expanded_u2net,IMG_2031_r06_c03.jpg,IMG_2031.jpg,50,163,39,35,20260917
truffle_cheesecake_0073,data/synthetic_slots/v1/dataset/images/train/truffle_cheesecake/truffle_cheesecake_0073.jpg,train,occupied,truffle_cheesecake,Cheesecake,IMG_1988_c006,IMG_1988.jpg,expanded_u2net,IMG_2021_r03_c01.jpg,IMG_2021.jpg,6,175,32,22,20260917
truffle_cheesecake_0074,data/synthetic_slots/v1/dataset/images/train/truffle_cheesecake/truffle_cheesecake_0074.jpg,train,occupied,truffle_cheesecake,Cheesecake,IMG_1988_c006,IMG_1988.jpg,expanded_u2net,IMG_2026_r03_c04.jpg,IMG_2026.jpg,16,156,40,31,20260917
truffle_cheesecake_0075,data/synthetic_slots/v1/dataset/images/train/truffle_cheesecake/truffle_cheesecake_0075.jpg,train,occupied,truffle_cheesecake,Cheesecake,IMG_1988_c006,IMG_1988.jpg,expanded_u2net,IMG_2029_r04_c04.jpg,IMG_2029.jpg,30,185,24,23,20260917
truffle_cheesecake_0076,data/synthetic_slots/v1/dataset/images/train/truffle_cheesecake/truffle_cheesecake_0076.jpg,train,occupied,truffle_cheesecake,Cheesecake,IMG_1988_c006,IMG_1988.jpg,expanded_u2net,IMG_2033_r03_c04.jpg,IMG_2033.jpg,50,172,35,28,20260917
truffle_cheesecake_0077,data/synthetic_slots/v1/dataset/images/train/truffle_cheesecake/truffle_cheesecake_0077.jpg,train,occupied,truffle_cheesecake,Cheesecake,IMG_1988_c006,IMG_1988.jpg,expanded_u2net,IMG_2021_r02_c01.jpg,IMG_2021.jpg,6,158,36,28,20260917
truffle_cheesecake_0078,data/synthetic_slots/v1/dataset/images/train/truffle_cheesecake/truffle_cheesecake_0078.jpg,train,occupied,truffle_cheesecake,Cheesecake,IMG_1988_c006,IMG_1988.jpg,expanded_u2net,IMG_2026_r03_c03.jpg,IMG_2026.jpg,16,152,53,39,20260917
truffle_cheesecake_0079,data/synthetic_slots/v1/dataset/images/train/truffle_cheesecake/truffle_cheesecake_0079.jpg,train,occupied,truffle_cheesecake,Cheesecake,IMG_1988_c006,IMG_1988.jpg,expanded_u2net,IMG_2029_r06_c02.jpg,IMG_2029.jpg,30,180,33,25,20260917
truffle_cheesecake_0080,data/synthetic_slots/v1/dataset/images/train/truffle_cheesecake/truffle_cheesecake_0080.jpg,train,occupied,truffle_cheesecake,Cheesecake,IMG_1988_c006,IMG_1988.jpg,expanded_u2net,IMG_2033_r07_c03.jpg,IMG_2033.jpg,50,166,43,25,20260917
truffle_cheesecake_0081,data/synthetic_slots/v1/dataset/images/validation/truffle_cheesecake/truffle_cheesecake_0081.jpg,validation,occupied,truffle_cheesecake,Cheesecake,IMG_1988_c006,IMG_1988.jpg,expanded_u2net,IMG_2020_r03_c01.jpg,IMG_2020.jpg,6,164,49,36,20260917
truffle_cheesecake_0082,data/synthetic_slots/v1/dataset/images/validation/truffle_cheesecake/truffle_cheesecake_0082.jpg,validation,occupied,truffle_cheesecake,Cheesecake,IMG_1988_c006,IMG_1988.jpg,expanded_u2net,IMG_2023_r01_c03.jpg,IMG_2023.jpg,16,175,39,19,20260917
truffle_cheesecake_0083,data/synthetic_slots/v1/dataset/images/validation/truffle_cheesecake/truffle_cheesecake_0083.jpg,validation,occupied,truffle_cheesecake,Cheesecake,IMG_1988_c006,IMG_1988.jpg,expanded_u2net,IMG_2030_r01_c04.jpg,IMG_2030.jpg,30,162,35,33,20260917
truffle_cheesecake_0084,data/synthetic_slots/v1/dataset/images/validation/truffle_cheesecake/truffle_cheesecake_0084.jpg,validation,occupied,truffle_cheesecake,Cheesecake,IMG_1988_c006,IMG_1988.jpg,expanded_u2net,IMG_2034_r04_c05.jpg,IMG_2034.jpg,50,149,54,34,20260917
truffle_cheesecake_0085,data/synthetic_slots/v1/dataset/images/validation/truffle_cheesecake/truffle_cheesecake_0085.jpg,validation,occupied,truffle_cheesecake,Cheesecake,IMG_1988_c006,IMG_1988.jpg,expanded_u2net,IMG_2020_r01_c01.jpg,IMG_2020.jpg,6,146,59,46,20260917
truffle_cheesecake_0086,data/synthetic_slots/v1/dataset/images/validation/truffle_cheesecake/truffle_cheesecake_0086.jpg,validation,occupied,truffle_cheesecake,Cheesecake,IMG_1988_c006,IMG_1988.jpg,expanded_u2net,IMG_2023_r04_c03.jpg,IMG_2023.jpg,16,150,50,43,20260917
truffle_cheesecake_0087,data/synthetic_slots/v1/dataset/images/validation/truffle_cheesecake/truffle_cheesecake_0087.jpg,validation,occupied,truffle_cheesecake,Cheesecake,IMG_1988_c006,IMG_1988.jpg,expanded_u2net,IMG_2030_r06_c05.jpg,IMG_2030.jpg,30,176,38,26,20260917
truffle_cheesecake_0088,data/synthetic_slots/v1/dataset/images/validation/truffle_cheesecake/truffle_cheesecake_0088.jpg,validation,occupied,truffle_cheesecake,Cheesecake,IMG_1988_c006,IMG_1988.jpg,expanded_u2net,IMG_2034_r01_c02.jpg,IMG_2034.jpg,50,156,39,42,20260917
truffle_cheesecake_0089,data/synthetic_slots/v1/dataset/images/validation/truffle_cheesecake/truffle_cheesecake_0089.jpg,validation,occupied,truffle_cheesecake,Cheesecake,IMG_1988_c006,IMG_1988.jpg,expanded_u2net,IMG_2020_r03_c01.jpg,IMG_2020.jpg,6,175,44,22,20260917
truffle_cheesecake_0090,data/synthetic_slots/v1/dataset/images/validation/truffle_cheesecake/truffle_cheesecake_0090.jpg,validation,occupied,truffle_cheesecake,Cheesecake,IMG_1988_c006,IMG_1988.jpg,expanded_u2net,IMG_2023_r04_c02.jpg,IMG_2023.jpg,16,153,52,41,20260917
truffle_cheesecake_0091,data/synthetic_slots/v1/dataset/images/validation/truffle_cheesecake/truffle_cheesecake_0091.jpg,validation,occupied,truffle_cheesecake,Cheesecake,IMG_1988_c006,IMG_1988.jpg,expanded_u2net,IMG_2030_r01_c05.jpg,IMG_2030.jpg,30,156,49,38,20260917
truffle_cheesecake_0092,data/synthetic_slots/v1/dataset/images/validation/truffle_cheesecake/truffle_cheesecake_0092.jpg,validation,occupied,truffle_cheesecake,Cheesecake,IMG_1988_c006,IMG_1988.jpg,expanded_u2net,IMG_2034_r10_c01.jpg,IMG_2034.jpg,50,168,38,36,20260917
truffle_cheesecake_0093,data/synthetic_slots/v1/dataset/images/validation/truffle_cheesecake/truffle_cheesecake_0093.jpg,validation,occupied,truffle_cheesecake,Cheesecake,IMG_1988_c006,IMG_1988.jpg,expanded_u2net,IMG_2020_r01_c02.jpg,IMG_2020.jpg,6,166,44,28,20260917
truffle_cheesecake_0094,data/synthetic_slots/v1/dataset/images/validation/truffle_cheesecake/truffle_cheesecake_0094.jpg,validation,occupied,truffle_cheesecake,Cheesecake,IMG_1988_c006,IMG_1988.jpg,expanded_u2net,IMG_2023_r04_c01.jpg,IMG_2023.jpg,16,166,29,38,20260917
truffle_cheesecake_0095,data/synthetic_slots/v1/dataset/images/validation/truffle_cheesecake/truffle_cheesecake_0095.jpg,validation,occupied,truffle_cheesecake,Cheesecake,IMG_1988_c006,IMG_1988.jpg,expanded_u2net,IMG_2030_r02_c02.jpg,IMG_2030.jpg,30,149,39,46,20260917
truffle_cheesecake_0096,data/synthetic_slots/v1/dataset/images/validation/truffle_cheesecake/truffle_cheesecake_0096.jpg,validation,occupied,truffle_cheesecake,Cheesecake,IMG_1988_c006,IMG_1988.jpg,expanded_u2net,IMG_2034_r01_c04.jpg,IMG_2034.jpg,50,154,40,36,20260917
truffle_cheesecake_0097,data/synthetic_slots/v1/dataset/images/validation/truffle_cheesecake/truffle_cheesecake_0097.jpg,validation,occupied,truffle_cheesecake,Cheesecake,IMG_1988_c006,IMG_1988.jpg,expanded_u2net,IMG_2020_r03_c02.jpg,IMG_2020.jpg,6,153,42,29,20260917
truffle_cheesecake_0098,data/synthetic_slots/v1/dataset/images/validation/truffle_cheesecake/truffle_cheesecake_0098.jpg,validation,occupied,truffle_cheesecake,Cheesecake,IMG_1988_c006,IMG_1988.jpg,expanded_u2net,IMG_2023_r04_c02.jpg,IMG_2023.jpg,16,180,35,26,20260917
truffle_cheesecake_0099,data/synthetic_slots/v1/dataset/images/validation/truffle_cheesecake/truffle_cheesecake_0099.jpg,validation,occupied,truffle_cheesecake,Cheesecake,IMG_1988_c006,IMG_1988.jpg,expanded_u2net,IMG_2030_r01_c04.jpg,IMG_2030.jpg,30,160,48,26,20260917
truffle_cheesecake_0100,data/synthetic_slots/v1/dataset/images/validation/truffle_cheesecake/truffle_cheesecake_0100.jpg,validation,occupied,truffle_cheesecake,Cheesecake,IMG_1988_c006,IMG_1988.jpg,expanded_u2net,IMG_2034_r04_c01.jpg,IMG_2034.jpg,50,150,43,34,20260917
truffle_confetti_cake_0001,data/synthetic_slots/v1/dataset/images/train/truffle_confetti_cake/truffle_confetti_cake_0001.jpg,train,occupied,truffle_confetti_cake,Confetti Cake,IMG_1994_c012,IMG_1994.jpg,expanded_u2net,IMG_2021_r03_c01.jpg,IMG_2021.jpg,6,182,20,17,20260917
truffle_confetti_cake_0002,data/synthetic_slots/v1/dataset/images/train/truffle_confetti_cake/truffle_confetti_cake_0002.jpg,train,occupied,truffle_confetti_cake,Confetti Cake,IMG_1994_c012,IMG_1994.jpg,expanded_u2net,IMG_2026_r04_c01.jpg,IMG_2026.jpg,16,152,40,37,20260917
truffle_confetti_cake_0003,data/synthetic_slots/v1/dataset/images/train/truffle_confetti_cake/truffle_confetti_cake_0003.jpg,train,occupied,truffle_confetti_cake,Confetti Cake,IMG_1994_c012,IMG_1994.jpg,expanded_u2net,IMG_2028_r02_c03.jpg,IMG_2028.jpg,30,169,31,27,20260917
truffle_confetti_cake_0004,data/synthetic_slots/v1/dataset/images/train/truffle_confetti_cake/truffle_confetti_cake_0004.jpg,train,occupied,truffle_confetti_cake,Confetti Cake,IMG_1994_c012,IMG_1994.jpg,expanded_u2net,IMG_2031_r06_c04.jpg,IMG_2031.jpg,50,171,17,33,20260917
truffle_confetti_cake_0005,data/synthetic_slots/v1/dataset/images/train/truffle_confetti_cake/truffle_confetti_cake_0005.jpg,train,occupied,truffle_confetti_cake,Confetti Cake,IMG_1994_c012,IMG_1994.jpg,expanded_u2net,IMG_2021_r03_c01.jpg,IMG_2021.jpg,6,178,17,18,20260917
truffle_confetti_cake_0006,data/synthetic_slots/v1/dataset/images/train/truffle_confetti_cake/truffle_confetti_cake_0006.jpg,train,occupied,truffle_confetti_cake,Confetti Cake,IMG_1994_c012,IMG_1994.jpg,expanded_u2net,IMG_2025_r01_c02.jpg,IMG_2025.jpg,16,167,29,27,20260917
truffle_confetti_cake_0007,data/synthetic_slots/v1/dataset/images/train/truffle_confetti_cake/truffle_confetti_cake_0007.jpg,train,occupied,truffle_confetti_cake,Confetti Cake,IMG_1994_c012,IMG_1994.jpg,expanded_u2net,IMG_2028_r05_c01.jpg,IMG_2028.jpg,30,165,33,36,20260917
truffle_confetti_cake_0008,data/synthetic_slots/v1/dataset/images/train/truffle_confetti_cake/truffle_confetti_cake_0008.jpg,train,occupied,truffle_confetti_cake,Confetti Cake,IMG_1994_c012,IMG_1994.jpg,expanded_u2net,IMG_2031_r01_c04.jpg,IMG_2031.jpg,50,166,24,26,20260917
truffle_confetti_cake_0009,data/synthetic_slots/v1/dataset/images/train/truffle_confetti_cake/truffle_confetti_cake_0009.jpg,train,occupied,truffle_confetti_cake,Confetti Cake,IMG_1994_c012,IMG_1994.jpg,expanded_u2net,IMG_2021_r01_c01.jpg,IMG_2021.jpg,6,165,23,31,20260917
truffle_confetti_cake_0010,data/synthetic_slots/v1/dataset/images/train/truffle_confetti_cake/truffle_confetti_cake_0010.jpg,train,occupied,truffle_confetti_cake,Confetti Cake,IMG_1994_c012,IMG_1994.jpg,expanded_u2net,IMG_2025_r04_c01.jpg,IMG_2025.jpg,16,153,34,30,20260917
truffle_confetti_cake_0011,data/synthetic_slots/v1/dataset/images/train/truffle_confetti_cake/truffle_confetti_cake_0011.jpg,train,occupied,truffle_confetti_cake,Confetti Cake,IMG_1994_c012,IMG_1994.jpg,expanded_u2net,IMG_2028_r05_c01.jpg,IMG_2028.jpg,30,150,35,50,20260917
truffle_confetti_cake_0012,data/synthetic_slots/v1/dataset/images/train/truffle_confetti_cake/truffle_confetti_cake_0012.jpg,train,occupied,truffle_confetti_cake,Confetti Cake,IMG_1994_c012,IMG_1994.jpg,expanded_u2net,IMG_2031_r08_c03.jpg,IMG_2031.jpg,50,153,36,40,20260917
truffle_confetti_cake_0013,data/synthetic_slots/v1/dataset/images/train/truffle_confetti_cake/truffle_confetti_cake_0013.jpg,train,occupied,truffle_confetti_cake,Confetti Cake,IMG_1994_c012,IMG_1994.jpg,expanded_u2net,IMG_2019_r02_c02.jpg,IMG_2019.jpg,6,163,21,37,20260917
truffle_confetti_cake_0014,data/synthetic_slots/v1/dataset/images/train/truffle_confetti_cake/truffle_confetti_cake_0014.jpg,train,occupied,truffle_confetti_cake,Confetti Cake,IMG_1994_c012,IMG_1994.jpg,expanded_u2net,IMG_2024_r02_c04.jpg,IMG_2024.jpg,16,148,34,41,20260917
truffle_confetti_cake_0015,data/synthetic_slots/v1/dataset/images/train/truffle_confetti_cake/truffle_confetti_cake_0015.jpg,train,occupied,truffle_confetti_cake,Confetti Cake,IMG_1994_c012,IMG_1994.jpg,expanded_u2net,IMG_2027_r06_c02.jpg,IMG_2027.jpg,30,182,26,20,20260917
truffle_confetti_cake_0016,data/synthetic_slots/v1/dataset/images/train/truffle_confetti_cake/truffle_confetti_cake_0016.jpg,train,occupied,truffle_confetti_cake,Confetti Cake,IMG_1994_c012,IMG_1994.jpg,expanded_u2net,IMG_2031_r02_c05.jpg,IMG_2031.jpg,50,167,36,36,20260917
truffle_confetti_cake_0017,data/synthetic_slots/v1/dataset/images/train/truffle_confetti_cake/truffle_confetti_cake_0017.jpg,train,occupied,truffle_confetti_cake,Confetti Cake,IMG_1994_c012,IMG_1994.jpg,expanded_u2net,IMG_2021_r03_c02.jpg,IMG_2021.jpg,6,173,30,25,20260917
truffle_confetti_cake_0018,data/synthetic_slots/v1/dataset/images/train/truffle_confetti_cake/truffle_confetti_cake_0018.jpg,train,occupied,truffle_confetti_cake,Confetti Cake,IMG_1994_c012,IMG_1994.jpg,expanded_u2net,IMG_2026_r03_c04.jpg,IMG_2026.jpg,16,148,44,46,20260917
truffle_confetti_cake_0019,data/synthetic_slots/v1/dataset/images/train/truffle_confetti_cake/truffle_confetti_cake_0019.jpg,train,occupied,truffle_confetti_cake,Confetti Cake,IMG_1994_c012,IMG_1994.jpg,expanded_u2net,IMG_2027_r06_c03.jpg,IMG_2027.jpg,30,165,20,37,20260917
truffle_confetti_cake_0020,data/synthetic_slots/v1/dataset/images/train/truffle_confetti_cake/truffle_confetti_cake_0020.jpg,train,occupied,truffle_confetti_cake,Confetti Cake,IMG_1994_c012,IMG_1994.jpg,expanded_u2net,IMG_2032_r05_c02.jpg,IMG_2032.jpg,50,164,21,39,20260917
truffle_confetti_cake_0021,data/synthetic_slots/v1/dataset/images/train/truffle_confetti_cake/truffle_confetti_cake_0021.jpg,train,occupied,truffle_confetti_cake,Confetti Cake,IMG_1994_c012,IMG_1994.jpg,expanded_u2net,IMG_2019_r02_c02.jpg,IMG_2019.jpg,6,153,42,42,20260917
truffle_confetti_cake_0022,data/synthetic_slots/v1/dataset/images/train/truffle_confetti_cake/truffle_confetti_cake_0022.jpg,train,occupied,truffle_confetti_cake,Confetti Cake,IMG_1994_c012,IMG_1994.jpg,expanded_u2net,IMG_2022_r03_c03.jpg,IMG_2022.jpg,16,175,20,27,20260917
truffle_confetti_cake_0023,data/synthetic_slots/v1/dataset/images/train/truffle_confetti_cake/truffle_confetti_cake_0023.jpg,train,occupied,truffle_confetti_cake,Confetti Cake,IMG_1994_c012,IMG_1994.jpg,expanded_u2net,IMG_2027_r01_c05.jpg,IMG_2027.jpg,30,145,33,36,20260917
truffle_confetti_cake_0024,data/synthetic_slots/v1/dataset/images/train/truffle_confetti_cake/truffle_confetti_cake_0024.jpg,train,occupied,truffle_confetti_cake,Confetti Cake,IMG_1994_c012,IMG_1994.jpg,expanded_u2net,IMG_2033_r08_c01.jpg,IMG_2033.jpg,50,183,12,26,20260917
truffle_confetti_cake_0025,data/synthetic_slots/v1/dataset/images/train/truffle_confetti_cake/truffle_confetti_cake_0025.jpg,train,occupied,truffle_confetti_cake,Confetti Cake,IMG_1994_c012,IMG_1994.jpg,expanded_u2net,IMG_2019_r02_c01.jpg,IMG_2019.jpg,6,169,18,22,20260917
truffle_confetti_cake_0026,data/synthetic_slots/v1/dataset/images/train/truffle_confetti_cake/truffle_confetti_cake_0026.jpg,train,occupied,truffle_confetti_cake,Confetti Cake,IMG_1994_c012,IMG_1994.jpg,expanded_u2net,IMG_2022_r02_c02.jpg,IMG_2022.jpg,16,174,31,23,20260917
truffle_confetti_cake_0027,data/synthetic_slots/v1/dataset/images/train/truffle_confetti_cake/truffle_confetti_cake_0027.jpg,train,occupied,truffle_confetti_cake,Confetti Cake,IMG_1994_c012,IMG_1994.jpg,expanded_u2net,IMG_2028_r01_c04.jpg,IMG_2028.jpg,30,145,34,42,20260917
truffle_confetti_cake_0028,data/synthetic_slots/v1/dataset/images/train/truffle_confetti_cake/truffle_confetti_cake_0028.jpg,train,occupied,truffle_confetti_cake,Confetti Cake,IMG_1994_c012,IMG_1994.jpg,expanded_u2net,IMG_2032_r10_c01.jpg,IMG_2032.jpg,50,168,25,41,20260917
truffle_confetti_cake_0029,data/synthetic_slots/v1/dataset/images/train/truffle_confetti_cake/truffle_confetti_cake_0029.jpg,train,occupied,truffle_confetti_cake,Confetti Cake,IMG_1994_c012,IMG_1994.jpg,expanded_u2net,IMG_2019_r03_c02.jpg,IMG_2019.jpg,6,152,42,35,20260917
truffle_confetti_cake_0030,data/synthetic_slots/v1/dataset/images/train/truffle_confetti_cake/truffle_confetti_cake_0030.jpg,train,occupied,truffle_confetti_cake,Confetti Cake,IMG_1994_c012,IMG_1994.jpg,expanded_u2net,IMG_2026_r02_c01.jpg,IMG_2026.jpg,16,148,39,45,20260917
truffle_confetti_cake_0031,data/synthetic_slots/v1/dataset/images/train/truffle_confetti_cake/truffle_confetti_cake_0031.jpg,train,occupied,truffle_confetti_cake,Confetti Cake,IMG_1994_c012,IMG_1994.jpg,expanded_u2net,IMG_2028_r01_c04.jpg,IMG_2028.jpg,30,150,45,49,20260917
truffle_confetti_cake_0032,data/synthetic_slots/v1/dataset/images/train/truffle_confetti_cake/truffle_confetti_cake_0032.jpg,train,occupied,truffle_confetti_cake,Confetti Cake,IMG_1994_c012,IMG_1994.jpg,expanded_u2net,IMG_2032_r08_c05.jpg,IMG_2032.jpg,50,161,24,42,20260917
truffle_confetti_cake_0033,data/synthetic_slots/v1/dataset/images/train/truffle_confetti_cake/truffle_confetti_cake_0033.jpg,train,occupied,truffle_confetti_cake,Confetti Cake,IMG_1994_c012,IMG_1994.jpg,expanded_u2net,IMG_2019_r02_c02.jpg,IMG_2019.jpg,6,147,35,43,20260917
truffle_confetti_cake_0034,data/synthetic_slots/v1/dataset/images/train/truffle_confetti_cake/truffle_confetti_cake_0034.jpg,train,occupied,truffle_confetti_cake,Confetti Cake,IMG_1994_c012,IMG_1994.jpg,expanded_u2net,IMG_2026_r04_c02.jpg,IMG_2026.jpg,16,176,25,29,20260917
truffle_confetti_cake_0035,data/synthetic_slots/v1/dataset/images/train/truffle_confetti_cake/truffle_confetti_cake_0035.jpg,train,occupied,truffle_confetti_cake,Confetti Cake,IMG_1994_c012,IMG_1994.jpg,expanded_u2net,IMG_2029_r05_c04.jpg,IMG_2029.jpg,30,180,21,24,20260917
truffle_confetti_cake_0036,data/synthetic_slots/v1/dataset/images/train/truffle_confetti_cake/truffle_confetti_cake_0036.jpg,train,occupied,truffle_confetti_cake,Confetti Cake,IMG_1994_c012,IMG_1994.jpg,expanded_u2net,IMG_2032_r09_c05.jpg,IMG_2032.jpg,50,160,24,43,20260917
truffle_confetti_cake_0037,data/synthetic_slots/v1/dataset/images/train/truffle_confetti_cake/truffle_confetti_cake_0037.jpg,train,occupied,truffle_confetti_cake,Confetti Cake,IMG_1994_c012,IMG_1994.jpg,expanded_u2net,IMG_2021_r03_c01.jpg,IMG_2021.jpg,6,156,38,37,20260917
truffle_confetti_cake_0038,data/synthetic_slots/v1/dataset/images/train/truffle_confetti_cake/truffle_confetti_cake_0038.jpg,train,occupied,truffle_confetti_cake,Confetti Cake,IMG_1994_c012,IMG_1994.jpg,expanded_u2net,IMG_2022_r02_c02.jpg,IMG_2022.jpg,16,163,22,29,20260917
truffle_confetti_cake_0039,data/synthetic_slots/v1/dataset/images/train/truffle_confetti_cake/truffle_confetti_cake_0039.jpg,train,occupied,truffle_confetti_cake,Confetti Cake,IMG_1994_c012,IMG_1994.jpg,expanded_u2net,IMG_2028_r01_c02.jpg,IMG_2028.jpg,30,182,14,17,20260917
truffle_confetti_cake_0040,data/synthetic_slots/v1/dataset/images/train/truffle_confetti_cake/truffle_confetti_cake_0040.jpg,train,occupied,truffle_confetti_cake,Confetti Cake,IMG_1994_c012,IMG_1994.jpg,expanded_u2net,IMG_2031_r03_c04.jpg,IMG_2031.jpg,50,171,20,29,20260917
truffle_confetti_cake_0041,data/synthetic_slots/v1/dataset/images/train/truffle_confetti_cake/truffle_confetti_cake_0041.jpg,train,occupied,truffle_confetti_cake,Confetti Cake,IMG_1994_c012,IMG_1994.jpg,expanded_u2net,IMG_2019_r02_c02.jpg,IMG_2019.jpg,6,149,44,41,20260917
truffle_confetti_cake_0042,data/synthetic_slots/v1/dataset/images/train/truffle_confetti_cake/truffle_confetti_cake_0042.jpg,train,occupied,truffle_confetti_cake,Confetti Cake,IMG_1994_c012,IMG_1994.jpg,expanded_u2net,IMG_2025_r02_c03.jpg,IMG_2025.jpg,16,172,20,37,20260917
truffle_confetti_cake_0043,data/synthetic_slots/v1/dataset/images/train/truffle_confetti_cake/truffle_confetti_cake_0043.jpg,train,occupied,truffle_confetti_cake,Confetti Cake,IMG_1994_c012,IMG_1994.jpg,expanded_u2net,IMG_2027_r05_c02.jpg,IMG_2027.jpg,30,147,43,39,20260917
truffle_confetti_cake_0044,data/synthetic_slots/v1/dataset/images/train/truffle_confetti_cake/truffle_confetti_cake_0044.jpg,train,occupied,truffle_confetti_cake,Confetti Cake,IMG_1994_c012,IMG_1994.jpg,expanded_u2net,IMG_2031_r10_c05.jpg,IMG_2031.jpg,50,174,20,30,20260917
truffle_confetti_cake_0045,data/synthetic_slots/v1/dataset/images/train/truffle_confetti_cake/truffle_confetti_cake_0045.jpg,train,occupied,truffle_confetti_cake,Confetti Cake,IMG_1994_c012,IMG_1994.jpg,expanded_u2net,IMG_2021_r01_c02.jpg,IMG_2021.jpg,6,177,15,29,20260917
truffle_confetti_cake_0046,data/synthetic_slots/v1/dataset/images/train/truffle_confetti_cake/truffle_confetti_cake_0046.jpg,train,occupied,truffle_confetti_cake,Confetti Cake,IMG_1994_c012,IMG_1994.jpg,expanded_u2net,IMG_2024_r04_c02.jpg,IMG_2024.jpg,16,175,32,32,20260917
truffle_confetti_cake_0047,data/synthetic_slots/v1/dataset/images/train/truffle_confetti_cake/truffle_confetti_cake_0047.jpg,train,occupied,truffle_confetti_cake,Confetti Cake,IMG_1994_c012,IMG_1994.jpg,expanded_u2net,IMG_2028_r03_c01.jpg,IMG_2028.jpg,30,163,21,37,20260917
truffle_confetti_cake_0048,data/synthetic_slots/v1/dataset/images/train/truffle_confetti_cake/truffle_confetti_cake_0048.jpg,train,occupied,truffle_confetti_cake,Confetti Cake,IMG_1994_c012,IMG_1994.jpg,expanded_u2net,IMG_2033_r09_c03.jpg,IMG_2033.jpg,50,168,32,39,20260917
truffle_confetti_cake_0049,data/synthetic_slots/v1/dataset/images/train/truffle_confetti_cake/truffle_confetti_cake_0049.jpg,train,occupied,truffle_confetti_cake,Confetti Cake,IMG_1994_c012,IMG_1994.jpg,expanded_u2net,IMG_2021_r01_c02.jpg,IMG_2021.jpg,6,164,37,33,20260917
truffle_confetti_cake_0050,data/synthetic_slots/v1/dataset/images/train/truffle_confetti_cake/truffle_confetti_cake_0050.jpg,train,occupied,truffle_confetti_cake,Confetti Cake,IMG_1994_c012,IMG_1994.jpg,expanded_u2net,IMG_2025_r01_c02.jpg,IMG_2025.jpg,16,148,31,40,20260917
truffle_confetti_cake_0051,data/synthetic_slots/v1/dataset/images/train/truffle_confetti_cake/truffle_confetti_cake_0051.jpg,train,occupied,truffle_confetti_cake,Confetti Cake,IMG_1994_c012,IMG_1994.jpg,expanded_u2net,IMG_2029_r01_c03.jpg,IMG_2029.jpg,30,151,42,38,20260917
truffle_confetti_cake_0052,data/synthetic_slots/v1/dataset/images/train/truffle_confetti_cake/truffle_confetti_cake_0052.jpg,train,occupied,truffle_confetti_cake,Confetti Cake,IMG_1994_c012,IMG_1994.jpg,expanded_u2net,IMG_2032_r07_c04.jpg,IMG_2032.jpg,50,158,27,30,20260917
truffle_confetti_cake_0053,data/synthetic_slots/v1/dataset/images/train/truffle_confetti_cake/truffle_confetti_cake_0053.jpg,train,occupied,truffle_confetti_cake,Confetti Cake,IMG_1994_c012,IMG_1994.jpg,expanded_u2net,IMG_2019_r03_c01.jpg,IMG_2019.jpg,6,147,40,45,20260917
truffle_confetti_cake_0054,data/synthetic_slots/v1/dataset/images/train/truffle_confetti_cake/truffle_confetti_cake_0054.jpg,train,occupied,truffle_confetti_cake,Confetti Cake,IMG_1994_c012,IMG_1994.jpg,expanded_u2net,IMG_2026_r03_c01.jpg,IMG_2026.jpg,16,165,34,31,20260917
truffle_confetti_cake_0055,data/synthetic_slots/v1/dataset/images/train/truffle_confetti_cake/truffle_confetti_cake_0055.jpg,train,occupied,truffle_confetti_cake,Confetti Cake,IMG_1994_c012,IMG_1994.jpg,expanded_u2net,IMG_2028_r02_c01.jpg,IMG_2028.jpg,30,147,42,50,20260917
truffle_confetti_cake_0056,data/synthetic_slots/v1/dataset/images/train/truffle_confetti_cake/truffle_confetti_cake_0056.jpg,train,occupied,truffle_confetti_cake,Confetti Cake,IMG_1994_c012,IMG_1994.jpg,expanded_u2net,IMG_2032_r03_c04.jpg,IMG_2032.jpg,50,160,23,28,20260917
truffle_confetti_cake_0057,data/synthetic_slots/v1/dataset/images/train/truffle_confetti_cake/truffle_confetti_cake_0057.jpg,train,occupied,truffle_confetti_cake,Confetti Cake,IMG_1994_c012,IMG_1994.jpg,expanded_u2net,IMG_2019_r03_c02.jpg,IMG_2019.jpg,6,164,23,34,20260917
truffle_confetti_cake_0058,data/synthetic_slots/v1/dataset/images/train/truffle_confetti_cake/truffle_confetti_cake_0058.jpg,train,occupied,truffle_confetti_cake,Confetti Cake,IMG_1994_c012,IMG_1994.jpg,expanded_u2net,IMG_2024_r04_c04.jpg,IMG_2024.jpg,16,156,26,41,20260917
truffle_confetti_cake_0059,data/synthetic_slots/v1/dataset/images/train/truffle_confetti_cake/truffle_confetti_cake_0059.jpg,train,occupied,truffle_confetti_cake,Confetti Cake,IMG_1994_c012,IMG_1994.jpg,expanded_u2net,IMG_2028_r01_c01.jpg,IMG_2028.jpg,30,157,32,47,20260917
truffle_confetti_cake_0060,data/synthetic_slots/v1/dataset/images/train/truffle_confetti_cake/truffle_confetti_cake_0060.jpg,train,occupied,truffle_confetti_cake,Confetti Cake,IMG_1994_c012,IMG_1994.jpg,expanded_u2net,IMG_2033_r06_c05.jpg,IMG_2033.jpg,50,184,29,18,20260917
truffle_confetti_cake_0061,data/synthetic_slots/v1/dataset/images/train/truffle_confetti_cake/truffle_confetti_cake_0061.jpg,train,occupied,truffle_confetti_cake,Confetti Cake,IMG_1994_c012,IMG_1994.jpg,expanded_u2net,IMG_2019_r02_c01.jpg,IMG_2019.jpg,6,166,23,30,20260917
truffle_confetti_cake_0062,data/synthetic_slots/v1/dataset/images/train/truffle_confetti_cake/truffle_confetti_cake_0062.jpg,train,occupied,truffle_confetti_cake,Confetti Cake,IMG_1994_c012,IMG_1994.jpg,expanded_u2net,IMG_2026_r03_c04.jpg,IMG_2026.jpg,16,169,23,32,20260917
truffle_confetti_cake_0063,data/synthetic_slots/v1/dataset/images/train/truffle_confetti_cake/truffle_confetti_cake_0063.jpg,train,occupied,truffle_confetti_cake,Confetti Cake,IMG_1994_c012,IMG_1994.jpg,expanded_u2net,IMG_2028_r04_c02.jpg,IMG_2028.jpg,30,154,35,34,20260917
truffle_confetti_cake_0064,data/synthetic_slots/v1/dataset/images/train/truffle_confetti_cake/truffle_confetti_cake_0064.jpg,train,occupied,truffle_confetti_cake,Confetti Cake,IMG_1994_c012,IMG_1994.jpg,expanded_u2net,IMG_2031_r05_c02.jpg,IMG_2031.jpg,50,171,35,38,20260917
truffle_confetti_cake_0065,data/synthetic_slots/v1/dataset/images/train/truffle_confetti_cake/truffle_confetti_cake_0065.jpg,train,occupied,truffle_confetti_cake,Confetti Cake,IMG_1994_c012,IMG_1994.jpg,expanded_u2net,IMG_2019_r01_c02.jpg,IMG_2019.jpg,6,163,31,25,20260917
truffle_confetti_cake_0066,data/synthetic_slots/v1/dataset/images/train/truffle_confetti_cake/truffle_confetti_cake_0066.jpg,train,occupied,truffle_confetti_cake,Confetti Cake,IMG_1994_c012,IMG_1994.jpg,expanded_u2net,IMG_2024_r04_c02.jpg,IMG_2024.jpg,16,155,30,30,20260917
truffle_confetti_cake_0067,data/synthetic_slots/v1/dataset/images/train/truffle_confetti_cake/truffle_confetti_cake_0067.jpg,train,occupied,truffle_confetti_cake,Confetti Cake,IMG_1994_c012,IMG_1994.jpg,expanded_u2net,IMG_2029_r01_c04.jpg,IMG_2029.jpg,30,151,34,39,20260917
truffle_confetti_cake_0068,data/synthetic_slots/v1/dataset/images/train/truffle_confetti_cake/truffle_confetti_cake_0068.jpg,train,occupied,truffle_confetti_cake,Confetti Cake,IMG_1994_c012,IMG_1994.jpg,expanded_u2net,IMG_2031_r03_c02.jpg,IMG_2031.jpg,50,172,31,32,20260917
truffle_confetti_cake_0069,data/synthetic_slots/v1/dataset/images/train/truffle_confetti_cake/truffle_confetti_cake_0069.jpg,train,occupied,truffle_confetti_cake,Confetti Cake,IMG_1994_c012,IMG_1994.jpg,expanded_u2net,IMG_2021_r02_c02.jpg,IMG_2021.jpg,6,158,38,38,20260917
truffle_confetti_cake_0070,data/synthetic_slots/v1/dataset/images/train/truffle_confetti_cake/truffle_confetti_cake_0070.jpg,train,occupied,truffle_confetti_cake,Confetti Cake,IMG_1994_c012,IMG_1994.jpg,expanded_u2net,IMG_2022_r02_c01.jpg,IMG_2022.jpg,16,173,33,23,20260917
truffle_confetti_cake_0071,data/synthetic_slots/v1/dataset/images/train/truffle_confetti_cake/truffle_confetti_cake_0071.jpg,train,occupied,truffle_confetti_cake,Confetti Cake,IMG_1994_c012,IMG_1994.jpg,expanded_u2net,IMG_2028_r01_c04.jpg,IMG_2028.jpg,30,157,37,31,20260917
truffle_confetti_cake_0072,data/synthetic_slots/v1/dataset/images/train/truffle_confetti_cake/truffle_confetti_cake_0072.jpg,train,occupied,truffle_confetti_cake,Confetti Cake,IMG_1994_c012,IMG_1994.jpg,expanded_u2net,IMG_2031_r07_c05.jpg,IMG_2031.jpg,50,176,33,21,20260917
truffle_confetti_cake_0073,data/synthetic_slots/v1/dataset/images/train/truffle_confetti_cake/truffle_confetti_cake_0073.jpg,train,occupied,truffle_confetti_cake,Confetti Cake,IMG_1994_c012,IMG_1994.jpg,expanded_u2net,IMG_2019_r02_c02.jpg,IMG_2019.jpg,6,159,32,32,20260917
truffle_confetti_cake_0074,data/synthetic_slots/v1/dataset/images/train/truffle_confetti_cake/truffle_confetti_cake_0074.jpg,train,occupied,truffle_confetti_cake,Confetti Cake,IMG_1994_c012,IMG_1994.jpg,expanded_u2net,IMG_2024_r03_c02.jpg,IMG_2024.jpg,16,172,28,22,20260917
truffle_confetti_cake_0075,data/synthetic_slots/v1/dataset/images/train/truffle_confetti_cake/truffle_confetti_cake_0075.jpg,train,occupied,truffle_confetti_cake,Confetti Cake,IMG_1994_c012,IMG_1994.jpg,expanded_u2net,IMG_2027_r01_c01.jpg,IMG_2027.jpg,30,163,38,33,20260917
truffle_confetti_cake_0076,data/synthetic_slots/v1/dataset/images/train/truffle_confetti_cake/truffle_confetti_cake_0076.jpg,train,occupied,truffle_confetti_cake,Confetti Cake,IMG_1994_c012,IMG_1994.jpg,expanded_u2net,IMG_2031_r07_c04.jpg,IMG_2031.jpg,50,176,22,32,20260917
truffle_confetti_cake_0077,data/synthetic_slots/v1/dataset/images/train/truffle_confetti_cake/truffle_confetti_cake_0077.jpg,train,occupied,truffle_confetti_cake,Confetti Cake,IMG_1994_c012,IMG_1994.jpg,expanded_u2net,IMG_2021_r01_c02.jpg,IMG_2021.jpg,6,159,29,44,20260917
truffle_confetti_cake_0078,data/synthetic_slots/v1/dataset/images/train/truffle_confetti_cake/truffle_confetti_cake_0078.jpg,train,occupied,truffle_confetti_cake,Confetti Cake,IMG_1994_c012,IMG_1994.jpg,expanded_u2net,IMG_2025_r02_c03.jpg,IMG_2025.jpg,16,163,32,35,20260917
truffle_confetti_cake_0079,data/synthetic_slots/v1/dataset/images/train/truffle_confetti_cake/truffle_confetti_cake_0079.jpg,train,occupied,truffle_confetti_cake,Confetti Cake,IMG_1994_c012,IMG_1994.jpg,expanded_u2net,IMG_2028_r03_c01.jpg,IMG_2028.jpg,30,166,23,41,20260917
truffle_confetti_cake_0080,data/synthetic_slots/v1/dataset/images/train/truffle_confetti_cake/truffle_confetti_cake_0080.jpg,train,occupied,truffle_confetti_cake,Confetti Cake,IMG_1994_c012,IMG_1994.jpg,expanded_u2net,IMG_2032_r04_c04.jpg,IMG_2032.jpg,50,168,27,35,20260917
truffle_confetti_cake_0081,data/synthetic_slots/v1/dataset/images/validation/truffle_confetti_cake/truffle_confetti_cake_0081.jpg,validation,occupied,truffle_confetti_cake,Confetti Cake,IMG_1994_c012,IMG_1994.jpg,expanded_u2net,IMG_2020_r02_c01.jpg,IMG_2020.jpg,6,165,31,29,20260917
truffle_confetti_cake_0082,data/synthetic_slots/v1/dataset/images/validation/truffle_confetti_cake/truffle_confetti_cake_0082.jpg,validation,occupied,truffle_confetti_cake,Confetti Cake,IMG_1994_c012,IMG_1994.jpg,expanded_u2net,IMG_2023_r04_c01.jpg,IMG_2023.jpg,16,157,33,35,20260917
truffle_confetti_cake_0083,data/synthetic_slots/v1/dataset/images/validation/truffle_confetti_cake/truffle_confetti_cake_0083.jpg,validation,occupied,truffle_confetti_cake,Confetti Cake,IMG_1994_c012,IMG_1994.jpg,expanded_u2net,IMG_2030_r06_c04.jpg,IMG_2030.jpg,30,151,34,48,20260917
truffle_confetti_cake_0084,data/synthetic_slots/v1/dataset/images/validation/truffle_confetti_cake/truffle_confetti_cake_0084.jpg,validation,occupied,truffle_confetti_cake,Confetti Cake,IMG_1994_c012,IMG_1994.jpg,expanded_u2net,IMG_2034_r08_c02.jpg,IMG_2034.jpg,50,168,30,40,20260917
truffle_confetti_cake_0085,data/synthetic_slots/v1/dataset/images/validation/truffle_confetti_cake/truffle_confetti_cake_0085.jpg,validation,occupied,truffle_confetti_cake,Confetti Cake,IMG_1994_c012,IMG_1994.jpg,expanded_u2net,IMG_2020_r02_c02.jpg,IMG_2020.jpg,6,149,44,44,20260917
truffle_confetti_cake_0086,data/synthetic_slots/v1/dataset/images/validation/truffle_confetti_cake/truffle_confetti_cake_0086.jpg,validation,occupied,truffle_confetti_cake,Confetti Cake,IMG_1994_c012,IMG_1994.jpg,expanded_u2net,IMG_2023_r04_c01.jpg,IMG_2023.jpg,16,161,35,41,20260917
truffle_confetti_cake_0087,data/synthetic_slots/v1/dataset/images/validation/truffle_confetti_cake/truffle_confetti_cake_0087.jpg,validation,occupied,truffle_confetti_cake,Confetti Cake,IMG_1994_c012,IMG_1994.jpg,expanded_u2net,IMG_2030_r01_c02.jpg,IMG_2030.jpg,30,153,29,37,20260917
truffle_confetti_cake_0088,data/synthetic_slots/v1/dataset/images/validation/truffle_confetti_cake/truffle_confetti_cake_0088.jpg,validation,occupied,truffle_confetti_cake,Confetti Cake,IMG_1994_c012,IMG_1994.jpg,expanded_u2net,IMG_2034_r04_c02.jpg,IMG_2034.jpg,50,176,19,29,20260917
truffle_confetti_cake_0089,data/synthetic_slots/v1/dataset/images/validation/truffle_confetti_cake/truffle_confetti_cake_0089.jpg,validation,occupied,truffle_confetti_cake,Confetti Cake,IMG_1994_c012,IMG_1994.jpg,expanded_u2net,IMG_2020_r02_c02.jpg,IMG_2020.jpg,6,154,28,39,20260917
truffle_confetti_cake_0090,data/synthetic_slots/v1/dataset/images/validation/truffle_confetti_cake/truffle_confetti_cake_0090.jpg,validation,occupied,truffle_confetti_cake,Confetti Cake,IMG_1994_c012,IMG_1994.jpg,expanded_u2net,IMG_2023_r03_c01.jpg,IMG_2023.jpg,16,164,28,30,20260917
truffle_confetti_cake_0091,data/synthetic_slots/v1/dataset/images/validation/truffle_confetti_cake/truffle_confetti_cake_0091.jpg,validation,occupied,truffle_confetti_cake,Confetti Cake,IMG_1994_c012,IMG_1994.jpg,expanded_u2net,IMG_2030_r05_c03.jpg,IMG_2030.jpg,30,155,37,46,20260917
truffle_confetti_cake_0092,data/synthetic_slots/v1/dataset/images/validation/truffle_confetti_cake/truffle_confetti_cake_0092.jpg,validation,occupied,truffle_confetti_cake,Confetti Cake,IMG_1994_c012,IMG_1994.jpg,expanded_u2net,IMG_2034_r06_c02.jpg,IMG_2034.jpg,50,154,30,40,20260917
truffle_confetti_cake_0093,data/synthetic_slots/v1/dataset/images/validation/truffle_confetti_cake/truffle_confetti_cake_0093.jpg,validation,occupied,truffle_confetti_cake,Confetti Cake,IMG_1994_c012,IMG_1994.jpg,expanded_u2net,IMG_2020_r01_c01.jpg,IMG_2020.jpg,6,155,38,28,20260917
truffle_confetti_cake_0094,data/synthetic_slots/v1/dataset/images/validation/truffle_confetti_cake/truffle_confetti_cake_0094.jpg,validation,occupied,truffle_confetti_cake,Confetti Cake,IMG_1994_c012,IMG_1994.jpg,expanded_u2net,IMG_2023_r01_c04.jpg,IMG_2023.jpg,16,164,35,29,20260917
truffle_confetti_cake_0095,data/synthetic_slots/v1/dataset/images/validation/truffle_confetti_cake/truffle_confetti_cake_0095.jpg,validation,occupied,truffle_confetti_cake,Confetti Cake,IMG_1994_c012,IMG_1994.jpg,expanded_u2net,IMG_2030_r03_c03.jpg,IMG_2030.jpg,30,178,24,36,20260917
truffle_confetti_cake_0096,data/synthetic_slots/v1/dataset/images/validation/truffle_confetti_cake/truffle_confetti_cake_0096.jpg,validation,occupied,truffle_confetti_cake,Confetti Cake,IMG_1994_c012,IMG_1994.jpg,expanded_u2net,IMG_2034_r07_c04.jpg,IMG_2034.jpg,50,148,46,36,20260917
truffle_confetti_cake_0097,data/synthetic_slots/v1/dataset/images/validation/truffle_confetti_cake/truffle_confetti_cake_0097.jpg,validation,occupied,truffle_confetti_cake,Confetti Cake,IMG_1994_c012,IMG_1994.jpg,expanded_u2net,IMG_2020_r03_c02.jpg,IMG_2020.jpg,6,158,29,30,20260917
truffle_confetti_cake_0098,data/synthetic_slots/v1/dataset/images/validation/truffle_confetti_cake/truffle_confetti_cake_0098.jpg,validation,occupied,truffle_confetti_cake,Confetti Cake,IMG_1994_c012,IMG_1994.jpg,expanded_u2net,IMG_2023_r04_c04.jpg,IMG_2023.jpg,16,170,21,26,20260917
truffle_confetti_cake_0099,data/synthetic_slots/v1/dataset/images/validation/truffle_confetti_cake/truffle_confetti_cake_0099.jpg,validation,occupied,truffle_confetti_cake,Confetti Cake,IMG_1994_c012,IMG_1994.jpg,expanded_u2net,IMG_2030_r01_c03.jpg,IMG_2030.jpg,30,169,24,41,20260917
truffle_confetti_cake_0100,data/synthetic_slots/v1/dataset/images/validation/truffle_confetti_cake/truffle_confetti_cake_0100.jpg,validation,occupied,truffle_confetti_cake,Confetti Cake,IMG_1994_c012,IMG_1994.jpg,expanded_u2net,IMG_2034_r06_c04.jpg,IMG_2034.jpg,50,160,38,44,20260917
truffle_cookies_cream_0001,data/synthetic_slots/v1/dataset/images/train/truffle_cookies_cream/truffle_cookies_cream_0001.jpg,train,occupied,truffle_cookies_cream,Cookies & Cream,IMG_1992_c025,IMG_1992.jpg,expanded_isnet,IMG_2021_r01_c01.jpg,IMG_2021.jpg,6,146,30,39,20260917
truffle_cookies_cream_0002,data/synthetic_slots/v1/dataset/images/train/truffle_cookies_cream/truffle_cookies_cream_0002.jpg,train,occupied,truffle_cookies_cream,Cookies & Cream,IMG_1992_c025,IMG_1992.jpg,expanded_isnet,IMG_2024_r04_c03.jpg,IMG_2024.jpg,16,182,15,21,20260917
truffle_cookies_cream_0003,data/synthetic_slots/v1/dataset/images/train/truffle_cookies_cream/truffle_cookies_cream_0003.jpg,train,occupied,truffle_cookies_cream,Cookies & Cream,IMG_1992_c025,IMG_1992.jpg,expanded_isnet,IMG_2027_r01_c02.jpg,IMG_2027.jpg,30,160,25,37,20260917
truffle_cookies_cream_0004,data/synthetic_slots/v1/dataset/images/train/truffle_cookies_cream/truffle_cookies_cream_0004.jpg,train,occupied,truffle_cookies_cream,Cookies & Cream,IMG_1992_c025,IMG_1992.jpg,expanded_isnet,IMG_2032_r02_c04.jpg,IMG_2032.jpg,50,153,29,51,20260917
truffle_cookies_cream_0005,data/synthetic_slots/v1/dataset/images/train/truffle_cookies_cream/truffle_cookies_cream_0005.jpg,train,occupied,truffle_cookies_cream,Cookies & Cream,IMG_1992_c025,IMG_1992.jpg,expanded_isnet,IMG_2021_r03_c02.jpg,IMG_2021.jpg,6,158,33,32,20260917
truffle_cookies_cream_0006,data/synthetic_slots/v1/dataset/images/train/truffle_cookies_cream/truffle_cookies_cream_0006.jpg,train,occupied,truffle_cookies_cream,Cookies & Cream,IMG_1992_c025,IMG_1992.jpg,expanded_isnet,IMG_2022_r03_c02.jpg,IMG_2022.jpg,16,157,27,47,20260917
truffle_cookies_cream_0007,data/synthetic_slots/v1/dataset/images/train/truffle_cookies_cream/truffle_cookies_cream_0007.jpg,train,occupied,truffle_cookies_cream,Cookies & Cream,IMG_1992_c025,IMG_1992.jpg,expanded_isnet,IMG_2027_r05_c01.jpg,IMG_2027.jpg,30,161,39,49,20260917
truffle_cookies_cream_0008,data/synthetic_slots/v1/dataset/images/train/truffle_cookies_cream/truffle_cookies_cream_0008.jpg,train,occupied,truffle_cookies_cream,Cookies & Cream,IMG_1992_c025,IMG_1992.jpg,expanded_isnet,IMG_2031_r10_c03.jpg,IMG_2031.jpg,50,173,24,35,20260917
truffle_cookies_cream_0009,data/synthetic_slots/v1/dataset/images/train/truffle_cookies_cream/truffle_cookies_cream_0009.jpg,train,occupied,truffle_cookies_cream,Cookies & Cream,IMG_1992_c025,IMG_1992.jpg,expanded_isnet,IMG_2019_r01_c02.jpg,IMG_2019.jpg,6,169,28,41,20260917
truffle_cookies_cream_0010,data/synthetic_slots/v1/dataset/images/train/truffle_cookies_cream/truffle_cookies_cream_0010.jpg,train,occupied,truffle_cookies_cream,Cookies & Cream,IMG_1992_c025,IMG_1992.jpg,expanded_isnet,IMG_2022_r03_c02.jpg,IMG_2022.jpg,16,172,27,30,20260917
truffle_cookies_cream_0011,data/synthetic_slots/v1/dataset/images/train/truffle_cookies_cream/truffle_cookies_cream_0011.jpg,train,occupied,truffle_cookies_cream,Cookies & Cream,IMG_1992_c025,IMG_1992.jpg,expanded_isnet,IMG_2027_r01_c05.jpg,IMG_2027.jpg,30,165,36,28,20260917
truffle_cookies_cream_0012,data/synthetic_slots/v1/dataset/images/train/truffle_cookies_cream/truffle_cookies_cream_0012.jpg,train,occupied,truffle_cookies_cream,Cookies & Cream,IMG_1992_c025,IMG_1992.jpg,expanded_isnet,IMG_2031_r04_c04.jpg,IMG_2031.jpg,50,158,31,42,20260917
truffle_cookies_cream_0013,data/synthetic_slots/v1/dataset/images/train/truffle_cookies_cream/truffle_cookies_cream_0013.jpg,train,occupied,truffle_cookies_cream,Cookies & Cream,IMG_1992_c025,IMG_1992.jpg,expanded_isnet,IMG_2019_r02_c02.jpg,IMG_2019.jpg,6,177,20,41,20260917
truffle_cookies_cream_0014,data/synthetic_slots/v1/dataset/images/train/truffle_cookies_cream/truffle_cookies_cream_0014.jpg,train,occupied,truffle_cookies_cream,Cookies & Cream,IMG_1992_c025,IMG_1992.jpg,expanded_isnet,IMG_2025_r02_c02.jpg,IMG_2025.jpg,16,168,33,35,20260917
truffle_cookies_cream_0015,data/synthetic_slots/v1/dataset/images/train/truffle_cookies_cream/truffle_cookies_cream_0015.jpg,train,occupied,truffle_cookies_cream,Cookies & Cream,IMG_1992_c025,IMG_1992.jpg,expanded_isnet,IMG_2028_r01_c02.jpg,IMG_2028.jpg,30,171,29,35,20260917
truffle_cookies_cream_0016,data/synthetic_slots/v1/dataset/images/train/truffle_cookies_cream/truffle_cookies_cream_0016.jpg,train,occupied,truffle_cookies_cream,Cookies & Cream,IMG_1992_c025,IMG_1992.jpg,expanded_isnet,IMG_2031_r05_c04.jpg,IMG_2031.jpg,50,180,23,33,20260917
truffle_cookies_cream_0017,data/synthetic_slots/v1/dataset/images/train/truffle_cookies_cream/truffle_cookies_cream_0017.jpg,train,occupied,truffle_cookies_cream,Cookies & Cream,IMG_1992_c025,IMG_1992.jpg,expanded_isnet,IMG_2021_r01_c01.jpg,IMG_2021.jpg,6,173,19,28,20260917
truffle_cookies_cream_0018,data/synthetic_slots/v1/dataset/images/train/truffle_cookies_cream/truffle_cookies_cream_0018.jpg,train,occupied,truffle_cookies_cream,Cookies & Cream,IMG_1992_c025,IMG_1992.jpg,expanded_isnet,IMG_2022_r03_c01.jpg,IMG_2022.jpg,16,177,25,34,20260917
truffle_cookies_cream_0019,data/synthetic_slots/v1/dataset/images/train/truffle_cookies_cream/truffle_cookies_cream_0019.jpg,train,occupied,truffle_cookies_cream,Cookies & Cream,IMG_1992_c025,IMG_1992.jpg,expanded_isnet,IMG_2028_r03_c01.jpg,IMG_2028.jpg,30,182,12,28,20260917
truffle_cookies_cream_0020,data/synthetic_slots/v1/dataset/images/train/truffle_cookies_cream/truffle_cookies_cream_0020.jpg,train,occupied,truffle_cookies_cream,Cookies & Cream,IMG_1992_c025,IMG_1992.jpg,expanded_isnet,IMG_2033_r10_c02.jpg,IMG_2033.jpg,50,165,26,30,20260917
truffle_cookies_cream_0021,data/synthetic_slots/v1/dataset/images/train/truffle_cookies_cream/truffle_cookies_cream_0021.jpg,train,occupied,truffle_cookies_cream,Cookies & Cream,IMG_1992_c025,IMG_1992.jpg,expanded_isnet,IMG_2019_r01_c02.jpg,IMG_2019.jpg,6,166,20,37,20260917
truffle_cookies_cream_0022,data/synthetic_slots/v1/dataset/images/train/truffle_cookies_cream/truffle_cookies_cream_0022.jpg,train,occupied,truffle_cookies_cream,Cookies & Cream,IMG_1992_c025,IMG_1992.jpg,expanded_isnet,IMG_2022_r04_c04.jpg,IMG_2022.jpg,16,146,34,46,20260917
truffle_cookies_cream_0023,data/synthetic_slots/v1/dataset/images/train/truffle_cookies_cream/truffle_cookies_cream_0023.jpg,train,occupied,truffle_cookies_cream,Cookies & Cream,IMG_1992_c025,IMG_1992.jpg,expanded_isnet,IMG_2029_r03_c03.jpg,IMG_2029.jpg,30,145,43,37,20260917
truffle_cookies_cream_0024,data/synthetic_slots/v1/dataset/images/train/truffle_cookies_cream/truffle_cookies_cream_0024.jpg,train,occupied,truffle_cookies_cream,Cookies & Cream,IMG_1992_c025,IMG_1992.jpg,expanded_isnet,IMG_2031_r02_c04.jpg,IMG_2031.jpg,50,169,20,44,20260917
truffle_cookies_cream_0025,data/synthetic_slots/v1/dataset/images/train/truffle_cookies_cream/truffle_cookies_cream_0025.jpg,train,occupied,truffle_cookies_cream,Cookies & Cream,IMG_1992_c025,IMG_1992.jpg,expanded_isnet,IMG_2019_r01_c02.jpg,IMG_2019.jpg,6,164,26,37,20260917
truffle_cookies_cream_0026,data/synthetic_slots/v1/dataset/images/train/truffle_cookies_cream/truffle_cookies_cream_0026.jpg,train,occupied,truffle_cookies_cream,Cookies & Cream,IMG_1992_c025,IMG_1992.jpg,expanded_isnet,IMG_2026_r02_c04.jpg,IMG_2026.jpg,16,159,34,39,20260917
truffle_cookies_cream_0027,data/synthetic_slots/v1/dataset/images/train/truffle_cookies_cream/truffle_cookies_cream_0027.jpg,train,occupied,truffle_cookies_cream,Cookies & Cream,IMG_1992_c025,IMG_1992.jpg,expanded_isnet,IMG_2027_r02_c05.jpg,IMG_2027.jpg,30,165,31,38,20260917
truffle_cookies_cream_0028,data/synthetic_slots/v1/dataset/images/train/truffle_cookies_cream/truffle_cookies_cream_0028.jpg,train,occupied,truffle_cookies_cream,Cookies & Cream,IMG_1992_c025,IMG_1992.jpg,expanded_isnet,IMG_2032_r10_c04.jpg,IMG_2032.jpg,50,168,29,36,20260917
truffle_cookies_cream_0029,data/synthetic_slots/v1/dataset/images/train/truffle_cookies_cream/truffle_cookies_cream_0029.jpg,train,occupied,truffle_cookies_cream,Cookies & Cream,IMG_1992_c025,IMG_1992.jpg,expanded_isnet,IMG_2021_r03_c01.jpg,IMG_2021.jpg,6,147,29,36,20260917
truffle_cookies_cream_0030,data/synthetic_slots/v1/dataset/images/train/truffle_cookies_cream/truffle_cookies_cream_0030.jpg,train,occupied,truffle_cookies_cream,Cookies & Cream,IMG_1992_c025,IMG_1992.jpg,expanded_isnet,IMG_2024_r02_c04.jpg,IMG_2024.jpg,16,149,28,44,20260917
truffle_cookies_cream_0031,data/synthetic_slots/v1/dataset/images/train/truffle_cookies_cream/truffle_cookies_cream_0031.jpg,train,occupied,truffle_cookies_cream,Cookies & Cream,IMG_1992_c025,IMG_1992.jpg,expanded_isnet,IMG_2029_r06_c05.jpg,IMG_2029.jpg,30,173,23,33,20260917
truffle_cookies_cream_0032,data/synthetic_slots/v1/dataset/images/train/truffle_cookies_cream/truffle_cookies_cream_0032.jpg,train,occupied,truffle_cookies_cream,Cookies & Cream,IMG_1992_c025,IMG_1992.jpg,expanded_isnet,IMG_2033_r03_c02.jpg,IMG_2033.jpg,50,173,27,41,20260917
truffle_cookies_cream_0033,data/synthetic_slots/v1/dataset/images/train/truffle_cookies_cream/truffle_cookies_cream_0033.jpg,train,occupied,truffle_cookies_cream,Cookies & Cream,IMG_1992_c025,IMG_1992.jpg,expanded_isnet,IMG_2021_r02_c02.jpg,IMG_2021.jpg,6,156,29,48,20260917
truffle_cookies_cream_0034,data/synthetic_slots/v1/dataset/images/train/truffle_cookies_cream/truffle_cookies_cream_0034.jpg,train,occupied,truffle_cookies_cream,Cookies & Cream,IMG_1992_c025,IMG_1992.jpg,expanded_isnet,IMG_2022_r03_c04.jpg,IMG_2022.jpg,16,163,32,43,20260917
truffle_cookies_cream_0035,data/synthetic_slots/v1/dataset/images/train/truffle_cookies_cream/truffle_cookies_cream_0035.jpg,train,occupied,truffle_cookies_cream,Cookies & Cream,IMG_1992_c025,IMG_1992.jpg,expanded_isnet,IMG_2029_r04_c03.jpg,IMG_2029.jpg,30,161,26,44,20260917
truffle_cookies_cream_0036,data/synthetic_slots/v1/dataset/images/train/truffle_cookies_cream/truffle_cookies_cream_0036.jpg,train,occupied,truffle_cookies_cream,Cookies & Cream,IMG_1992_c025,IMG_1992.jpg,expanded_isnet,IMG_2031_r08_c05.jpg,IMG_2031.jpg,50,180,16,32,20260917
truffle_cookies_cream_0037,data/synthetic_slots/v1/dataset/images/train/truffle_cookies_cream/truffle_cookies_cream_0037.jpg,train,occupied,truffle_cookies_cream,Cookies & Cream,IMG_1992_c025,IMG_1992.jpg,expanded_isnet,IMG_2021_r02_c01.jpg,IMG_2021.jpg,6,179,19,27,20260917
truffle_cookies_cream_0038,data/synthetic_slots/v1/dataset/images/train/truffle_cookies_cream/truffle_cookies_cream_0038.jpg,train,occupied,truffle_cookies_cream,Cookies & Cream,IMG_1992_c025,IMG_1992.jpg,expanded_isnet,IMG_2022_r01_c03.jpg,IMG_2022.jpg,16,151,32,40,20260917
truffle_cookies_cream_0039,data/synthetic_slots/v1/dataset/images/train/truffle_cookies_cream/truffle_cookies_cream_0039.jpg,train,occupied,truffle_cookies_cream,Cookies & Cream,IMG_1992_c025,IMG_1992.jpg,expanded_isnet,IMG_2028_r03_c03.jpg,IMG_2028.jpg,30,169,32,32,20260917
truffle_cookies_cream_0040,data/synthetic_slots/v1/dataset/images/train/truffle_cookies_cream/truffle_cookies_cream_0040.jpg,train,occupied,truffle_cookies_cream,Cookies & Cream,IMG_1992_c025,IMG_1992.jpg,expanded_isnet,IMG_2032_r05_c04.jpg,IMG_2032.jpg,50,177,16,41,20260917
truffle_cookies_cream_0041,data/synthetic_slots/v1/dataset/images/train/truffle_cookies_cream/truffle_cookies_cream_0041.jpg,train,occupied,truffle_cookies_cream,Cookies & Cream,IMG_1992_c025,IMG_1992.jpg,expanded_isnet,IMG_2019_r02_c01.jpg,IMG_2019.jpg,6,156,36,49,20260917
truffle_cookies_cream_0042,data/synthetic_slots/v1/dataset/images/train/truffle_cookies_cream/truffle_cookies_cream_0042.jpg,train,occupied,truffle_cookies_cream,Cookies & Cream,IMG_1992_c025,IMG_1992.jpg,expanded_isnet,IMG_2025_r04_c01.jpg,IMG_2025.jpg,16,185,24,28,20260917
truffle_cookies_cream_0043,data/synthetic_slots/v1/dataset/images/train/truffle_cookies_cream/truffle_cookies_cream_0043.jpg,train,occupied,truffle_cookies_cream,Cookies & Cream,IMG_1992_c025,IMG_1992.jpg,expanded_isnet,IMG_2028_r04_c02.jpg,IMG_2028.jpg,30,156,36,39,20260917
truffle_cookies_cream_0044,data/synthetic_slots/v1/dataset/images/train/truffle_cookies_cream/truffle_cookies_cream_0044.jpg,train,occupied,truffle_cookies_cream,Cookies & Cream,IMG_1992_c025,IMG_1992.jpg,expanded_isnet,IMG_2032_r07_c05.jpg,IMG_2032.jpg,50,184,23,24,20260917
truffle_cookies_cream_0045,data/synthetic_slots/v1/dataset/images/train/truffle_cookies_cream/truffle_cookies_cream_0045.jpg,train,occupied,truffle_cookies_cream,Cookies & Cream,IMG_1992_c025,IMG_1992.jpg,expanded_isnet,IMG_2021_r02_c02.jpg,IMG_2021.jpg,6,177,32,41,20260917
truffle_cookies_cream_0046,data/synthetic_slots/v1/dataset/images/train/truffle_cookies_cream/truffle_cookies_cream_0046.jpg,train,occupied,truffle_cookies_cream,Cookies & Cream,IMG_1992_c025,IMG_1992.jpg,expanded_isnet,IMG_2022_r01_c03.jpg,IMG_2022.jpg,16,182,29,33,20260917
truffle_cookies_cream_0047,data/synthetic_slots/v1/dataset/images/train/truffle_cookies_cream/truffle_cookies_cream_0047.jpg,train,occupied,truffle_cookies_cream,Cookies & Cream,IMG_1992_c025,IMG_1992.jpg,expanded_isnet,IMG_2028_r05_c05.jpg,IMG_2028.jpg,30,159,36,43,20260917
truffle_cookies_cream_0048,data/synthetic_slots/v1/dataset/images/train/truffle_cookies_cream/truffle_cookies_cream_0048.jpg,train,occupied,truffle_cookies_cream,Cookies & Cream,IMG_1992_c025,IMG_1992.jpg,expanded_isnet,IMG_2031_r01_c04.jpg,IMG_2031.jpg,50,148,41,40,20260917
truffle_cookies_cream_0049,data/synthetic_slots/v1/dataset/images/train/truffle_cookies_cream/truffle_cookies_cream_0049.jpg,train,occupied,truffle_cookies_cream,Cookies & Cream,IMG_1992_c025,IMG_1992.jpg,expanded_isnet,IMG_2021_r03_c02.jpg,IMG_2021.jpg,6,146,40,49,20260917
truffle_cookies_cream_0050,data/synthetic_slots/v1/dataset/images/train/truffle_cookies_cream/truffle_cookies_cream_0050.jpg,train,occupied,truffle_cookies_cream,Cookies & Cream,IMG_1992_c025,IMG_1992.jpg,expanded_isnet,IMG_2022_r03_c04.jpg,IMG_2022.jpg,16,167,27,33,20260917
truffle_cookies_cream_0051,data/synthetic_slots/v1/dataset/images/train/truffle_cookies_cream/truffle_cookies_cream_0051.jpg,train,occupied,truffle_cookies_cream,Cookies & Cream,IMG_1992_c025,IMG_1992.jpg,expanded_isnet,IMG_2028_r05_c04.jpg,IMG_2028.jpg,30,156,38,46,20260917
truffle_cookies_cream_0052,data/synthetic_slots/v1/dataset/images/train/truffle_cookies_cream/truffle_cookies_cream_0052.jpg,train,occupied,truffle_cookies_cream,Cookies & Cream,IMG_1992_c025,IMG_1992.jpg,expanded_isnet,IMG_2032_r08_c02.jpg,IMG_2032.jpg,50,176,16,28,20260917
truffle_cookies_cream_0053,data/synthetic_slots/v1/dataset/images/train/truffle_cookies_cream/truffle_cookies_cream_0053.jpg,train,occupied,truffle_cookies_cream,Cookies & Cream,IMG_1992_c025,IMG_1992.jpg,expanded_isnet,IMG_2019_r01_c02.jpg,IMG_2019.jpg,6,170,21,35,20260917
truffle_cookies_cream_0054,data/synthetic_slots/v1/dataset/images/train/truffle_cookies_cream/truffle_cookies_cream_0054.jpg,train,occupied,truffle_cookies_cream,Cookies & Cream,IMG_1992_c025,IMG_1992.jpg,expanded_isnet,IMG_2025_r03_c03.jpg,IMG_2025.jpg,16,179,25,31,20260917
truffle_cookies_cream_0055,data/synthetic_slots/v1/dataset/images/train/truffle_cookies_cream/truffle_cookies_cream_0055.jpg,train,occupied,truffle_cookies_cream,Cookies & Cream,IMG_1992_c025,IMG_1992.jpg,expanded_isnet,IMG_2029_r04_c01.jpg,IMG_2029.jpg,30,185,21,22,20260917
truffle_cookies_cream_0056,data/synthetic_slots/v1/dataset/images/train/truffle_cookies_cream/truffle_cookies_cream_0056.jpg,train,occupied,truffle_cookies_cream,Cookies & Cream,IMG_1992_c025,IMG_1992.jpg,expanded_isnet,IMG_2033_r04_c05.jpg,IMG_2033.jpg,50,146,46,43,20260917
truffle_cookies_cream_0057,data/synthetic_slots/v1/dataset/images/train/truffle_cookies_cream/truffle_cookies_cream_0057.jpg,train,occupied,truffle_cookies_cream,Cookies & Cream,IMG_1992_c025,IMG_1992.jpg,expanded_isnet,IMG_2021_r01_c01.jpg,IMG_2021.jpg,6,154,27,52,20260917
truffle_cookies_cream_0058,data/synthetic_slots/v1/dataset/images/train/truffle_cookies_cream/truffle_cookies_cream_0058.jpg,train,occupied,truffle_cookies_cream,Cookies & Cream,IMG_1992_c025,IMG_1992.jpg,expanded_isnet,IMG_2026_r01_c02.jpg,IMG_2026.jpg,16,164,36,36,20260917
truffle_cookies_cream_0059,data/synthetic_slots/v1/dataset/images/train/truffle_cookies_cream/truffle_cookies_cream_0059.jpg,train,occupied,truffle_cookies_cream,Cookies & Cream,IMG_1992_c025,IMG_1992.jpg,expanded_isnet,IMG_2028_r02_c04.jpg,IMG_2028.jpg,30,168,22,43,20260917
truffle_cookies_cream_0060,data/synthetic_slots/v1/dataset/images/train/truffle_cookies_cream/truffle_cookies_cream_0060.jpg,train,occupied,truffle_cookies_cream,Cookies & Cream,IMG_1992_c025,IMG_1992.jpg,expanded_isnet,IMG_2032_r05_c03.jpg,IMG_2032.jpg,50,179,30,31,20260917
truffle_cookies_cream_0061,data/synthetic_slots/v1/dataset/images/train/truffle_cookies_cream/truffle_cookies_cream_0061.jpg,train,occupied,truffle_cookies_cream,Cookies & Cream,IMG_1992_c025,IMG_1992.jpg,expanded_isnet,IMG_2019_r02_c02.jpg,IMG_2019.jpg,6,162,32,34,20260917
truffle_cookies_cream_0062,data/synthetic_slots/v1/dataset/images/train/truffle_cookies_cream/truffle_cookies_cream_0062.jpg,train,occupied,truffle_cookies_cream,Cookies & Cream,IMG_1992_c025,IMG_1992.jpg,expanded_isnet,IMG_2026_r01_c03.jpg,IMG_2026.jpg,16,148,46,43,20260917
truffle_cookies_cream_0063,data/synthetic_slots/v1/dataset/images/train/truffle_cookies_cream/truffle_cookies_cream_0063.jpg,train,occupied,truffle_cookies_cream,Cookies & Cream,IMG_1992_c025,IMG_1992.jpg,expanded_isnet,IMG_2029_r05_c01.jpg,IMG_2029.jpg,30,177,16,31,20260917
truffle_cookies_cream_0064,data/synthetic_slots/v1/dataset/images/train/truffle_cookies_cream/truffle_cookies_cream_0064.jpg,train,occupied,truffle_cookies_cream,Cookies & Cream,IMG_1992_c025,IMG_1992.jpg,expanded_isnet,IMG_2033_r06_c05.jpg,IMG_2033.jpg,50,153,28,33,20260917
truffle_cookies_cream_0065,data/synthetic_slots/v1/dataset/images/train/truffle_cookies_cream/truffle_cookies_cream_0065.jpg,train,occupied,truffle_cookies_cream,Cookies & Cream,IMG_1992_c025,IMG_1992.jpg,expanded_isnet,IMG_2019_r01_c02.jpg,IMG_2019.jpg,6,172,30,36,20260917
truffle_cookies_cream_0066,data/synthetic_slots/v1/dataset/images/train/truffle_cookies_cream/truffle_cookies_cream_0066.jpg,train,occupied,truffle_cookies_cream,Cookies & Cream,IMG_1992_c025,IMG_1992.jpg,expanded_isnet,IMG_2022_r04_c01.jpg,IMG_2022.jpg,16,159,25,47,20260917
truffle_cookies_cream_0067,data/synthetic_slots/v1/dataset/images/train/truffle_cookies_cream/truffle_cookies_cream_0067.jpg,train,occupied,truffle_cookies_cream,Cookies & Cream,IMG_1992_c025,IMG_1992.jpg,expanded_isnet,IMG_2027_r06_c03.jpg,IMG_2027.jpg,30,161,34,45,20260917
truffle_cookies_cream_0068,data/synthetic_slots/v1/dataset/images/train/truffle_cookies_cream/truffle_cookies_cream_0068.jpg,train,occupied,truffle_cookies_cream,Cookies & Cream,IMG_1992_c025,IMG_1992.jpg,expanded_isnet,IMG_2033_r06_c01.jpg,IMG_2033.jpg,50,165,20,44,20260917
truffle_cookies_cream_0069,data/synthetic_slots/v1/dataset/images/train/truffle_cookies_cream/truffle_cookies_cream_0069.jpg,train,occupied,truffle_cookies_cream,Cookies & Cream,IMG_1992_c025,IMG_1992.jpg,expanded_isnet,IMG_2021_r03_c01.jpg,IMG_2021.jpg,6,147,31,43,20260917
truffle_cookies_cream_0070,data/synthetic_slots/v1/dataset/images/train/truffle_cookies_cream/truffle_cookies_cream_0070.jpg,train,occupied,truffle_cookies_cream,Cookies & Cream,IMG_1992_c025,IMG_1992.jpg,expanded_isnet,IMG_2022_r01_c01.jpg,IMG_2022.jpg,16,150,35,44,20260917
truffle_cookies_cream_0071,data/synthetic_slots/v1/dataset/images/train/truffle_cookies_cream/truffle_cookies_cream_0071.jpg,train,occupied,truffle_cookies_cream,Cookies & Cream,IMG_1992_c025,IMG_1992.jpg,expanded_isnet,IMG_2029_r06_c02.jpg,IMG_2029.jpg,30,153,31,38,20260917
truffle_cookies_cream_0072,data/synthetic_slots/v1/dataset/images/train/truffle_cookies_cream/truffle_cookies_cream_0072.jpg,train,occupied,truffle_cookies_cream,Cookies & Cream,IMG_1992_c025,IMG_1992.jpg,expanded_isnet,IMG_2033_r01_c04.jpg,IMG_2033.jpg,50,158,36,30,20260917
truffle_cookies_cream_0073,data/synthetic_slots/v1/dataset/images/train/truffle_cookies_cream/truffle_cookies_cream_0073.jpg,train,occupied,truffle_cookies_cream,Cookies & Cream,IMG_1992_c025,IMG_1992.jpg,expanded_isnet,IMG_2021_r03_c02.jpg,IMG_2021.jpg,6,163,24,38,20260917
truffle_cookies_cream_0074,data/synthetic_slots/v1/dataset/images/train/truffle_cookies_cream/truffle_cookies_cream_0074.jpg,train,occupied,truffle_cookies_cream,Cookies & Cream,IMG_1992_c025,IMG_1992.jpg,expanded_isnet,IMG_2024_r02_c03.jpg,IMG_2024.jpg,16,146,39,47,20260917
truffle_cookies_cream_0075,data/synthetic_slots/v1/dataset/images/train/truffle_cookies_cream/truffle_cookies_cream_0075.jpg,train,occupied,truffle_cookies_cream,Cookies & Cream,IMG_1992_c025,IMG_1992.jpg,expanded_isnet,IMG_2028_r03_c03.jpg,IMG_2028.jpg,30,166,20,36,20260917
truffle_cookies_cream_0076,data/synthetic_slots/v1/dataset/images/train/truffle_cookies_cream/truffle_cookies_cream_0076.jpg,train,occupied,truffle_cookies_cream,Cookies & Cream,IMG_1992_c025,IMG_1992.jpg,expanded_isnet,IMG_2031_r08_c03.jpg,IMG_2031.jpg,50,180,26,32,20260917
truffle_cookies_cream_0077,data/synthetic_slots/v1/dataset/images/train/truffle_cookies_cream/truffle_cookies_cream_0077.jpg,train,occupied,truffle_cookies_cream,Cookies & Cream,IMG_1992_c025,IMG_1992.jpg,expanded_isnet,IMG_2021_r02_c02.jpg,IMG_2021.jpg,6,161,29,45,20260917
truffle_cookies_cream_0078,data/synthetic_slots/v1/dataset/images/train/truffle_cookies_cream/truffle_cookies_cream_0078.jpg,train,occupied,truffle_cookies_cream,Cookies & Cream,IMG_1992_c025,IMG_1992.jpg,expanded_isnet,IMG_2022_r01_c01.jpg,IMG_2022.jpg,16,157,40,35,20260917
truffle_cookies_cream_0079,data/synthetic_slots/v1/dataset/images/train/truffle_cookies_cream/truffle_cookies_cream_0079.jpg,train,occupied,truffle_cookies_cream,Cookies & Cream,IMG_1992_c025,IMG_1992.jpg,expanded_isnet,IMG_2029_r05_c02.jpg,IMG_2029.jpg,30,161,28,35,20260917
truffle_cookies_cream_0080,data/synthetic_slots/v1/dataset/images/train/truffle_cookies_cream/truffle_cookies_cream_0080.jpg,train,occupied,truffle_cookies_cream,Cookies & Cream,IMG_1992_c025,IMG_1992.jpg,expanded_isnet,IMG_2032_r07_c02.jpg,IMG_2032.jpg,50,171,22,44,20260917
truffle_cookies_cream_0081,data/synthetic_slots/v1/dataset/images/validation/truffle_cookies_cream/truffle_cookies_cream_0081.jpg,validation,occupied,truffle_cookies_cream,Cookies & Cream,IMG_1992_c025,IMG_1992.jpg,expanded_isnet,IMG_2020_r02_c01.jpg,IMG_2020.jpg,6,160,33,36,20260917
truffle_cookies_cream_0082,data/synthetic_slots/v1/dataset/images/validation/truffle_cookies_cream/truffle_cookies_cream_0082.jpg,validation,occupied,truffle_cookies_cream,Cookies & Cream,IMG_1992_c025,IMG_1992.jpg,expanded_isnet,IMG_2023_r01_c01.jpg,IMG_2023.jpg,16,168,26,28,20260917
truffle_cookies_cream_0083,data/synthetic_slots/v1/dataset/images/validation/truffle_cookies_cream/truffle_cookies_cream_0083.jpg,validation,occupied,truffle_cookies_cream,Cookies & Cream,IMG_1992_c025,IMG_1992.jpg,expanded_isnet,IMG_2030_r06_c01.jpg,IMG_2030.jpg,30,147,41,39,20260917
truffle_cookies_cream_0084,data/synthetic_slots/v1/dataset/images/validation/truffle_cookies_cream/truffle_cookies_cream_0084.jpg,validation,occupied,truffle_cookies_cream,Cookies & Cream,IMG_1992_c025,IMG_1992.jpg,expanded_isnet,IMG_2034_r10_c03.jpg,IMG_2034.jpg,50,182,23,35,20260917
truffle_cookies_cream_0085,data/synthetic_slots/v1/dataset/images/validation/truffle_cookies_cream/truffle_cookies_cream_0085.jpg,validation,occupied,truffle_cookies_cream,Cookies & Cream,IMG_1992_c025,IMG_1992.jpg,expanded_isnet,IMG_2020_r01_c02.jpg,IMG_2020.jpg,6,169,21,40,20260917
truffle_cookies_cream_0086,data/synthetic_slots/v1/dataset/images/validation/truffle_cookies_cream/truffle_cookies_cream_0086.jpg,validation,occupied,truffle_cookies_cream,Cookies & Cream,IMG_1992_c025,IMG_1992.jpg,expanded_isnet,IMG_2023_r03_c02.jpg,IMG_2023.jpg,16,162,31,37,20260917
truffle_cookies_cream_0087,data/synthetic_slots/v1/dataset/images/validation/truffle_cookies_cream/truffle_cookies_cream_0087.jpg,validation,occupied,truffle_cookies_cream,Cookies & Cream,IMG_1992_c025,IMG_1992.jpg,expanded_isnet,IMG_2030_r04_c03.jpg,IMG_2030.jpg,30,175,28,39,20260917
truffle_cookies_cream_0088,data/synthetic_slots/v1/dataset/images/validation/truffle_cookies_cream/truffle_cookies_cream_0088.jpg,validation,occupied,truffle_cookies_cream,Cookies & Cream,IMG_1992_c025,IMG_1992.jpg,expanded_isnet,IMG_2034_r03_c01.jpg,IMG_2034.jpg,50,146,46,50,20260917
truffle_cookies_cream_0089,data/synthetic_slots/v1/dataset/images/validation/truffle_cookies_cream/truffle_cookies_cream_0089.jpg,validation,occupied,truffle_cookies_cream,Cookies & Cream,IMG_1992_c025,IMG_1992.jpg,expanded_isnet,IMG_2020_r02_c02.jpg,IMG_2020.jpg,6,174,34,28,20260917
truffle_cookies_cream_0090,data/synthetic_slots/v1/dataset/images/validation/truffle_cookies_cream/truffle_cookies_cream_0090.jpg,validation,occupied,truffle_cookies_cream,Cookies & Cream,IMG_1992_c025,IMG_1992.jpg,expanded_isnet,IMG_2023_r02_c01.jpg,IMG_2023.jpg,16,180,22,32,20260917
truffle_cookies_cream_0091,data/synthetic_slots/v1/dataset/images/validation/truffle_cookies_cream/truffle_cookies_cream_0091.jpg,validation,occupied,truffle_cookies_cream,Cookies & Cream,IMG_1992_c025,IMG_1992.jpg,expanded_isnet,IMG_2030_r01_c03.jpg,IMG_2030.jpg,30,178,30,35,20260917
truffle_cookies_cream_0092,data/synthetic_slots/v1/dataset/images/validation/truffle_cookies_cream/truffle_cookies_cream_0092.jpg,validation,occupied,truffle_cookies_cream,Cookies & Cream,IMG_1992_c025,IMG_1992.jpg,expanded_isnet,IMG_2034_r03_c03.jpg,IMG_2034.jpg,50,174,34,26,20260917
truffle_cookies_cream_0093,data/synthetic_slots/v1/dataset/images/validation/truffle_cookies_cream/truffle_cookies_cream_0093.jpg,validation,occupied,truffle_cookies_cream,Cookies & Cream,IMG_1992_c025,IMG_1992.jpg,expanded_isnet,IMG_2020_r02_c02.jpg,IMG_2020.jpg,6,180,15,33,20260917
truffle_cookies_cream_0094,data/synthetic_slots/v1/dataset/images/validation/truffle_cookies_cream/truffle_cookies_cream_0094.jpg,validation,occupied,truffle_cookies_cream,Cookies & Cream,IMG_1992_c025,IMG_1992.jpg,expanded_isnet,IMG_2023_r04_c04.jpg,IMG_2023.jpg,16,177,14,36,20260917
truffle_cookies_cream_0095,data/synthetic_slots/v1/dataset/images/validation/truffle_cookies_cream/truffle_cookies_cream_0095.jpg,validation,occupied,truffle_cookies_cream,Cookies & Cream,IMG_1992_c025,IMG_1992.jpg,expanded_isnet,IMG_2030_r06_c03.jpg,IMG_2030.jpg,30,185,20,25,20260917
truffle_cookies_cream_0096,data/synthetic_slots/v1/dataset/images/validation/truffle_cookies_cream/truffle_cookies_cream_0096.jpg,validation,occupied,truffle_cookies_cream,Cookies & Cream,IMG_1992_c025,IMG_1992.jpg,expanded_isnet,IMG_2034_r01_c04.jpg,IMG_2034.jpg,50,163,25,47,20260917
truffle_cookies_cream_0097,data/synthetic_slots/v1/dataset/images/validation/truffle_cookies_cream/truffle_cookies_cream_0097.jpg,validation,occupied,truffle_cookies_cream,Cookies & Cream,IMG_1992_c025,IMG_1992.jpg,expanded_isnet,IMG_2020_r03_c02.jpg,IMG_2020.jpg,6,167,37,33,20260917
truffle_cookies_cream_0098,data/synthetic_slots/v1/dataset/images/validation/truffle_cookies_cream/truffle_cookies_cream_0098.jpg,validation,occupied,truffle_cookies_cream,Cookies & Cream,IMG_1992_c025,IMG_1992.jpg,expanded_isnet,IMG_2023_r02_c01.jpg,IMG_2023.jpg,16,150,42,41,20260917
truffle_cookies_cream_0099,data/synthetic_slots/v1/dataset/images/validation/truffle_cookies_cream/truffle_cookies_cream_0099.jpg,validation,occupied,truffle_cookies_cream,Cookies & Cream,IMG_1992_c025,IMG_1992.jpg,expanded_isnet,IMG_2030_r06_c02.jpg,IMG_2030.jpg,30,159,28,49,20260917
truffle_cookies_cream_0100,data/synthetic_slots/v1/dataset/images/validation/truffle_cookies_cream/truffle_cookies_cream_0100.jpg,validation,occupied,truffle_cookies_cream,Cookies & Cream,IMG_1992_c025,IMG_1992.jpg,expanded_isnet,IMG_2034_r02_c01.jpg,IMG_2034.jpg,50,179,30,28,20260917
truffle_creamsicle_0001,data/synthetic_slots/v1/dataset/images/train/truffle_creamsicle/truffle_creamsicle_0001.jpg,train,occupied,truffle_creamsicle,Creamsicle,IMG_1989_c011,IMG_1989.jpg,expanded_isnet,IMG_2021_r01_c02.jpg,IMG_2021.jpg,6,163,44,38,20260917
truffle_creamsicle_0002,data/synthetic_slots/v1/dataset/images/train/truffle_creamsicle/truffle_creamsicle_0002.jpg,train,occupied,truffle_creamsicle,Creamsicle,IMG_1989_c011,IMG_1989.jpg,expanded_isnet,IMG_2024_r04_c03.jpg,IMG_2024.jpg,16,185,22,23,20260917
truffle_creamsicle_0003,data/synthetic_slots/v1/dataset/images/train/truffle_creamsicle/truffle_creamsicle_0003.jpg,train,occupied,truffle_creamsicle,Creamsicle,IMG_1989_c011,IMG_1989.jpg,expanded_isnet,IMG_2027_r06_c01.jpg,IMG_2027.jpg,30,162,32,37,20260917
truffle_creamsicle_0004,data/synthetic_slots/v1/dataset/images/train/truffle_creamsicle/truffle_creamsicle_0004.jpg,train,occupied,truffle_creamsicle,Creamsicle,IMG_1989_c011,IMG_1989.jpg,expanded_isnet,IMG_2033_r10_c04.jpg,IMG_2033.jpg,50,169,35,20,20260917
truffle_creamsicle_0005,data/synthetic_slots/v1/dataset/images/train/truffle_creamsicle/truffle_creamsicle_0005.jpg,train,occupied,truffle_creamsicle,Creamsicle,IMG_1989_c011,IMG_1989.jpg,expanded_isnet,IMG_2019_r03_c02.jpg,IMG_2019.jpg,6,178,36,15,20260917
truffle_creamsicle_0006,data/synthetic_slots/v1/dataset/images/train/truffle_creamsicle/truffle_creamsicle_0006.jpg,train,occupied,truffle_creamsicle,Creamsicle,IMG_1989_c011,IMG_1989.jpg,expanded_isnet,IMG_2026_r04_c04.jpg,IMG_2026.jpg,16,182,33,21,20260917
truffle_creamsicle_0007,data/synthetic_slots/v1/dataset/images/train/truffle_creamsicle/truffle_creamsicle_0007.jpg,train,occupied,truffle_creamsicle,Creamsicle,IMG_1989_c011,IMG_1989.jpg,expanded_isnet,IMG_2028_r03_c02.jpg,IMG_2028.jpg,30,177,23,24,20260917
truffle_creamsicle_0008,data/synthetic_slots/v1/dataset/images/train/truffle_creamsicle/truffle_creamsicle_0008.jpg,train,occupied,truffle_creamsicle,Creamsicle,IMG_1989_c011,IMG_1989.jpg,expanded_isnet,IMG_2031_r08_c03.jpg,IMG_2031.jpg,50,162,37,26,20260917
truffle_creamsicle_0009,data/synthetic_slots/v1/dataset/images/train/truffle_creamsicle/truffle_creamsicle_0009.jpg,train,occupied,truffle_creamsicle,Creamsicle,IMG_1989_c011,IMG_1989.jpg,expanded_isnet,IMG_2019_r02_c02.jpg,IMG_2019.jpg,6,175,22,17,20260917
truffle_creamsicle_0010,data/synthetic_slots/v1/dataset/images/train/truffle_creamsicle/truffle_creamsicle_0010.jpg,train,occupied,truffle_creamsicle,Creamsicle,IMG_1989_c011,IMG_1989.jpg,expanded_isnet,IMG_2026_r02_c02.jpg,IMG_2026.jpg,16,175,37,28,20260917
truffle_creamsicle_0011,data/synthetic_slots/v1/dataset/images/train/truffle_creamsicle/truffle_creamsicle_0011.jpg,train,occupied,truffle_creamsicle,Creamsicle,IMG_1989_c011,IMG_1989.jpg,expanded_isnet,IMG_2028_r01_c03.jpg,IMG_2028.jpg,30,168,30,31,20260917
truffle_creamsicle_0012,data/synthetic_slots/v1/dataset/images/train/truffle_creamsicle/truffle_creamsicle_0012.jpg,train,occupied,truffle_creamsicle,Creamsicle,IMG_1989_c011,IMG_1989.jpg,expanded_isnet,IMG_2032_r08_c05.jpg,IMG_2032.jpg,50,169,36,31,20260917
truffle_creamsicle_0013,data/synthetic_slots/v1/dataset/images/train/truffle_creamsicle/truffle_creamsicle_0013.jpg,train,occupied,truffle_creamsicle,Creamsicle,IMG_1989_c011,IMG_1989.jpg,expanded_isnet,IMG_2021_r03_c01.jpg,IMG_2021.jpg,6,155,46,26,20260917
truffle_creamsicle_0014,data/synthetic_slots/v1/dataset/images/train/truffle_creamsicle/truffle_creamsicle_0014.jpg,train,occupied,truffle_creamsicle,Creamsicle,IMG_1989_c011,IMG_1989.jpg,expanded_isnet,IMG_2024_r04_c04.jpg,IMG_2024.jpg,16,164,33,27,20260917
truffle_creamsicle_0015,data/synthetic_slots/v1/dataset/images/train/truffle_creamsicle/truffle_creamsicle_0015.jpg,train,occupied,truffle_creamsicle,Creamsicle,IMG_1989_c011,IMG_1989.jpg,expanded_isnet,IMG_2029_r03_c01.jpg,IMG_2029.jpg,30,185,23,12,20260917
truffle_creamsicle_0016,data/synthetic_slots/v1/dataset/images/train/truffle_creamsicle/truffle_creamsicle_0016.jpg,train,occupied,truffle_creamsicle,Creamsicle,IMG_1989_c011,IMG_1989.jpg,expanded_isnet,IMG_2031_r03_c03.jpg,IMG_2031.jpg,50,151,46,35,20260917
truffle_creamsicle_0017,data/synthetic_slots/v1/dataset/images/train/truffle_creamsicle/truffle_creamsicle_0017.jpg,train,occupied,truffle_creamsicle,Creamsicle,IMG_1989_c011,IMG_1989.jpg,expanded_isnet,IMG_2021_r02_c02.jpg,IMG_2021.jpg,6,166,33,33,20260917
truffle_creamsicle_0018,data/synthetic_slots/v1/dataset/images/train/truffle_creamsicle/truffle_creamsicle_0018.jpg,train,occupied,truffle_creamsicle,Creamsicle,IMG_1989_c011,IMG_1989.jpg,expanded_isnet,IMG_2024_r03_c03.jpg,IMG_2024.jpg,16,178,23,15,20260917
truffle_creamsicle_0019,data/synthetic_slots/v1/dataset/images/train/truffle_creamsicle/truffle_creamsicle_0019.jpg,train,occupied,truffle_creamsicle,Creamsicle,IMG_1989_c011,IMG_1989.jpg,expanded_isnet,IMG_2028_r04_c02.jpg,IMG_2028.jpg,30,151,45,43,20260917
truffle_creamsicle_0020,data/synthetic_slots/v1/dataset/images/train/truffle_creamsicle/truffle_creamsicle_0020.jpg,train,occupied,truffle_creamsicle,Creamsicle,IMG_1989_c011,IMG_1989.jpg,expanded_isnet,IMG_2033_r03_c04.jpg,IMG_2033.jpg,50,180,21,30,20260917
truffle_creamsicle_0021,data/synthetic_slots/v1/dataset/images/train/truffle_creamsicle/truffle_creamsicle_0021.jpg,train,occupied,truffle_creamsicle,Creamsicle,IMG_1989_c011,IMG_1989.jpg,expanded_isnet,IMG_2021_r01_c02.jpg,IMG_2021.jpg,6,151,43,29,20260917
truffle_creamsicle_0022,data/synthetic_slots/v1/dataset/images/train/truffle_creamsicle/truffle_creamsicle_0022.jpg,train,occupied,truffle_creamsicle,Creamsicle,IMG_1989_c011,IMG_1989.jpg,expanded_isnet,IMG_2026_r02_c02.jpg,IMG_2026.jpg,16,176,26,33,20260917
truffle_creamsicle_0023,data/synthetic_slots/v1/dataset/images/train/truffle_creamsicle/truffle_creamsicle_0023.jpg,train,occupied,truffle_creamsicle,Creamsicle,IMG_1989_c011,IMG_1989.jpg,expanded_isnet,IMG_2029_r01_c01.jpg,IMG_2029.jpg,30,183,22,20,20260917
truffle_creamsicle_0024,data/synthetic_slots/v1/dataset/images/train/truffle_creamsicle/truffle_creamsicle_0024.jpg,train,occupied,truffle_creamsicle,Creamsicle,IMG_1989_c011,IMG_1989.jpg,expanded_isnet,IMG_2032_r04_c05.jpg,IMG_2032.jpg,50,148,48,37,20260917
truffle_creamsicle_0025,data/synthetic_slots/v1/dataset/images/train/truffle_creamsicle/truffle_creamsicle_0025.jpg,train,occupied,truffle_creamsicle,Creamsicle,IMG_1989_c011,IMG_1989.jpg,expanded_isnet,IMG_2019_r01_c01.jpg,IMG_2019.jpg,6,176,34,26,20260917
truffle_creamsicle_0026,data/synthetic_slots/v1/dataset/images/train/truffle_creamsicle/truffle_creamsicle_0026.jpg,train,occupied,truffle_creamsicle,Creamsicle,IMG_1989_c011,IMG_1989.jpg,expanded_isnet,IMG_2024_r01_c02.jpg,IMG_2024.jpg,16,167,30,20,20260917
truffle_creamsicle_0027,data/synthetic_slots/v1/dataset/images/train/truffle_creamsicle/truffle_creamsicle_0027.jpg,train,occupied,truffle_creamsicle,Creamsicle,IMG_1989_c011,IMG_1989.jpg,expanded_isnet,IMG_2028_r04_c05.jpg,IMG_2028.jpg,30,145,50,37,20260917
truffle_creamsicle_0028,data/synthetic_slots/v1/dataset/images/train/truffle_creamsicle/truffle_creamsicle_0028.jpg,train,occupied,truffle_creamsicle,Creamsicle,IMG_1989_c011,IMG_1989.jpg,expanded_isnet,IMG_2031_r03_c01.jpg,IMG_2031.jpg,50,163,40,30,20260917
truffle_creamsicle_0029,data/synthetic_slots/v1/dataset/images/train/truffle_creamsicle/truffle_creamsicle_0029.jpg,train,occupied,truffle_creamsicle,Creamsicle,IMG_1989_c011,IMG_1989.jpg,expanded_isnet,IMG_2019_r01_c01.jpg,IMG_2019.jpg,6,177,38,29,20260917
truffle_creamsicle_0030,data/synthetic_slots/v1/dataset/images/train/truffle_creamsicle/truffle_creamsicle_0030.jpg,train,occupied,truffle_creamsicle,Creamsicle,IMG_1989_c011,IMG_1989.jpg,expanded_isnet,IMG_2026_r03_c02.jpg,IMG_2026.jpg,16,153,37,43,20260917
truffle_creamsicle_0031,data/synthetic_slots/v1/dataset/images/train/truffle_creamsicle/truffle_creamsicle_0031.jpg,train,occupied,truffle_creamsicle,Creamsicle,IMG_1989_c011,IMG_1989.jpg,expanded_isnet,IMG_2029_r01_c02.jpg,IMG_2029.jpg,30,171,23,32,20260917
truffle_creamsicle_0032,data/synthetic_slots/v1/dataset/images/train/truffle_creamsicle/truffle_creamsicle_0032.jpg,train,occupied,truffle_creamsicle,Creamsicle,IMG_1989_c011,IMG_1989.jpg,expanded_isnet,IMG_2033_r08_c03.jpg,IMG_2033.jpg,50,162,44,26,20260917
truffle_creamsicle_0033,data/synthetic_slots/v1/dataset/images/train/truffle_creamsicle/truffle_creamsicle_0033.jpg,train,occupied,truffle_creamsicle,Creamsicle,IMG_1989_c011,IMG_1989.jpg,expanded_isnet,IMG_2021_r01_c01.jpg,IMG_2021.jpg,6,152,41,28,20260917
truffle_creamsicle_0034,data/synthetic_slots/v1/dataset/images/train/truffle_creamsicle/truffle_creamsicle_0034.jpg,train,occupied,truffle_creamsicle,Creamsicle,IMG_1989_c011,IMG_1989.jpg,expanded_isnet,IMG_2025_r03_c04.jpg,IMG_2025.jpg,16,185,32,25,20260917
truffle_creamsicle_0035,data/synthetic_slots/v1/dataset/images/train/truffle_creamsicle/truffle_creamsicle_0035.jpg,train,occupied,truffle_creamsicle,Creamsicle,IMG_1989_c011,IMG_1989.jpg,expanded_isnet,IMG_2027_r06_c04.jpg,IMG_2027.jpg,30,172,41,31,20260917
truffle_creamsicle_0036,data/synthetic_slots/v1/dataset/images/train/truffle_creamsicle/truffle_creamsicle_0036.jpg,train,occupied,truffle_creamsicle,Creamsicle,IMG_1989_c011,IMG_1989.jpg,expanded_isnet,IMG_2033_r01_c03.jpg,IMG_2033.jpg,50,166,42,22,20260917
truffle_creamsicle_0037,data/synthetic_slots/v1/dataset/images/train/truffle_creamsicle/truffle_creamsicle_0037.jpg,train,occupied,truffle_creamsicle,Creamsicle,IMG_1989_c011,IMG_1989.jpg,expanded_isnet,IMG_2019_r02_c02.jpg,IMG_2019.jpg,6,165,31,31,20260917
truffle_creamsicle_0038,data/synthetic_slots/v1/dataset/images/train/truffle_creamsicle/truffle_creamsicle_0038.jpg,train,occupied,truffle_creamsicle,Creamsicle,IMG_1989_c011,IMG_1989.jpg,expanded_isnet,IMG_2025_r01_c02.jpg,IMG_2025.jpg,16,164,29,33,20260917
truffle_creamsicle_0039,data/synthetic_slots/v1/dataset/images/train/truffle_creamsicle/truffle_creamsicle_0039.jpg,train,occupied,truffle_creamsicle,Creamsicle,IMG_1989_c011,IMG_1989.jpg,expanded_isnet,IMG_2029_r02_c02.jpg,IMG_2029.jpg,30,148,42,41,20260917
truffle_creamsicle_0040,data/synthetic_slots/v1/dataset/images/train/truffle_creamsicle/truffle_creamsicle_0040.jpg,train,occupied,truffle_creamsicle,Creamsicle,IMG_1989_c011,IMG_1989.jpg,expanded_isnet,IMG_2031_r04_c01.jpg,IMG_2031.jpg,50,177,29,18,20260917
truffle_creamsicle_0041,data/synthetic_slots/v1/dataset/images/train/truffle_creamsicle/truffle_creamsicle_0041.jpg,train,occupied,truffle_creamsicle,Creamsicle,IMG_1989_c011,IMG_1989.jpg,expanded_isnet,IMG_2021_r01_c02.jpg,IMG_2021.jpg,6,164,41,22,20260917
truffle_creamsicle_0042,data/synthetic_slots/v1/dataset/images/train/truffle_creamsicle/truffle_creamsicle_0042.jpg,train,occupied,truffle_creamsicle,Creamsicle,IMG_1989_c011,IMG_1989.jpg,expanded_isnet,IMG_2026_r04_c04.jpg,IMG_2026.jpg,16,157,42,28,20260917
truffle_creamsicle_0043,data/synthetic_slots/v1/dataset/images/train/truffle_creamsicle/truffle_creamsicle_0043.jpg,train,occupied,truffle_creamsicle,Creamsicle,IMG_1989_c011,IMG_1989.jpg,expanded_isnet,IMG_2029_r02_c03.jpg,IMG_2029.jpg,30,150,36,42,20260917
truffle_creamsicle_0044,data/synthetic_slots/v1/dataset/images/train/truffle_creamsicle/truffle_creamsicle_0044.jpg,train,occupied,truffle_creamsicle,Creamsicle,IMG_1989_c011,IMG_1989.jpg,expanded_isnet,IMG_2033_r06_c02.jpg,IMG_2033.jpg,50,184,29,23,20260917
truffle_creamsicle_0045,data/synthetic_slots/v1/dataset/images/train/truffle_creamsicle/truffle_creamsicle_0045.jpg,train,occupied,truffle_creamsicle,Creamsicle,IMG_1989_c011,IMG_1989.jpg,expanded_isnet,IMG_2021_r03_c01.jpg,IMG_2021.jpg,6,145,40,31,20260917
truffle_creamsicle_0046,data/synthetic_slots/v1/dataset/images/train/truffle_creamsicle/truffle_creamsicle_0046.jpg,train,occupied,truffle_creamsicle,Creamsicle,IMG_1989_c011,IMG_1989.jpg,expanded_isnet,IMG_2025_r04_c02.jpg,IMG_2025.jpg,16,167,37,30,20260917
truffle_creamsicle_0047,data/synthetic_slots/v1/dataset/images/train/truffle_creamsicle/truffle_creamsicle_0047.jpg,train,occupied,truffle_creamsicle,Creamsicle,IMG_1989_c011,IMG_1989.jpg,expanded_isnet,IMG_2027_r01_c05.jpg,IMG_2027.jpg,30,169,28,23,20260917
truffle_creamsicle_0048,data/synthetic_slots/v1/dataset/images/train/truffle_creamsicle/truffle_creamsicle_0048.jpg,train,occupied,truffle_creamsicle,Creamsicle,IMG_1989_c011,IMG_1989.jpg,expanded_isnet,IMG_2032_r08_c04.jpg,IMG_2032.jpg,50,156,43,32,20260917
truffle_creamsicle_0049,data/synthetic_slots/v1/dataset/images/train/truffle_creamsicle/truffle_creamsicle_0049.jpg,train,occupied,truffle_creamsicle,Creamsicle,IMG_1989_c011,IMG_1989.jpg,expanded_isnet,IMG_2019_r01_c01.jpg,IMG_2019.jpg,6,155,41,41,20260917
truffle_creamsicle_0050,data/synthetic_slots/v1/dataset/images/train/truffle_creamsicle/truffle_creamsicle_0050.jpg,train,occupied,truffle_creamsicle,Creamsicle,IMG_1989_c011,IMG_1989.jpg,expanded_isnet,IMG_2022_r04_c04.jpg,IMG_2022.jpg,16,174,34,29,20260917
truffle_creamsicle_0051,data/synthetic_slots/v1/dataset/images/train/truffle_creamsicle/truffle_creamsicle_0051.jpg,train,occupied,truffle_creamsicle,Creamsicle,IMG_1989_c011,IMG_1989.jpg,expanded_isnet,IMG_2028_r05_c01.jpg,IMG_2028.jpg,30,149,33,44,20260917
truffle_creamsicle_0052,data/synthetic_slots/v1/dataset/images/train/truffle_creamsicle/truffle_creamsicle_0052.jpg,train,occupied,truffle_creamsicle,Creamsicle,IMG_1989_c011,IMG_1989.jpg,expanded_isnet,IMG_2033_r05_c05.jpg,IMG_2033.jpg,50,177,23,24,20260917
truffle_creamsicle_0053,data/synthetic_slots/v1/dataset/images/train/truffle_creamsicle/truffle_creamsicle_0053.jpg,train,occupied,truffle_creamsicle,Creamsicle,IMG_1989_c011,IMG_1989.jpg,expanded_isnet,IMG_2021_r01_c02.jpg,IMG_2021.jpg,6,150,36,31,20260917
truffle_creamsicle_0054,data/synthetic_slots/v1/dataset/images/train/truffle_creamsicle/truffle_creamsicle_0054.jpg,train,occupied,truffle_creamsicle,Creamsicle,IMG_1989_c011,IMG_1989.jpg,expanded_isnet,IMG_2026_r04_c03.jpg,IMG_2026.jpg,16,183,18,19,20260917
truffle_creamsicle_0055,data/synthetic_slots/v1/dataset/images/train/truffle_creamsicle/truffle_creamsicle_0055.jpg,train,occupied,truffle_creamsicle,Creamsicle,IMG_1989_c011,IMG_1989.jpg,expanded_isnet,IMG_2028_r06_c04.jpg,IMG_2028.jpg,30,181,22,15,20260917
truffle_creamsicle_0056,data/synthetic_slots/v1/dataset/images/train/truffle_creamsicle/truffle_creamsicle_0056.jpg,train,occupied,truffle_creamsicle,Creamsicle,IMG_1989_c011,IMG_1989.jpg,expanded_isnet,IMG_2031_r03_c04.jpg,IMG_2031.jpg,50,158,46,34,20260917
truffle_creamsicle_0057,data/synthetic_slots/v1/dataset/images/train/truffle_creamsicle/truffle_creamsicle_0057.jpg,train,occupied,truffle_creamsicle,Creamsicle,IMG_1989_c011,IMG_1989.jpg,expanded_isnet,IMG_2019_r02_c02.jpg,IMG_2019.jpg,6,156,45,28,20260917
truffle_creamsicle_0058,data/synthetic_slots/v1/dataset/images/train/truffle_creamsicle/truffle_creamsicle_0058.jpg,train,occupied,truffle_creamsicle,Creamsicle,IMG_1989_c011,IMG_1989.jpg,expanded_isnet,IMG_2022_r04_c01.jpg,IMG_2022.jpg,16,168,28,27,20260917
truffle_creamsicle_0059,data/synthetic_slots/v1/dataset/images/train/truffle_creamsicle/truffle_creamsicle_0059.jpg,train,occupied,truffle_creamsicle,Creamsicle,IMG_1989_c011,IMG_1989.jpg,expanded_isnet,IMG_2027_r02_c05.jpg,IMG_2027.jpg,30,163,39,36,20260917
truffle_creamsicle_0060,data/synthetic_slots/v1/dataset/images/train/truffle_creamsicle/truffle_creamsicle_0060.jpg,train,occupied,truffle_creamsicle,Creamsicle,IMG_1989_c011,IMG_1989.jpg,expanded_isnet,IMG_2031_r07_c03.jpg,IMG_2031.jpg,50,179,37,20,20260917
truffle_creamsicle_0061,data/synthetic_slots/v1/dataset/images/train/truffle_creamsicle/truffle_creamsicle_0061.jpg,train,occupied,truffle_creamsicle,Creamsicle,IMG_1989_c011,IMG_1989.jpg,expanded_isnet,IMG_2021_r01_c01.jpg,IMG_2021.jpg,6,156,32,26,20260917
truffle_creamsicle_0062,data/synthetic_slots/v1/dataset/images/train/truffle_creamsicle/truffle_creamsicle_0062.jpg,train,occupied,truffle_creamsicle,Creamsicle,IMG_1989_c011,IMG_1989.jpg,expanded_isnet,IMG_2026_r01_c04.jpg,IMG_2026.jpg,16,149,51,39,20260917
truffle_creamsicle_0063,data/synthetic_slots/v1/dataset/images/train/truffle_creamsicle/truffle_creamsicle_0063.jpg,train,occupied,truffle_creamsicle,Creamsicle,IMG_1989_c011,IMG_1989.jpg,expanded_isnet,IMG_2028_r05_c04.jpg,IMG_2028.jpg,30,145,41,45,20260917
truffle_creamsicle_0064,data/synthetic_slots/v1/dataset/images/train/truffle_creamsicle/truffle_creamsicle_0064.jpg,train,occupied,truffle_creamsicle,Creamsicle,IMG_1989_c011,IMG_1989.jpg,expanded_isnet,IMG_2031_r03_c05.jpg,IMG_2031.jpg,50,151,38,29,20260917
truffle_creamsicle_0065,data/synthetic_slots/v1/dataset/images/train/truffle_creamsicle/truffle_creamsicle_0065.jpg,train,occupied,truffle_creamsicle,Creamsicle,IMG_1989_c011,IMG_1989.jpg,expanded_isnet,IMG_2021_r03_c01.jpg,IMG_2021.jpg,6,170,29,36,20260917
truffle_creamsicle_0066,data/synthetic_slots/v1/dataset/images/train/truffle_creamsicle/truffle_creamsicle_0066.jpg,train,occupied,truffle_creamsicle,Creamsicle,IMG_1989_c011,IMG_1989.jpg,expanded_isnet,IMG_2026_r02_c04.jpg,IMG_2026.jpg,16,169,28,34,20260917
truffle_creamsicle_0067,data/synthetic_slots/v1/dataset/images/train/truffle_creamsicle/truffle_creamsicle_0067.jpg,train,occupied,truffle_creamsicle,Creamsicle,IMG_1989_c011,IMG_1989.jpg,expanded_isnet,IMG_2028_r06_c01.jpg,IMG_2028.jpg,30,149,50,37,20260917
truffle_creamsicle_0068,data/synthetic_slots/v1/dataset/images/train/truffle_creamsicle/truffle_creamsicle_0068.jpg,train,occupied,truffle_creamsicle,Creamsicle,IMG_1989_c011,IMG_1989.jpg,expanded_isnet,IMG_2033_r09_c01.jpg,IMG_2033.jpg,50,160,31,32,20260917
truffle_creamsicle_0069,data/synthetic_slots/v1/dataset/images/train/truffle_creamsicle/truffle_creamsicle_0069.jpg,train,occupied,truffle_creamsicle,Creamsicle,IMG_1989_c011,IMG_1989.jpg,expanded_isnet,IMG_2021_r02_c02.jpg,IMG_2021.jpg,6,153,37,44,20260917
truffle_creamsicle_0070,data/synthetic_slots/v1/dataset/images/train/truffle_creamsicle/truffle_creamsicle_0070.jpg,train,occupied,truffle_creamsicle,Creamsicle,IMG_1989_c011,IMG_1989.jpg,expanded_isnet,IMG_2026_r04_c04.jpg,IMG_2026.jpg,16,150,36,40,20260917
truffle_creamsicle_0071,data/synthetic_slots/v1/dataset/images/train/truffle_creamsicle/truffle_creamsicle_0071.jpg,train,occupied,truffle_creamsicle,Creamsicle,IMG_1989_c011,IMG_1989.jpg,expanded_isnet,IMG_2027_r04_c01.jpg,IMG_2027.jpg,30,165,42,34,20260917
truffle_creamsicle_0072,data/synthetic_slots/v1/dataset/images/train/truffle_creamsicle/truffle_creamsicle_0072.jpg,train,occupied,truffle_creamsicle,Creamsicle,IMG_1989_c011,IMG_1989.jpg,expanded_isnet,IMG_2031_r10_c04.jpg,IMG_2031.jpg,50,183,20,13,20260917
truffle_creamsicle_0073,data/synthetic_slots/v1/dataset/images/train/truffle_creamsicle/truffle_creamsicle_0073.jpg,train,occupied,truffle_creamsicle,Creamsicle,IMG_1989_c011,IMG_1989.jpg,expanded_isnet,IMG_2021_r03_c01.jpg,IMG_2021.jpg,6,151,51,37,20260917
truffle_creamsicle_0074,data/synthetic_slots/v1/dataset/images/train/truffle_creamsicle/truffle_creamsicle_0074.jpg,train,occupied,truffle_creamsicle,Creamsicle,IMG_1989_c011,IMG_1989.jpg,expanded_isnet,IMG_2025_r02_c01.jpg,IMG_2025.jpg,16,168,26,32,20260917
truffle_creamsicle_0075,data/synthetic_slots/v1/dataset/images/train/truffle_creamsicle/truffle_creamsicle_0075.jpg,train,occupied,truffle_creamsicle,Creamsicle,IMG_1989_c011,IMG_1989.jpg,expanded_isnet,IMG_2028_r04_c05.jpg,IMG_2028.jpg,30,172,31,21,20260917
truffle_creamsicle_0076,data/synthetic_slots/v1/dataset/images/train/truffle_creamsicle/truffle_creamsicle_0076.jpg,train,occupied,truffle_creamsicle,Creamsicle,IMG_1989_c011,IMG_1989.jpg,expanded_isnet,IMG_2032_r03_c01.jpg,IMG_2032.jpg,50,152,47,39,20260917
truffle_creamsicle_0077,data/synthetic_slots/v1/dataset/images/train/truffle_creamsicle/truffle_creamsicle_0077.jpg,train,occupied,truffle_creamsicle,Creamsicle,IMG_1989_c011,IMG_1989.jpg,expanded_isnet,IMG_2019_r02_c02.jpg,IMG_2019.jpg,6,152,32,41,20260917
truffle_creamsicle_0078,data/synthetic_slots/v1/dataset/images/train/truffle_creamsicle/truffle_creamsicle_0078.jpg,train,occupied,truffle_creamsicle,Creamsicle,IMG_1989_c011,IMG_1989.jpg,expanded_isnet,IMG_2025_r02_c02.jpg,IMG_2025.jpg,16,175,34,17,20260917
truffle_creamsicle_0079,data/synthetic_slots/v1/dataset/images/train/truffle_creamsicle/truffle_creamsicle_0079.jpg,train,occupied,truffle_creamsicle,Creamsicle,IMG_1989_c011,IMG_1989.jpg,expanded_isnet,IMG_2029_r01_c04.jpg,IMG_2029.jpg,30,171,33,25,20260917
truffle_creamsicle_0080,data/synthetic_slots/v1/dataset/images/train/truffle_creamsicle/truffle_creamsicle_0080.jpg,train,occupied,truffle_creamsicle,Creamsicle,IMG_1989_c011,IMG_1989.jpg,expanded_isnet,IMG_2033_r02_c04.jpg,IMG_2033.jpg,50,154,36,28,20260917
truffle_creamsicle_0081,data/synthetic_slots/v1/dataset/images/validation/truffle_creamsicle/truffle_creamsicle_0081.jpg,validation,occupied,truffle_creamsicle,Creamsicle,IMG_1989_c011,IMG_1989.jpg,expanded_isnet,IMG_2020_r01_c02.jpg,IMG_2020.jpg,6,184,23,26,20260917
truffle_creamsicle_0082,data/synthetic_slots/v1/dataset/images/validation/truffle_creamsicle/truffle_creamsicle_0082.jpg,validation,occupied,truffle_creamsicle,Creamsicle,IMG_1989_c011,IMG_1989.jpg,expanded_isnet,IMG_2023_r03_c04.jpg,IMG_2023.jpg,16,154,33,39,20260917
truffle_creamsicle_0083,data/synthetic_slots/v1/dataset/images/validation/truffle_creamsicle/truffle_creamsicle_0083.jpg,validation,occupied,truffle_creamsicle,Creamsicle,IMG_1989_c011,IMG_1989.jpg,expanded_isnet,IMG_2030_r04_c04.jpg,IMG_2030.jpg,30,151,49,39,20260917
truffle_creamsicle_0084,data/synthetic_slots/v1/dataset/images/validation/truffle_creamsicle/truffle_creamsicle_0084.jpg,validation,occupied,truffle_creamsicle,Creamsicle,IMG_1989_c011,IMG_1989.jpg,expanded_isnet,IMG_2034_r01_c04.jpg,IMG_2034.jpg,50,167,32,33,20260917
truffle_creamsicle_0085,data/synthetic_slots/v1/dataset/images/validation/truffle_creamsicle/truffle_creamsicle_0085.jpg,validation,occupied,truffle_creamsicle,Creamsicle,IMG_1989_c011,IMG_1989.jpg,expanded_isnet,IMG_2020_r01_c02.jpg,IMG_2020.jpg,6,173,34,23,20260917
truffle_creamsicle_0086,data/synthetic_slots/v1/dataset/images/validation/truffle_creamsicle/truffle_creamsicle_0086.jpg,validation,occupied,truffle_creamsicle,Creamsicle,IMG_1989_c011,IMG_1989.jpg,expanded_isnet,IMG_2023_r01_c03.jpg,IMG_2023.jpg,16,172,33,23,20260917
truffle_creamsicle_0087,data/synthetic_slots/v1/dataset/images/validation/truffle_creamsicle/truffle_creamsicle_0087.jpg,validation,occupied,truffle_creamsicle,Creamsicle,IMG_1989_c011,IMG_1989.jpg,expanded_isnet,IMG_2030_r01_c04.jpg,IMG_2030.jpg,30,178,23,30,20260917
truffle_creamsicle_0088,data/synthetic_slots/v1/dataset/images/validation/truffle_creamsicle/truffle_creamsicle_0088.jpg,validation,occupied,truffle_creamsicle,Creamsicle,IMG_1989_c011,IMG_1989.jpg,expanded_isnet,IMG_2034_r10_c02.jpg,IMG_2034.jpg,50,145,36,38,20260917
truffle_creamsicle_0089,data/synthetic_slots/v1/dataset/images/validation/truffle_creamsicle/truffle_creamsicle_0089.jpg,validation,occupied,truffle_creamsicle,Creamsicle,IMG_1989_c011,IMG_1989.jpg,expanded_isnet,IMG_2020_r03_c01.jpg,IMG_2020.jpg,6,162,43,32,20260917
truffle_creamsicle_0090,data/synthetic_slots/v1/dataset/images/validation/truffle_creamsicle/truffle_creamsicle_0090.jpg,validation,occupied,truffle_creamsicle,Creamsicle,IMG_1989_c011,IMG_1989.jpg,expanded_isnet,IMG_2023_r02_c02.jpg,IMG_2023.jpg,16,181,34,14,20260917
truffle_creamsicle_0091,data/synthetic_slots/v1/dataset/images/validation/truffle_creamsicle/truffle_creamsicle_0091.jpg,validation,occupied,truffle_creamsicle,Creamsicle,IMG_1989_c011,IMG_1989.jpg,expanded_isnet,IMG_2030_r05_c04.jpg,IMG_2030.jpg,30,174,22,20,20260917
truffle_creamsicle_0092,data/synthetic_slots/v1/dataset/images/validation/truffle_creamsicle/truffle_creamsicle_0092.jpg,validation,occupied,truffle_creamsicle,Creamsicle,IMG_1989_c011,IMG_1989.jpg,expanded_isnet,IMG_2034_r05_c03.jpg,IMG_2034.jpg,50,166,31,37,20260917
truffle_creamsicle_0093,data/synthetic_slots/v1/dataset/images/validation/truffle_creamsicle/truffle_creamsicle_0093.jpg,validation,occupied,truffle_creamsicle,Creamsicle,IMG_1989_c011,IMG_1989.jpg,expanded_isnet,IMG_2020_r03_c02.jpg,IMG_2020.jpg,6,156,44,39,20260917
truffle_creamsicle_0094,data/synthetic_slots/v1/dataset/images/validation/truffle_creamsicle/truffle_creamsicle_0094.jpg,validation,occupied,truffle_creamsicle,Creamsicle,IMG_1989_c011,IMG_1989.jpg,expanded_isnet,IMG_2023_r03_c04.jpg,IMG_2023.jpg,16,158,45,41,20260917
truffle_creamsicle_0095,data/synthetic_slots/v1/dataset/images/validation/truffle_creamsicle/truffle_creamsicle_0095.jpg,validation,occupied,truffle_creamsicle,Creamsicle,IMG_1989_c011,IMG_1989.jpg,expanded_isnet,IMG_2030_r01_c02.jpg,IMG_2030.jpg,30,164,33,26,20260917
truffle_creamsicle_0096,data/synthetic_slots/v1/dataset/images/validation/truffle_creamsicle/truffle_creamsicle_0096.jpg,validation,occupied,truffle_creamsicle,Creamsicle,IMG_1989_c011,IMG_1989.jpg,expanded_isnet,IMG_2034_r08_c02.jpg,IMG_2034.jpg,50,185,30,26,20260917
truffle_creamsicle_0097,data/synthetic_slots/v1/dataset/images/validation/truffle_creamsicle/truffle_creamsicle_0097.jpg,validation,occupied,truffle_creamsicle,Creamsicle,IMG_1989_c011,IMG_1989.jpg,expanded_isnet,IMG_2020_r01_c02.jpg,IMG_2020.jpg,6,149,38,33,20260917
truffle_creamsicle_0098,data/synthetic_slots/v1/dataset/images/validation/truffle_creamsicle/truffle_creamsicle_0098.jpg,validation,occupied,truffle_creamsicle,Creamsicle,IMG_1989_c011,IMG_1989.jpg,expanded_isnet,IMG_2023_r03_c01.jpg,IMG_2023.jpg,16,179,32,17,20260917
truffle_creamsicle_0099,data/synthetic_slots/v1/dataset/images/validation/truffle_creamsicle/truffle_creamsicle_0099.jpg,validation,occupied,truffle_creamsicle,Creamsicle,IMG_1989_c011,IMG_1989.jpg,expanded_isnet,IMG_2030_r05_c03.jpg,IMG_2030.jpg,30,161,46,39,20260917
truffle_creamsicle_0100,data/synthetic_slots/v1/dataset/images/validation/truffle_creamsicle/truffle_creamsicle_0100.jpg,validation,occupied,truffle_creamsicle,Creamsicle,IMG_1989_c011,IMG_1989.jpg,expanded_isnet,IMG_2034_r07_c03.jpg,IMG_2034.jpg,50,185,36,13,20260917
truffle_creme_brulee_0001,data/synthetic_slots/v1/dataset/images/train/truffle_creme_brulee/truffle_creme_brulee_0001.jpg,train,occupied,truffle_creme_brulee,Crème Brûlée,IMG_1973_c019,IMG_1973.jpg,expanded_u2net,IMG_2019_r01_c02.jpg,IMG_2019.jpg,6,174,18,30,20260917
truffle_creme_brulee_0002,data/synthetic_slots/v1/dataset/images/train/truffle_creme_brulee/truffle_creme_brulee_0002.jpg,train,occupied,truffle_creme_brulee,Crème Brûlée,IMG_1973_c019,IMG_1973.jpg,expanded_u2net,IMG_2026_r04_c02.jpg,IMG_2026.jpg,16,156,25,26,20260917
truffle_creme_brulee_0003,data/synthetic_slots/v1/dataset/images/train/truffle_creme_brulee/truffle_creme_brulee_0003.jpg,train,occupied,truffle_creme_brulee,Crème Brûlée,IMG_1973_c019,IMG_1973.jpg,expanded_u2net,IMG_2028_r05_c04.jpg,IMG_2028.jpg,30,154,43,40,20260917
truffle_creme_brulee_0004,data/synthetic_slots/v1/dataset/images/train/truffle_creme_brulee/truffle_creme_brulee_0004.jpg,train,occupied,truffle_creme_brulee,Crème Brûlée,IMG_1973_c019,IMG_1973.jpg,expanded_u2net,IMG_2033_r09_c01.jpg,IMG_2033.jpg,50,180,20,31,20260917
truffle_creme_brulee_0005,data/synthetic_slots/v1/dataset/images/train/truffle_creme_brulee/truffle_creme_brulee_0005.jpg,train,occupied,truffle_creme_brulee,Crème Brûlée,IMG_1973_c019,IMG_1973.jpg,expanded_u2net,IMG_2021_r02_c02.jpg,IMG_2021.jpg,6,165,24,31,20260917
truffle_creme_brulee_0006,data/synthetic_slots/v1/dataset/images/train/truffle_creme_brulee/truffle_creme_brulee_0006.jpg,train,occupied,truffle_creme_brulee,Crème Brûlée,IMG_1973_c019,IMG_1973.jpg,expanded_u2net,IMG_2025_r03_c04.jpg,IMG_2025.jpg,16,174,25,22,20260917
truffle_creme_brulee_0007,data/synthetic_slots/v1/dataset/images/train/truffle_creme_brulee/truffle_creme_brulee_0007.jpg,train,occupied,truffle_creme_brulee,Crème Brûlée,IMG_1973_c019,IMG_1973.jpg,expanded_u2net,IMG_2029_r01_c05.jpg,IMG_2029.jpg,30,157,25,39,20260917
truffle_creme_brulee_0008,data/synthetic_slots/v1/dataset/images/train/truffle_creme_brulee/truffle_creme_brulee_0008.jpg,train,occupied,truffle_creme_brulee,Crème Brûlée,IMG_1973_c019,IMG_1973.jpg,expanded_u2net,IMG_2032_r09_c05.jpg,IMG_2032.jpg,50,173,26,27,20260917
truffle_creme_brulee_0009,data/synthetic_slots/v1/dataset/images/train/truffle_creme_brulee/truffle_creme_brulee_0009.jpg,train,occupied,truffle_creme_brulee,Crème Brûlée,IMG_1973_c019,IMG_1973.jpg,expanded_u2net,IMG_2021_r01_c01.jpg,IMG_2021.jpg,6,162,30,33,20260917
truffle_creme_brulee_0010,data/synthetic_slots/v1/dataset/images/train/truffle_creme_brulee/truffle_creme_brulee_0010.jpg,train,occupied,truffle_creme_brulee,Crème Brûlée,IMG_1973_c019,IMG_1973.jpg,expanded_u2net,IMG_2026_r02_c01.jpg,IMG_2026.jpg,16,185,25,20,20260917
truffle_creme_brulee_0011,data/synthetic_slots/v1/dataset/images/train/truffle_creme_brulee/truffle_creme_brulee_0011.jpg,train,occupied,truffle_creme_brulee,Crème Brûlée,IMG_1973_c019,IMG_1973.jpg,expanded_u2net,IMG_2028_r06_c02.jpg,IMG_2028.jpg,30,165,22,31,20260917
truffle_creme_brulee_0012,data/synthetic_slots/v1/dataset/images/train/truffle_creme_brulee/truffle_creme_brulee_0012.jpg,train,occupied,truffle_creme_brulee,Crème Brûlée,IMG_1973_c019,IMG_1973.jpg,expanded_u2net,IMG_2031_r07_c04.jpg,IMG_2031.jpg,50,167,34,33,20260917
truffle_creme_brulee_0013,data/synthetic_slots/v1/dataset/images/train/truffle_creme_brulee/truffle_creme_brulee_0013.jpg,train,occupied,truffle_creme_brulee,Crème Brûlée,IMG_1973_c019,IMG_1973.jpg,expanded_u2net,IMG_2019_r02_c02.jpg,IMG_2019.jpg,6,183,22,16,20260917
truffle_creme_brulee_0014,data/synthetic_slots/v1/dataset/images/train/truffle_creme_brulee/truffle_creme_brulee_0014.jpg,train,occupied,truffle_creme_brulee,Crème Brûlée,IMG_1973_c019,IMG_1973.jpg,expanded_u2net,IMG_2022_r04_c02.jpg,IMG_2022.jpg,16,178,21,25,20260917
truffle_creme_brulee_0015,data/synthetic_slots/v1/dataset/images/train/truffle_creme_brulee/truffle_creme_brulee_0015.jpg,train,occupied,truffle_creme_brulee,Crème Brûlée,IMG_1973_c019,IMG_1973.jpg,expanded_u2net,IMG_2028_r03_c04.jpg,IMG_2028.jpg,30,146,48,41,20260917
truffle_creme_brulee_0016,data/synthetic_slots/v1/dataset/images/train/truffle_creme_brulee/truffle_creme_brulee_0016.jpg,train,occupied,truffle_creme_brulee,Crème Brûlée,IMG_1973_c019,IMG_1973.jpg,expanded_u2net,IMG_2033_r04_c03.jpg,IMG_2033.jpg,50,150,28,41,20260917
truffle_creme_brulee_0017,data/synthetic_slots/v1/dataset/images/train/truffle_creme_brulee/truffle_creme_brulee_0017.jpg,train,occupied,truffle_creme_brulee,Crème Brûlée,IMG_1973_c019,IMG_1973.jpg,expanded_u2net,IMG_2021_r02_c01.jpg,IMG_2021.jpg,6,170,27,32,20260917
truffle_creme_brulee_0018,data/synthetic_slots/v1/dataset/images/train/truffle_creme_brulee/truffle_creme_brulee_0018.jpg,train,occupied,truffle_creme_brulee,Crème Brûlée,IMG_1973_c019,IMG_1973.jpg,expanded_u2net,IMG_2022_r04_c02.jpg,IMG_2022.jpg,16,173,33,25,20260917
truffle_creme_brulee_0019,data/synthetic_slots/v1/dataset/images/train/truffle_creme_brulee/truffle_creme_brulee_0019.jpg,train,occupied,truffle_creme_brulee,Crème Brûlée,IMG_1973_c019,IMG_1973.jpg,expanded_u2net,IMG_2028_r02_c01.jpg,IMG_2028.jpg,30,169,22,36,20260917
truffle_creme_brulee_0020,data/synthetic_slots/v1/dataset/images/train/truffle_creme_brulee/truffle_creme_brulee_0020.jpg,train,occupied,truffle_creme_brulee,Crème Brûlée,IMG_1973_c019,IMG_1973.jpg,expanded_u2net,IMG_2032_r10_c03.jpg,IMG_2032.jpg,50,167,29,30,20260917
truffle_creme_brulee_0021,data/synthetic_slots/v1/dataset/images/train/truffle_creme_brulee/truffle_creme_brulee_0021.jpg,train,occupied,truffle_creme_brulee,Crème Brûlée,IMG_1973_c019,IMG_1973.jpg,expanded_u2net,IMG_2019_r01_c02.jpg,IMG_2019.jpg,6,176,26,32,20260917
truffle_creme_brulee_0022,data/synthetic_slots/v1/dataset/images/train/truffle_creme_brulee/truffle_creme_brulee_0022.jpg,train,occupied,truffle_creme_brulee,Crème Brûlée,IMG_1973_c019,IMG_1973.jpg,expanded_u2net,IMG_2022_r01_c03.jpg,IMG_2022.jpg,16,149,39,36,20260917
truffle_creme_brulee_0023,data/synthetic_slots/v1/dataset/images/train/truffle_creme_brulee/truffle_creme_brulee_0023.jpg,train,occupied,truffle_creme_brulee,Crème Brûlée,IMG_1973_c019,IMG_1973.jpg,expanded_u2net,IMG_2029_r03_c01.jpg,IMG_2029.jpg,30,174,25,21,20260917
truffle_creme_brulee_0024,data/synthetic_slots/v1/dataset/images/train/truffle_creme_brulee/truffle_creme_brulee_0024.jpg,train,occupied,truffle_creme_brulee,Crème Brûlée,IMG_1973_c019,IMG_1973.jpg,expanded_u2net,IMG_2031_r01_c01.jpg,IMG_2031.jpg,50,148,37,42,20260917
truffle_creme_brulee_0025,data/synthetic_slots/v1/dataset/images/train/truffle_creme_brulee/truffle_creme_brulee_0025.jpg,train,occupied,truffle_creme_brulee,Crème Brûlée,IMG_1973_c019,IMG_1973.jpg,expanded_u2net,IMG_2019_r01_c02.jpg,IMG_2019.jpg,6,176,24,24,20260917
truffle_creme_brulee_0026,data/synthetic_slots/v1/dataset/images/train/truffle_creme_brulee/truffle_creme_brulee_0026.jpg,train,occupied,truffle_creme_brulee,Crème Brûlée,IMG_1973_c019,IMG_1973.jpg,expanded_u2net,IMG_2026_r03_c04.jpg,IMG_2026.jpg,16,161,34,32,20260917
truffle_creme_brulee_0027,data/synthetic_slots/v1/dataset/images/train/truffle_creme_brulee/truffle_creme_brulee_0027.jpg,train,occupied,truffle_creme_brulee,Crème Brûlée,IMG_1973_c019,IMG_1973.jpg,expanded_u2net,IMG_2029_r04_c03.jpg,IMG_2029.jpg,30,172,28,25,20260917
truffle_creme_brulee_0028,data/synthetic_slots/v1/dataset/images/train/truffle_creme_brulee/truffle_creme_brulee_0028.jpg,train,occupied,truffle_creme_brulee,Crème Brûlée,IMG_1973_c019,IMG_1973.jpg,expanded_u2net,IMG_2033_r07_c05.jpg,IMG_2033.jpg,50,167,26,25,20260917
truffle_creme_brulee_0029,data/synthetic_slots/v1/dataset/images/train/truffle_creme_brulee/truffle_creme_brulee_0029.jpg,train,occupied,truffle_creme_brulee,Crème Brûlée,IMG_1973_c019,IMG_1973.jpg,expanded_u2net,IMG_2019_r03_c02.jpg,IMG_2019.jpg,6,158,28,42,20260917
truffle_creme_brulee_0030,data/synthetic_slots/v1/dataset/images/train/truffle_creme_brulee/truffle_creme_brulee_0030.jpg,train,occupied,truffle_creme_brulee,Crème Brûlée,IMG_1973_c019,IMG_1973.jpg,expanded_u2net,IMG_2024_r03_c03.jpg,IMG_2024.jpg,16,156,25,30,20260917
truffle_creme_brulee_0031,data/synthetic_slots/v1/dataset/images/train/truffle_creme_brulee/truffle_creme_brulee_0031.jpg,train,occupied,truffle_creme_brulee,Crème Brûlée,IMG_1973_c019,IMG_1973.jpg,expanded_u2net,IMG_2029_r02_c05.jpg,IMG_2029.jpg,30,167,19,26,20260917
truffle_creme_brulee_0032,data/synthetic_slots/v1/dataset/images/train/truffle_creme_brulee/truffle_creme_brulee_0032.jpg,train,occupied,truffle_creme_brulee,Crème Brûlée,IMG_1973_c019,IMG_1973.jpg,expanded_u2net,IMG_2031_r10_c03.jpg,IMG_2031.jpg,50,176,25,22,20260917
truffle_creme_brulee_0033,data/synthetic_slots/v1/dataset/images/train/truffle_creme_brulee/truffle_creme_brulee_0033.jpg,train,occupied,truffle_creme_brulee,Crème Brûlée,IMG_1973_c019,IMG_1973.jpg,expanded_u2net,IMG_2021_r02_c02.jpg,IMG_2021.jpg,6,167,20,30,20260917
truffle_creme_brulee_0034,data/synthetic_slots/v1/dataset/images/train/truffle_creme_brulee/truffle_creme_brulee_0034.jpg,train,occupied,truffle_creme_brulee,Crème Brûlée,IMG_1973_c019,IMG_1973.jpg,expanded_u2net,IMG_2026_r04_c02.jpg,IMG_2026.jpg,16,154,40,28,20260917
truffle_creme_brulee_0035,data/synthetic_slots/v1/dataset/images/train/truffle_creme_brulee/truffle_creme_brulee_0035.jpg,train,occupied,truffle_creme_brulee,Crème Brûlée,IMG_1973_c019,IMG_1973.jpg,expanded_u2net,IMG_2027_r06_c05.jpg,IMG_2027.jpg,30,159,33,26,20260917
truffle_creme_brulee_0036,data/synthetic_slots/v1/dataset/images/train/truffle_creme_brulee/truffle_creme_brulee_0036.jpg,train,occupied,truffle_creme_brulee,Crème Brûlée,IMG_1973_c019,IMG_1973.jpg,expanded_u2net,IMG_2032_r02_c03.jpg,IMG_2032.jpg,50,163,23,30,20260917
truffle_creme_brulee_0037,data/synthetic_slots/v1/dataset/images/train/truffle_creme_brulee/truffle_creme_brulee_0037.jpg,train,occupied,truffle_creme_brulee,Crème Brûlée,IMG_1973_c019,IMG_1973.jpg,expanded_u2net,IMG_2019_r03_c02.jpg,IMG_2019.jpg,6,174,33,20,20260917
truffle_creme_brulee_0038,data/synthetic_slots/v1/dataset/images/train/truffle_creme_brulee/truffle_creme_brulee_0038.jpg,train,occupied,truffle_creme_brulee,Crème Brûlée,IMG_1973_c019,IMG_1973.jpg,expanded_u2net,IMG_2026_r02_c04.jpg,IMG_2026.jpg,16,178,18,17,20260917
truffle_creme_brulee_0039,data/synthetic_slots/v1/dataset/images/train/truffle_creme_brulee/truffle_creme_brulee_0039.jpg,train,occupied,truffle_creme_brulee,Crème Brûlée,IMG_1973_c019,IMG_1973.jpg,expanded_u2net,IMG_2028_r02_c02.jpg,IMG_2028.jpg,30,178,22,17,20260917
truffle_creme_brulee_0040,data/synthetic_slots/v1/dataset/images/train/truffle_creme_brulee/truffle_creme_brulee_0040.jpg,train,occupied,truffle_creme_brulee,Crème Brûlée,IMG_1973_c019,IMG_1973.jpg,expanded_u2net,IMG_2033_r06_c05.jpg,IMG_2033.jpg,50,165,34,35,20260917
truffle_creme_brulee_0041,data/synthetic_slots/v1/dataset/images/train/truffle_creme_brulee/truffle_creme_brulee_0041.jpg,train,occupied,truffle_creme_brulee,Crème Brûlée,IMG_1973_c019,IMG_1973.jpg,expanded_u2net,IMG_2021_r01_c02.jpg,IMG_2021.jpg,6,169,24,28,20260917
truffle_creme_brulee_0042,data/synthetic_slots/v1/dataset/images/train/truffle_creme_brulee/truffle_creme_brulee_0042.jpg,train,occupied,truffle_creme_brulee,Crème Brûlée,IMG_1973_c019,IMG_1973.jpg,expanded_u2net,IMG_2025_r04_c02.jpg,IMG_2025.jpg,16,154,32,27,20260917
truffle_creme_brulee_0043,data/synthetic_slots/v1/dataset/images/train/truffle_creme_brulee/truffle_creme_brulee_0043.jpg,train,occupied,truffle_creme_brulee,Crème Brûlée,IMG_1973_c019,IMG_1973.jpg,expanded_u2net,IMG_2028_r04_c04.jpg,IMG_2028.jpg,30,148,46,43,20260917
truffle_creme_brulee_0044,data/synthetic_slots/v1/dataset/images/train/truffle_creme_brulee/truffle_creme_brulee_0044.jpg,train,occupied,truffle_creme_brulee,Crème Brûlée,IMG_1973_c019,IMG_1973.jpg,expanded_u2net,IMG_2033_r06_c03.jpg,IMG_2033.jpg,50,170,30,23,20260917
truffle_creme_brulee_0045,data/synthetic_slots/v1/dataset/images/train/truffle_creme_brulee/truffle_creme_brulee_0045.jpg,train,occupied,truffle_creme_brulee,Crème Brûlée,IMG_1973_c019,IMG_1973.jpg,expanded_u2net,IMG_2021_r01_c02.jpg,IMG_2021.jpg,6,163,27,29,20260917
truffle_creme_brulee_0046,data/synthetic_slots/v1/dataset/images/train/truffle_creme_brulee/truffle_creme_brulee_0046.jpg,train,occupied,truffle_creme_brulee,Crème Brûlée,IMG_1973_c019,IMG_1973.jpg,expanded_u2net,IMG_2025_r03_c03.jpg,IMG_2025.jpg,16,160,25,24,20260917
truffle_creme_brulee_0047,data/synthetic_slots/v1/dataset/images/train/truffle_creme_brulee/truffle_creme_brulee_0047.jpg,train,occupied,truffle_creme_brulee,Crème Brûlée,IMG_1973_c019,IMG_1973.jpg,expanded_u2net,IMG_2029_r05_c04.jpg,IMG_2029.jpg,30,148,30,45,20260917
truffle_creme_brulee_0048,data/synthetic_slots/v1/dataset/images/train/truffle_creme_brulee/truffle_creme_brulee_0048.jpg,train,occupied,truffle_creme_brulee,Crème Brûlée,IMG_1973_c019,IMG_1973.jpg,expanded_u2net,IMG_2032_r10_c05.jpg,IMG_2032.jpg,50,168,37,21,20260917
truffle_creme_brulee_0049,data/synthetic_slots/v1/dataset/images/train/truffle_creme_brulee/truffle_creme_brulee_0049.jpg,train,occupied,truffle_creme_brulee,Crème Brûlée,IMG_1973_c019,IMG_1973.jpg,expanded_u2net,IMG_2021_r01_c02.jpg,IMG_2021.jpg,6,146,37,34,20260917
truffle_creme_brulee_0050,data/synthetic_slots/v1/dataset/images/train/truffle_creme_brulee/truffle_creme_brulee_0050.jpg,train,occupied,truffle_creme_brulee,Crème Brûlée,IMG_1973_c019,IMG_1973.jpg,expanded_u2net,IMG_2024_r04_c04.jpg,IMG_2024.jpg,16,181,29,24,20260917
truffle_creme_brulee_0051,data/synthetic_slots/v1/dataset/images/train/truffle_creme_brulee/truffle_creme_brulee_0051.jpg,train,occupied,truffle_creme_brulee,Crème Brûlée,IMG_1973_c019,IMG_1973.jpg,expanded_u2net,IMG_2028_r01_c01.jpg,IMG_2028.jpg,30,157,33,28,20260917
truffle_creme_brulee_0052,data/synthetic_slots/v1/dataset/images/train/truffle_creme_brulee/truffle_creme_brulee_0052.jpg,train,occupied,truffle_creme_brulee,Crème Brûlée,IMG_1973_c019,IMG_1973.jpg,expanded_u2net,IMG_2033_r07_c03.jpg,IMG_2033.jpg,50,146,35,48,20260917
truffle_creme_brulee_0053,data/synthetic_slots/v1/dataset/images/train/truffle_creme_brulee/truffle_creme_brulee_0053.jpg,train,occupied,truffle_creme_brulee,Crème Brûlée,IMG_1973_c019,IMG_1973.jpg,expanded_u2net,IMG_2021_r01_c01.jpg,IMG_2021.jpg,6,163,21,28,20260917
truffle_creme_brulee_0054,data/synthetic_slots/v1/dataset/images/train/truffle_creme_brulee/truffle_creme_brulee_0054.jpg,train,occupied,truffle_creme_brulee,Crème Brûlée,IMG_1973_c019,IMG_1973.jpg,expanded_u2net,IMG_2025_r01_c01.jpg,IMG_2025.jpg,16,175,23,17,20260917
truffle_creme_brulee_0055,data/synthetic_slots/v1/dataset/images/train/truffle_creme_brulee/truffle_creme_brulee_0055.jpg,train,occupied,truffle_creme_brulee,Crème Brûlée,IMG_1973_c019,IMG_1973.jpg,expanded_u2net,IMG_2029_r04_c01.jpg,IMG_2029.jpg,30,149,30,40,20260917
truffle_creme_brulee_0056,data/synthetic_slots/v1/dataset/images/train/truffle_creme_brulee/truffle_creme_brulee_0056.jpg,train,occupied,truffle_creme_brulee,Crème Brûlée,IMG_1973_c019,IMG_1973.jpg,expanded_u2net,IMG_2033_r02_c03.jpg,IMG_2033.jpg,50,173,17,21,20260917
truffle_creme_brulee_0057,data/synthetic_slots/v1/dataset/images/train/truffle_creme_brulee/truffle_creme_brulee_0057.jpg,train,occupied,truffle_creme_brulee,Crème Brûlée,IMG_1973_c019,IMG_1973.jpg,expanded_u2net,IMG_2021_r01_c01.jpg,IMG_2021.jpg,6,149,34,44,20260917
truffle_creme_brulee_0058,data/synthetic_slots/v1/dataset/images/train/truffle_creme_brulee/truffle_creme_brulee_0058.jpg,train,occupied,truffle_creme_brulee,Crème Brûlée,IMG_1973_c019,IMG_1973.jpg,expanded_u2net,IMG_2025_r02_c04.jpg,IMG_2025.jpg,16,162,23,23,20260917
truffle_creme_brulee_0059,data/synthetic_slots/v1/dataset/images/train/truffle_creme_brulee/truffle_creme_brulee_0059.jpg,train,occupied,truffle_creme_brulee,Crème Brûlée,IMG_1973_c019,IMG_1973.jpg,expanded_u2net,IMG_2027_r05_c05.jpg,IMG_2027.jpg,30,159,35,32,20260917
truffle_creme_brulee_0060,data/synthetic_slots/v1/dataset/images/train/truffle_creme_brulee/truffle_creme_brulee_0060.jpg,train,occupied,truffle_creme_brulee,Crème Brûlée,IMG_1973_c019,IMG_1973.jpg,expanded_u2net,IMG_2033_r07_c02.jpg,IMG_2033.jpg,50,164,36,37,20260917
truffle_creme_brulee_0061,data/synthetic_slots/v1/dataset/images/train/truffle_creme_brulee/truffle_creme_brulee_0061.jpg,train,occupied,truffle_creme_brulee,Crème Brûlée,IMG_1973_c019,IMG_1973.jpg,expanded_u2net,IMG_2019_r02_c02.jpg,IMG_2019.jpg,6,153,38,37,20260917
truffle_creme_brulee_0062,data/synthetic_slots/v1/dataset/images/train/truffle_creme_brulee/truffle_creme_brulee_0062.jpg,train,occupied,truffle_creme_brulee,Crème Brûlée,IMG_1973_c019,IMG_1973.jpg,expanded_u2net,IMG_2025_r01_c01.jpg,IMG_2025.jpg,16,153,28,42,20260917
truffle_creme_brulee_0063,data/synthetic_slots/v1/dataset/images/train/truffle_creme_brulee/truffle_creme_brulee_0063.jpg,train,occupied,truffle_creme_brulee,Crème Brûlée,IMG_1973_c019,IMG_1973.jpg,expanded_u2net,IMG_2027_r01_c04.jpg,IMG_2027.jpg,30,177,21,33,20260917
truffle_creme_brulee_0064,data/synthetic_slots/v1/dataset/images/train/truffle_creme_brulee/truffle_creme_brulee_0064.jpg,train,occupied,truffle_creme_brulee,Crème Brûlée,IMG_1973_c019,IMG_1973.jpg,expanded_u2net,IMG_2031_r10_c01.jpg,IMG_2031.jpg,50,171,32,29,20260917
truffle_creme_brulee_0065,data/synthetic_slots/v1/dataset/images/train/truffle_creme_brulee/truffle_creme_brulee_0065.jpg,train,occupied,truffle_creme_brulee,Crème Brûlée,IMG_1973_c019,IMG_1973.jpg,expanded_u2net,IMG_2021_r01_c01.jpg,IMG_2021.jpg,6,184,25,19,20260917
truffle_creme_brulee_0066,data/synthetic_slots/v1/dataset/images/train/truffle_creme_brulee/truffle_creme_brulee_0066.jpg,train,occupied,truffle_creme_brulee,Crème Brûlée,IMG_1973_c019,IMG_1973.jpg,expanded_u2net,IMG_2026_r03_c02.jpg,IMG_2026.jpg,16,150,42,33,20260917
truffle_creme_brulee_0067,data/synthetic_slots/v1/dataset/images/train/truffle_creme_brulee/truffle_creme_brulee_0067.jpg,train,occupied,truffle_creme_brulee,Crème Brûlée,IMG_1973_c019,IMG_1973.jpg,expanded_u2net,IMG_2028_r02_c01.jpg,IMG_2028.jpg,30,165,33,31,20260917
truffle_creme_brulee_0068,data/synthetic_slots/v1/dataset/images/train/truffle_creme_brulee/truffle_creme_brulee_0068.jpg,train,occupied,truffle_creme_brulee,Crème Brûlée,IMG_1973_c019,IMG_1973.jpg,expanded_u2net,IMG_2032_r03_c03.jpg,IMG_2032.jpg,50,166,24,35,20260917
truffle_creme_brulee_0069,data/synthetic_slots/v1/dataset/images/train/truffle_creme_brulee/truffle_creme_brulee_0069.jpg,train,occupied,truffle_creme_brulee,Crème Brûlée,IMG_1973_c019,IMG_1973.jpg,expanded_u2net,IMG_2021_r02_c01.jpg,IMG_2021.jpg,6,146,36,45,20260917
truffle_creme_brulee_0070,data/synthetic_slots/v1/dataset/images/train/truffle_creme_brulee/truffle_creme_brulee_0070.jpg,train,occupied,truffle_creme_brulee,Crème Brûlée,IMG_1973_c019,IMG_1973.jpg,expanded_u2net,IMG_2024_r03_c04.jpg,IMG_2024.jpg,16,151,33,29,20260917
truffle_creme_brulee_0071,data/synthetic_slots/v1/dataset/images/train/truffle_creme_brulee/truffle_creme_brulee_0071.jpg,train,occupied,truffle_creme_brulee,Crème Brûlée,IMG_1973_c019,IMG_1973.jpg,expanded_u2net,IMG_2027_r03_c02.jpg,IMG_2027.jpg,30,170,18,27,20260917
truffle_creme_brulee_0072,data/synthetic_slots/v1/dataset/images/train/truffle_creme_brulee/truffle_creme_brulee_0072.jpg,train,occupied,truffle_creme_brulee,Crème Brûlée,IMG_1973_c019,IMG_1973.jpg,expanded_u2net,IMG_2033_r06_c02.jpg,IMG_2033.jpg,50,183,26,22,20260917
truffle_creme_brulee_0073,data/synthetic_slots/v1/dataset/images/train/truffle_creme_brulee/truffle_creme_brulee_0073.jpg,train,occupied,truffle_creme_brulee,Crème Brûlée,IMG_1973_c019,IMG_1973.jpg,expanded_u2net,IMG_2019_r02_c01.jpg,IMG_2019.jpg,6,184,19,21,20260917
truffle_creme_brulee_0074,data/synthetic_slots/v1/dataset/images/train/truffle_creme_brulee/truffle_creme_brulee_0074.jpg,train,occupied,truffle_creme_brulee,Crème Brûlée,IMG_1973_c019,IMG_1973.jpg,expanded_u2net,IMG_2025_r04_c03.jpg,IMG_2025.jpg,16,157,34,27,20260917
truffle_creme_brulee_0075,data/synthetic_slots/v1/dataset/images/train/truffle_creme_brulee/truffle_creme_brulee_0075.jpg,train,occupied,truffle_creme_brulee,Crème Brûlée,IMG_1973_c019,IMG_1973.jpg,expanded_u2net,IMG_2027_r03_c02.jpg,IMG_2027.jpg,30,160,34,29,20260917
truffle_creme_brulee_0076,data/synthetic_slots/v1/dataset/images/train/truffle_creme_brulee/truffle_creme_brulee_0076.jpg,train,occupied,truffle_creme_brulee,Crème Brûlée,IMG_1973_c019,IMG_1973.jpg,expanded_u2net,IMG_2031_r05_c01.jpg,IMG_2031.jpg,50,178,31,31,20260917
truffle_creme_brulee_0077,data/synthetic_slots/v1/dataset/images/train/truffle_creme_brulee/truffle_creme_brulee_0077.jpg,train,occupied,truffle_creme_brulee,Crème Brûlée,IMG_1973_c019,IMG_1973.jpg,expanded_u2net,IMG_2019_r03_c01.jpg,IMG_2019.jpg,6,156,42,39,20260917
truffle_creme_brulee_0078,data/synthetic_slots/v1/dataset/images/train/truffle_creme_brulee/truffle_creme_brulee_0078.jpg,train,occupied,truffle_creme_brulee,Crème Brûlée,IMG_1973_c019,IMG_1973.jpg,expanded_u2net,IMG_2026_r01_c03.jpg,IMG_2026.jpg,16,164,35,34,20260917
truffle_creme_brulee_0079,data/synthetic_slots/v1/dataset/images/train/truffle_creme_brulee/truffle_creme_brulee_0079.jpg,train,occupied,truffle_creme_brulee,Crème Brûlée,IMG_1973_c019,IMG_1973.jpg,expanded_u2net,IMG_2027_r06_c01.jpg,IMG_2027.jpg,30,153,30,45,20260917
truffle_creme_brulee_0080,data/synthetic_slots/v1/dataset/images/train/truffle_creme_brulee/truffle_creme_brulee_0080.jpg,train,occupied,truffle_creme_brulee,Crème Brûlée,IMG_1973_c019,IMG_1973.jpg,expanded_u2net,IMG_2032_r02_c01.jpg,IMG_2032.jpg,50,179,17,27,20260917
truffle_creme_brulee_0081,data/synthetic_slots/v1/dataset/images/validation/truffle_creme_brulee/truffle_creme_brulee_0081.jpg,validation,occupied,truffle_creme_brulee,Crème Brûlée,IMG_1973_c019,IMG_1973.jpg,expanded_u2net,IMG_2020_r02_c02.jpg,IMG_2020.jpg,6,151,31,31,20260917
truffle_creme_brulee_0082,data/synthetic_slots/v1/dataset/images/validation/truffle_creme_brulee/truffle_creme_brulee_0082.jpg,validation,occupied,truffle_creme_brulee,Crème Brûlée,IMG_1973_c019,IMG_1973.jpg,expanded_u2net,IMG_2023_r04_c03.jpg,IMG_2023.jpg,16,154,32,39,20260917
truffle_creme_brulee_0083,data/synthetic_slots/v1/dataset/images/validation/truffle_creme_brulee/truffle_creme_brulee_0083.jpg,validation,occupied,truffle_creme_brulee,Crème Brûlée,IMG_1973_c019,IMG_1973.jpg,expanded_u2net,IMG_2030_r01_c05.jpg,IMG_2030.jpg,30,155,31,27,20260917
truffle_creme_brulee_0084,data/synthetic_slots/v1/dataset/images/validation/truffle_creme_brulee/truffle_creme_brulee_0084.jpg,validation,occupied,truffle_creme_brulee,Crème Brûlée,IMG_1973_c019,IMG_1973.jpg,expanded_u2net,IMG_2034_r10_c02.jpg,IMG_2034.jpg,50,185,21,26,20260917
truffle_creme_brulee_0085,data/synthetic_slots/v1/dataset/images/validation/truffle_creme_brulee/truffle_creme_brulee_0085.jpg,validation,occupied,truffle_creme_brulee,Crème Brûlée,IMG_1973_c019,IMG_1973.jpg,expanded_u2net,IMG_2020_r01_c02.jpg,IMG_2020.jpg,6,155,25,28,20260917
truffle_creme_brulee_0086,data/synthetic_slots/v1/dataset/images/validation/truffle_creme_brulee/truffle_creme_brulee_0086.jpg,validation,occupied,truffle_creme_brulee,Crème Brûlée,IMG_1973_c019,IMG_1973.jpg,expanded_u2net,IMG_2023_r03_c02.jpg,IMG_2023.jpg,16,183,20,19,20260917
truffle_creme_brulee_0087,data/synthetic_slots/v1/dataset/images/validation/truffle_creme_brulee/truffle_creme_brulee_0087.jpg,validation,occupied,truffle_creme_brulee,Crème Brûlée,IMG_1973_c019,IMG_1973.jpg,expanded_u2net,IMG_2030_r06_c05.jpg,IMG_2030.jpg,30,154,27,34,20260917
truffle_creme_brulee_0088,data/synthetic_slots/v1/dataset/images/validation/truffle_creme_brulee/truffle_creme_brulee_0088.jpg,validation,occupied,truffle_creme_brulee,Crème Brûlée,IMG_1973_c019,IMG_1973.jpg,expanded_u2net,IMG_2034_r04_c03.jpg,IMG_2034.jpg,50,158,32,33,20260917
truffle_creme_brulee_0089,data/synthetic_slots/v1/dataset/images/validation/truffle_creme_brulee/truffle_creme_brulee_0089.jpg,validation,occupied,truffle_creme_brulee,Crème Brûlée,IMG_1973_c019,IMG_1973.jpg,expanded_u2net,IMG_2020_r02_c01.jpg,IMG_2020.jpg,6,180,29,19,20260917
truffle_creme_brulee_0090,data/synthetic_slots/v1/dataset/images/validation/truffle_creme_brulee/truffle_creme_brulee_0090.jpg,validation,occupied,truffle_creme_brulee,Crème Brûlée,IMG_1973_c019,IMG_1973.jpg,expanded_u2net,IMG_2023_r03_c02.jpg,IMG_2023.jpg,16,179,14,23,20260917
truffle_creme_brulee_0091,data/synthetic_slots/v1/dataset/images/validation/truffle_creme_brulee/truffle_creme_brulee_0091.jpg,validation,occupied,truffle_creme_brulee,Crème Brûlée,IMG_1973_c019,IMG_1973.jpg,expanded_u2net,IMG_2030_r02_c02.jpg,IMG_2030.jpg,30,183,25,14,20260917
truffle_creme_brulee_0092,data/synthetic_slots/v1/dataset/images/validation/truffle_creme_brulee/truffle_creme_brulee_0092.jpg,validation,occupied,truffle_creme_brulee,Crème Brûlée,IMG_1973_c019,IMG_1973.jpg,expanded_u2net,IMG_2034_r06_c02.jpg,IMG_2034.jpg,50,183,19,26,20260917
truffle_creme_brulee_0093,data/synthetic_slots/v1/dataset/images/validation/truffle_creme_brulee/truffle_creme_brulee_0093.jpg,validation,occupied,truffle_creme_brulee,Crème Brûlée,IMG_1973_c019,IMG_1973.jpg,expanded_u2net,IMG_2020_r02_c01.jpg,IMG_2020.jpg,6,150,30,37,20260917
truffle_creme_brulee_0094,data/synthetic_slots/v1/dataset/images/validation/truffle_creme_brulee/truffle_creme_brulee_0094.jpg,validation,occupied,truffle_creme_brulee,Crème Brûlée,IMG_1973_c019,IMG_1973.jpg,expanded_u2net,IMG_2023_r03_c01.jpg,IMG_2023.jpg,16,181,25,30,20260917
truffle_creme_brulee_0095,data/synthetic_slots/v1/dataset/images/validation/truffle_creme_brulee/truffle_creme_brulee_0095.jpg,validation,occupied,truffle_creme_brulee,Crème Brûlée,IMG_1973_c019,IMG_1973.jpg,expanded_u2net,IMG_2030_r03_c05.jpg,IMG_2030.jpg,30,146,44,41,20260917
truffle_creme_brulee_0096,data/synthetic_slots/v1/dataset/images/validation/truffle_creme_brulee/truffle_creme_brulee_0096.jpg,validation,occupied,truffle_creme_brulee,Crème Brûlée,IMG_1973_c019,IMG_1973.jpg,expanded_u2net,IMG_2034_r09_c02.jpg,IMG_2034.jpg,50,175,21,27,20260917
truffle_creme_brulee_0097,data/synthetic_slots/v1/dataset/images/validation/truffle_creme_brulee/truffle_creme_brulee_0097.jpg,validation,occupied,truffle_creme_brulee,Crème Brûlée,IMG_1973_c019,IMG_1973.jpg,expanded_u2net,IMG_2020_r03_c02.jpg,IMG_2020.jpg,6,161,25,39,20260917
truffle_creme_brulee_0098,data/synthetic_slots/v1/dataset/images/validation/truffle_creme_brulee/truffle_creme_brulee_0098.jpg,validation,occupied,truffle_creme_brulee,Crème Brûlée,IMG_1973_c019,IMG_1973.jpg,expanded_u2net,IMG_2023_r03_c03.jpg,IMG_2023.jpg,16,182,14,17,20260917
truffle_creme_brulee_0099,data/synthetic_slots/v1/dataset/images/validation/truffle_creme_brulee/truffle_creme_brulee_0099.jpg,validation,occupied,truffle_creme_brulee,Crème Brûlée,IMG_1973_c019,IMG_1973.jpg,expanded_u2net,IMG_2030_r02_c04.jpg,IMG_2030.jpg,30,155,40,44,20260917
truffle_creme_brulee_0100,data/synthetic_slots/v1/dataset/images/validation/truffle_creme_brulee/truffle_creme_brulee_0100.jpg,validation,occupied,truffle_creme_brulee,Crème Brûlée,IMG_1973_c019,IMG_1973.jpg,expanded_u2net,IMG_2034_r06_c04.jpg,IMG_2034.jpg,50,178,32,21,20260917
truffle_dulce_de_leche_0001,data/synthetic_slots/v1/dataset/images/train/truffle_dulce_de_leche/truffle_dulce_de_leche_0001.jpg,train,occupied,truffle_dulce_de_leche,Dulce de Leche,IMG_1961_c001,IMG_1961.jpg,manual_polygon,IMG_2019_r03_c02.jpg,IMG_2019.jpg,6,145,48,35,20260917
truffle_dulce_de_leche_0002,data/synthetic_slots/v1/dataset/images/train/truffle_dulce_de_leche/truffle_dulce_de_leche_0002.jpg,train,occupied,truffle_dulce_de_leche,Dulce de Leche,IMG_1961_c001,IMG_1961.jpg,manual_polygon,IMG_2025_r01_c04.jpg,IMG_2025.jpg,16,157,29,36,20260917
truffle_dulce_de_leche_0003,data/synthetic_slots/v1/dataset/images/train/truffle_dulce_de_leche/truffle_dulce_de_leche_0003.jpg,train,occupied,truffle_dulce_de_leche,Dulce de Leche,IMG_1961_c001,IMG_1961.jpg,manual_polygon,IMG_2029_r05_c03.jpg,IMG_2029.jpg,30,181,22,21,20260917
truffle_dulce_de_leche_0004,data/synthetic_slots/v1/dataset/images/train/truffle_dulce_de_leche/truffle_dulce_de_leche_0004.jpg,train,occupied,truffle_dulce_de_leche,Dulce de Leche,IMG_1961_c001,IMG_1961.jpg,manual_polygon,IMG_2033_r01_c05.jpg,IMG_2033.jpg,50,146,46,41,20260917
truffle_dulce_de_leche_0005,data/synthetic_slots/v1/dataset/images/train/truffle_dulce_de_leche/truffle_dulce_de_leche_0005.jpg,train,occupied,truffle_dulce_de_leche,Dulce de Leche,IMG_1961_c001,IMG_1961.jpg,manual_polygon,IMG_2021_r01_c01.jpg,IMG_2021.jpg,6,165,24,29,20260917
truffle_dulce_de_leche_0006,data/synthetic_slots/v1/dataset/images/train/truffle_dulce_de_leche/truffle_dulce_de_leche_0006.jpg,train,occupied,truffle_dulce_de_leche,Dulce de Leche,IMG_1961_c001,IMG_1961.jpg,manual_polygon,IMG_2026_r01_c04.jpg,IMG_2026.jpg,16,180,20,18,20260917
truffle_dulce_de_leche_0007,data/synthetic_slots/v1/dataset/images/train/truffle_dulce_de_leche/truffle_dulce_de_leche_0007.jpg,train,occupied,truffle_dulce_de_leche,Dulce de Leche,IMG_1961_c001,IMG_1961.jpg,manual_polygon,IMG_2027_r04_c01.jpg,IMG_2027.jpg,30,151,45,37,20260917
truffle_dulce_de_leche_0008,data/synthetic_slots/v1/dataset/images/train/truffle_dulce_de_leche/truffle_dulce_de_leche_0008.jpg,train,occupied,truffle_dulce_de_leche,Dulce de Leche,IMG_1961_c001,IMG_1961.jpg,manual_polygon,IMG_2033_r08_c03.jpg,IMG_2033.jpg,50,160,31,42,20260917
truffle_dulce_de_leche_0009,data/synthetic_slots/v1/dataset/images/train/truffle_dulce_de_leche/truffle_dulce_de_leche_0009.jpg,train,occupied,truffle_dulce_de_leche,Dulce de Leche,IMG_1961_c001,IMG_1961.jpg,manual_polygon,IMG_2019_r01_c01.jpg,IMG_2019.jpg,6,157,26,31,20260917
truffle_dulce_de_leche_0010,data/synthetic_slots/v1/dataset/images/train/truffle_dulce_de_leche/truffle_dulce_de_leche_0010.jpg,train,occupied,truffle_dulce_de_leche,Dulce de Leche,IMG_1961_c001,IMG_1961.jpg,manual_polygon,IMG_2025_r01_c02.jpg,IMG_2025.jpg,16,183,29,23,20260917
truffle_dulce_de_leche_0011,data/synthetic_slots/v1/dataset/images/train/truffle_dulce_de_leche/truffle_dulce_de_leche_0011.jpg,train,occupied,truffle_dulce_de_leche,Dulce de Leche,IMG_1961_c001,IMG_1961.jpg,manual_polygon,IMG_2027_r06_c03.jpg,IMG_2027.jpg,30,147,41,45,20260917
truffle_dulce_de_leche_0012,data/synthetic_slots/v1/dataset/images/train/truffle_dulce_de_leche/truffle_dulce_de_leche_0012.jpg,train,occupied,truffle_dulce_de_leche,Dulce de Leche,IMG_1961_c001,IMG_1961.jpg,manual_polygon,IMG_2031_r09_c01.jpg,IMG_2031.jpg,50,168,35,25,20260917
truffle_dulce_de_leche_0013,data/synthetic_slots/v1/dataset/images/train/truffle_dulce_de_leche/truffle_dulce_de_leche_0013.jpg,train,occupied,truffle_dulce_de_leche,Dulce de Leche,IMG_1961_c001,IMG_1961.jpg,manual_polygon,IMG_2021_r03_c02.jpg,IMG_2021.jpg,6,175,28,22,20260917
truffle_dulce_de_leche_0014,data/synthetic_slots/v1/dataset/images/train/truffle_dulce_de_leche/truffle_dulce_de_leche_0014.jpg,train,occupied,truffle_dulce_de_leche,Dulce de Leche,IMG_1961_c001,IMG_1961.jpg,manual_polygon,IMG_2024_r04_c01.jpg,IMG_2024.jpg,16,157,42,34,20260917
truffle_dulce_de_leche_0015,data/synthetic_slots/v1/dataset/images/train/truffle_dulce_de_leche/truffle_dulce_de_leche_0015.jpg,train,occupied,truffle_dulce_de_leche,Dulce de Leche,IMG_1961_c001,IMG_1961.jpg,manual_polygon,IMG_2029_r03_c01.jpg,IMG_2029.jpg,30,155,26,40,20260917
truffle_dulce_de_leche_0016,data/synthetic_slots/v1/dataset/images/train/truffle_dulce_de_leche/truffle_dulce_de_leche_0016.jpg,train,occupied,truffle_dulce_de_leche,Dulce de Leche,IMG_1961_c001,IMG_1961.jpg,manual_polygon,IMG_2033_r01_c04.jpg,IMG_2033.jpg,50,181,12,18,20260917
truffle_dulce_de_leche_0017,data/synthetic_slots/v1/dataset/images/train/truffle_dulce_de_leche/truffle_dulce_de_leche_0017.jpg,train,occupied,truffle_dulce_de_leche,Dulce de Leche,IMG_1961_c001,IMG_1961.jpg,manual_polygon,IMG_2021_r01_c01.jpg,IMG_2021.jpg,6,166,32,39,20260917
truffle_dulce_de_leche_0018,data/synthetic_slots/v1/dataset/images/train/truffle_dulce_de_leche/truffle_dulce_de_leche_0018.jpg,train,occupied,truffle_dulce_de_leche,Dulce de Leche,IMG_1961_c001,IMG_1961.jpg,manual_polygon,IMG_2024_r01_c04.jpg,IMG_2024.jpg,16,182,13,15,20260917
truffle_dulce_de_leche_0019,data/synthetic_slots/v1/dataset/images/train/truffle_dulce_de_leche/truffle_dulce_de_leche_0019.jpg,train,occupied,truffle_dulce_de_leche,Dulce de Leche,IMG_1961_c001,IMG_1961.jpg,manual_polygon,IMG_2029_r02_c02.jpg,IMG_2029.jpg,30,158,38,34,20260917
truffle_dulce_de_leche_0020,data/synthetic_slots/v1/dataset/images/train/truffle_dulce_de_leche/truffle_dulce_de_leche_0020.jpg,train,occupied,truffle_dulce_de_leche,Dulce de Leche,IMG_1961_c001,IMG_1961.jpg,manual_polygon,IMG_2033_r02_c04.jpg,IMG_2033.jpg,50,172,33,23,20260917
truffle_dulce_de_leche_0021,data/synthetic_slots/v1/dataset/images/train/truffle_dulce_de_leche/truffle_dulce_de_leche_0021.jpg,train,occupied,truffle_dulce_de_leche,Dulce de Leche,IMG_1961_c001,IMG_1961.jpg,manual_polygon,IMG_2021_r03_c02.jpg,IMG_2021.jpg,6,146,30,46,20260917
truffle_dulce_de_leche_0022,data/synthetic_slots/v1/dataset/images/train/truffle_dulce_de_leche/truffle_dulce_de_leche_0022.jpg,train,occupied,truffle_dulce_de_leche,Dulce de Leche,IMG_1961_c001,IMG_1961.jpg,manual_polygon,IMG_2026_r02_c04.jpg,IMG_2026.jpg,16,148,43,31,20260917
truffle_dulce_de_leche_0023,data/synthetic_slots/v1/dataset/images/train/truffle_dulce_de_leche/truffle_dulce_de_leche_0023.jpg,train,occupied,truffle_dulce_de_leche,Dulce de Leche,IMG_1961_c001,IMG_1961.jpg,manual_polygon,IMG_2027_r01_c04.jpg,IMG_2027.jpg,30,156,32,37,20260917
truffle_dulce_de_leche_0024,data/synthetic_slots/v1/dataset/images/train/truffle_dulce_de_leche/truffle_dulce_de_leche_0024.jpg,train,occupied,truffle_dulce_de_leche,Dulce de Leche,IMG_1961_c001,IMG_1961.jpg,manual_polygon,IMG_2033_r02_c01.jpg,IMG_2033.jpg,50,169,30,25,20260917
truffle_dulce_de_leche_0025,data/synthetic_slots/v1/dataset/images/train/truffle_dulce_de_leche/truffle_dulce_de_leche_0025.jpg,train,occupied,truffle_dulce_de_leche,Dulce de Leche,IMG_1961_c001,IMG_1961.jpg,manual_polygon,IMG_2019_r01_c01.jpg,IMG_2019.jpg,6,158,40,37,20260917
truffle_dulce_de_leche_0026,data/synthetic_slots/v1/dataset/images/train/truffle_dulce_de_leche/truffle_dulce_de_leche_0026.jpg,train,occupied,truffle_dulce_de_leche,Dulce de Leche,IMG_1961_c001,IMG_1961.jpg,manual_polygon,IMG_2024_r03_c04.jpg,IMG_2024.jpg,16,158,40,28,20260917
truffle_dulce_de_leche_0027,data/synthetic_slots/v1/dataset/images/train/truffle_dulce_de_leche/truffle_dulce_de_leche_0027.jpg,train,occupied,truffle_dulce_de_leche,Dulce de Leche,IMG_1961_c001,IMG_1961.jpg,manual_polygon,IMG_2028_r01_c05.jpg,IMG_2028.jpg,30,174,21,22,20260917
truffle_dulce_de_leche_0028,data/synthetic_slots/v1/dataset/images/train/truffle_dulce_de_leche/truffle_dulce_de_leche_0028.jpg,train,occupied,truffle_dulce_de_leche,Dulce de Leche,IMG_1961_c001,IMG_1961.jpg,manual_polygon,IMG_2031_r07_c03.jpg,IMG_2031.jpg,50,155,28,42,20260917
truffle_dulce_de_leche_0029,data/synthetic_slots/v1/dataset/images/train/truffle_dulce_de_leche/truffle_dulce_de_leche_0029.jpg,train,occupied,truffle_dulce_de_leche,Dulce de Leche,IMG_1961_c001,IMG_1961.jpg,manual_polygon,IMG_2021_r01_c02.jpg,IMG_2021.jpg,6,153,37,43,20260917
truffle_dulce_de_leche_0030,data/synthetic_slots/v1/dataset/images/train/truffle_dulce_de_leche/truffle_dulce_de_leche_0030.jpg,train,occupied,truffle_dulce_de_leche,Dulce de Leche,IMG_1961_c001,IMG_1961.jpg,manual_polygon,IMG_2024_r03_c02.jpg,IMG_2024.jpg,16,175,22,30,20260917
truffle_dulce_de_leche_0031,data/synthetic_slots/v1/dataset/images/train/truffle_dulce_de_leche/truffle_dulce_de_leche_0031.jpg,train,occupied,truffle_dulce_de_leche,Dulce de Leche,IMG_1961_c001,IMG_1961.jpg,manual_polygon,IMG_2029_r01_c05.jpg,IMG_2029.jpg,30,146,34,47,20260917
truffle_dulce_de_leche_0032,data/synthetic_slots/v1/dataset/images/train/truffle_dulce_de_leche/truffle_dulce_de_leche_0032.jpg,train,occupied,truffle_dulce_de_leche,Dulce de Leche,IMG_1961_c001,IMG_1961.jpg,manual_polygon,IMG_2031_r01_c04.jpg,IMG_2031.jpg,50,161,25,32,20260917
truffle_dulce_de_leche_0033,data/synthetic_slots/v1/dataset/images/train/truffle_dulce_de_leche/truffle_dulce_de_leche_0033.jpg,train,occupied,truffle_dulce_de_leche,Dulce de Leche,IMG_1961_c001,IMG_1961.jpg,manual_polygon,IMG_2019_r01_c01.jpg,IMG_2019.jpg,6,178,25,34,20260917
truffle_dulce_de_leche_0034,data/synthetic_slots/v1/dataset/images/train/truffle_dulce_de_leche/truffle_dulce_de_leche_0034.jpg,train,occupied,truffle_dulce_de_leche,Dulce de Leche,IMG_1961_c001,IMG_1961.jpg,manual_polygon,IMG_2026_r02_c02.jpg,IMG_2026.jpg,16,154,41,42,20260917
truffle_dulce_de_leche_0035,data/synthetic_slots/v1/dataset/images/train/truffle_dulce_de_leche/truffle_dulce_de_leche_0035.jpg,train,occupied,truffle_dulce_de_leche,Dulce de Leche,IMG_1961_c001,IMG_1961.jpg,manual_polygon,IMG_2027_r04_c05.jpg,IMG_2027.jpg,30,148,44,32,20260917
truffle_dulce_de_leche_0036,data/synthetic_slots/v1/dataset/images/train/truffle_dulce_de_leche/truffle_dulce_de_leche_0036.jpg,train,occupied,truffle_dulce_de_leche,Dulce de Leche,IMG_1961_c001,IMG_1961.jpg,manual_polygon,IMG_2031_r08_c02.jpg,IMG_2031.jpg,50,159,40,27,20260917
truffle_dulce_de_leche_0037,data/synthetic_slots/v1/dataset/images/train/truffle_dulce_de_leche/truffle_dulce_de_leche_0037.jpg,train,occupied,truffle_dulce_de_leche,Dulce de Leche,IMG_1961_c001,IMG_1961.jpg,manual_polygon,IMG_2021_r03_c02.jpg,IMG_2021.jpg,6,175,31,27,20260917
truffle_dulce_de_leche_0038,data/synthetic_slots/v1/dataset/images/train/truffle_dulce_de_leche/truffle_dulce_de_leche_0038.jpg,train,occupied,truffle_dulce_de_leche,Dulce de Leche,IMG_1961_c001,IMG_1961.jpg,manual_polygon,IMG_2024_r03_c01.jpg,IMG_2024.jpg,16,152,34,34,20260917
truffle_dulce_de_leche_0039,data/synthetic_slots/v1/dataset/images/train/truffle_dulce_de_leche/truffle_dulce_de_leche_0039.jpg,train,occupied,truffle_dulce_de_leche,Dulce de Leche,IMG_1961_c001,IMG_1961.jpg,manual_polygon,IMG_2028_r05_c04.jpg,IMG_2028.jpg,30,169,34,20,20260917
truffle_dulce_de_leche_0040,data/synthetic_slots/v1/dataset/images/train/truffle_dulce_de_leche/truffle_dulce_de_leche_0040.jpg,train,occupied,truffle_dulce_de_leche,Dulce de Leche,IMG_1961_c001,IMG_1961.jpg,manual_polygon,IMG_2032_r09_c05.jpg,IMG_2032.jpg,50,149,42,42,20260917
truffle_dulce_de_leche_0041,data/synthetic_slots/v1/dataset/images/train/truffle_dulce_de_leche/truffle_dulce_de_leche_0041.jpg,train,occupied,truffle_dulce_de_leche,Dulce de Leche,IMG_1961_c001,IMG_1961.jpg,manual_polygon,IMG_2019_r03_c02.jpg,IMG_2019.jpg,6,176,24,24,20260917
truffle_dulce_de_leche_0042,data/synthetic_slots/v1/dataset/images/train/truffle_dulce_de_leche/truffle_dulce_de_leche_0042.jpg,train,occupied,truffle_dulce_de_leche,Dulce de Leche,IMG_1961_c001,IMG_1961.jpg,manual_polygon,IMG_2026_r04_c03.jpg,IMG_2026.jpg,16,154,34,31,20260917
truffle_dulce_de_leche_0043,data/synthetic_slots/v1/dataset/images/train/truffle_dulce_de_leche/truffle_dulce_de_leche_0043.jpg,train,occupied,truffle_dulce_de_leche,Dulce de Leche,IMG_1961_c001,IMG_1961.jpg,manual_polygon,IMG_2028_r03_c04.jpg,IMG_2028.jpg,30,150,40,34,20260917
truffle_dulce_de_leche_0044,data/synthetic_slots/v1/dataset/images/train/truffle_dulce_de_leche/truffle_dulce_de_leche_0044.jpg,train,occupied,truffle_dulce_de_leche,Dulce de Leche,IMG_1961_c001,IMG_1961.jpg,manual_polygon,IMG_2032_r09_c05.jpg,IMG_2032.jpg,50,167,24,37,20260917
truffle_dulce_de_leche_0045,data/synthetic_slots/v1/dataset/images/train/truffle_dulce_de_leche/truffle_dulce_de_leche_0045.jpg,train,occupied,truffle_dulce_de_leche,Dulce de Leche,IMG_1961_c001,IMG_1961.jpg,manual_polygon,IMG_2019_r01_c01.jpg,IMG_2019.jpg,6,183,15,22,20260917
truffle_dulce_de_leche_0046,data/synthetic_slots/v1/dataset/images/train/truffle_dulce_de_leche/truffle_dulce_de_leche_0046.jpg,train,occupied,truffle_dulce_de_leche,Dulce de Leche,IMG_1961_c001,IMG_1961.jpg,manual_polygon,IMG_2024_r04_c04.jpg,IMG_2024.jpg,16,173,30,21,20260917
truffle_dulce_de_leche_0047,data/synthetic_slots/v1/dataset/images/train/truffle_dulce_de_leche/truffle_dulce_de_leche_0047.jpg,train,occupied,truffle_dulce_de_leche,Dulce de Leche,IMG_1961_c001,IMG_1961.jpg,manual_polygon,IMG_2028_r02_c03.jpg,IMG_2028.jpg,30,155,39,31,20260917
truffle_dulce_de_leche_0048,data/synthetic_slots/v1/dataset/images/train/truffle_dulce_de_leche/truffle_dulce_de_leche_0048.jpg,train,occupied,truffle_dulce_de_leche,Dulce de Leche,IMG_1961_c001,IMG_1961.jpg,manual_polygon,IMG_2033_r10_c05.jpg,IMG_2033.jpg,50,170,22,31,20260917
truffle_dulce_de_leche_0049,data/synthetic_slots/v1/dataset/images/train/truffle_dulce_de_leche/truffle_dulce_de_leche_0049.jpg,train,occupied,truffle_dulce_de_leche,Dulce de Leche,IMG_1961_c001,IMG_1961.jpg,manual_polygon,IMG_2019_r02_c02.jpg,IMG_2019.jpg,6,149,46,40,20260917
truffle_dulce_de_leche_0050,data/synthetic_slots/v1/dataset/images/train/truffle_dulce_de_leche/truffle_dulce_de_leche_0050.jpg,train,occupied,truffle_dulce_de_leche,Dulce de Leche,IMG_1961_c001,IMG_1961.jpg,manual_polygon,IMG_2022_r02_c03.jpg,IMG_2022.jpg,16,181,28,17,20260917
truffle_dulce_de_leche_0051,data/synthetic_slots/v1/dataset/images/train/truffle_dulce_de_leche/truffle_dulce_de_leche_0051.jpg,train,occupied,truffle_dulce_de_leche,Dulce de Leche,IMG_1961_c001,IMG_1961.jpg,manual_polygon,IMG_2027_r04_c04.jpg,IMG_2027.jpg,30,185,19,17,20260917
truffle_dulce_de_leche_0052,data/synthetic_slots/v1/dataset/images/train/truffle_dulce_de_leche/truffle_dulce_de_leche_0052.jpg,train,occupied,truffle_dulce_de_leche,Dulce de Leche,IMG_1961_c001,IMG_1961.jpg,manual_polygon,IMG_2033_r06_c02.jpg,IMG_2033.jpg,50,177,30,23,20260917
truffle_dulce_de_leche_0053,data/synthetic_slots/v1/dataset/images/train/truffle_dulce_de_leche/truffle_dulce_de_leche_0053.jpg,train,occupied,truffle_dulce_de_leche,Dulce de Leche,IMG_1961_c001,IMG_1961.jpg,manual_polygon,IMG_2019_r01_c02.jpg,IMG_2019.jpg,6,148,40,34,20260917
truffle_dulce_de_leche_0054,data/synthetic_slots/v1/dataset/images/train/truffle_dulce_de_leche/truffle_dulce_de_leche_0054.jpg,train,occupied,truffle_dulce_de_leche,Dulce de Leche,IMG_1961_c001,IMG_1961.jpg,manual_polygon,IMG_2025_r04_c03.jpg,IMG_2025.jpg,16,170,22,33,20260917
truffle_dulce_de_leche_0055,data/synthetic_slots/v1/dataset/images/train/truffle_dulce_de_leche/truffle_dulce_de_leche_0055.jpg,train,occupied,truffle_dulce_de_leche,Dulce de Leche,IMG_1961_c001,IMG_1961.jpg,manual_polygon,IMG_2027_r03_c03.jpg,IMG_2027.jpg,30,162,31,33,20260917
truffle_dulce_de_leche_0056,data/synthetic_slots/v1/dataset/images/train/truffle_dulce_de_leche/truffle_dulce_de_leche_0056.jpg,train,occupied,truffle_dulce_de_leche,Dulce de Leche,IMG_1961_c001,IMG_1961.jpg,manual_polygon,IMG_2032_r04_c04.jpg,IMG_2032.jpg,50,147,47,34,20260917
truffle_dulce_de_leche_0057,data/synthetic_slots/v1/dataset/images/train/truffle_dulce_de_leche/truffle_dulce_de_leche_0057.jpg,train,occupied,truffle_dulce_de_leche,Dulce de Leche,IMG_1961_c001,IMG_1961.jpg,manual_polygon,IMG_2019_r01_c01.jpg,IMG_2019.jpg,6,183,28,31,20260917
truffle_dulce_de_leche_0058,data/synthetic_slots/v1/dataset/images/train/truffle_dulce_de_leche/truffle_dulce_de_leche_0058.jpg,train,occupied,truffle_dulce_de_leche,Dulce de Leche,IMG_1961_c001,IMG_1961.jpg,manual_polygon,IMG_2022_r01_c01.jpg,IMG_2022.jpg,16,159,33,41,20260917
truffle_dulce_de_leche_0059,data/synthetic_slots/v1/dataset/images/train/truffle_dulce_de_leche/truffle_dulce_de_leche_0059.jpg,train,occupied,truffle_dulce_de_leche,Dulce de Leche,IMG_1961_c001,IMG_1961.jpg,manual_polygon,IMG_2028_r02_c03.jpg,IMG_2028.jpg,30,185,25,24,20260917
truffle_dulce_de_leche_0060,data/synthetic_slots/v1/dataset/images/train/truffle_dulce_de_leche/truffle_dulce_de_leche_0060.jpg,train,occupied,truffle_dulce_de_leche,Dulce de Leche,IMG_1961_c001,IMG_1961.jpg,manual_polygon,IMG_2033_r03_c02.jpg,IMG_2033.jpg,50,168,35,26,20260917
truffle_dulce_de_leche_0061,data/synthetic_slots/v1/dataset/images/train/truffle_dulce_de_leche/truffle_dulce_de_leche_0061.jpg,train,occupied,truffle_dulce_de_leche,Dulce de Leche,IMG_1961_c001,IMG_1961.jpg,manual_polygon,IMG_2019_r03_c01.jpg,IMG_2019.jpg,6,145,34,45,20260917
truffle_dulce_de_leche_0062,data/synthetic_slots/v1/dataset/images/train/truffle_dulce_de_leche/truffle_dulce_de_leche_0062.jpg,train,occupied,truffle_dulce_de_leche,Dulce de Leche,IMG_1961_c001,IMG_1961.jpg,manual_polygon,IMG_2025_r03_c04.jpg,IMG_2025.jpg,16,166,37,36,20260917
truffle_dulce_de_leche_0063,data/synthetic_slots/v1/dataset/images/train/truffle_dulce_de_leche/truffle_dulce_de_leche_0063.jpg,train,occupied,truffle_dulce_de_leche,Dulce de Leche,IMG_1961_c001,IMG_1961.jpg,manual_polygon,IMG_2027_r05_c01.jpg,IMG_2027.jpg,30,179,30,24,20260917
truffle_dulce_de_leche_0064,data/synthetic_slots/v1/dataset/images/train/truffle_dulce_de_leche/truffle_dulce_de_leche_0064.jpg,train,occupied,truffle_dulce_de_leche,Dulce de Leche,IMG_1961_c001,IMG_1961.jpg,manual_polygon,IMG_2033_r09_c03.jpg,IMG_2033.jpg,50,170,22,32,20260917
truffle_dulce_de_leche_0065,data/synthetic_slots/v1/dataset/images/train/truffle_dulce_de_leche/truffle_dulce_de_leche_0065.jpg,train,occupied,truffle_dulce_de_leche,Dulce de Leche,IMG_1961_c001,IMG_1961.jpg,manual_polygon,IMG_2021_r02_c01.jpg,IMG_2021.jpg,6,146,46,43,20260917
truffle_dulce_de_leche_0066,data/synthetic_slots/v1/dataset/images/train/truffle_dulce_de_leche/truffle_dulce_de_leche_0066.jpg,train,occupied,truffle_dulce_de_leche,Dulce de Leche,IMG_1961_c001,IMG_1961.jpg,manual_polygon,IMG_2022_r01_c03.jpg,IMG_2022.jpg,16,173,26,26,20260917
truffle_dulce_de_leche_0067,data/synthetic_slots/v1/dataset/images/train/truffle_dulce_de_leche/truffle_dulce_de_leche_0067.jpg,train,occupied,truffle_dulce_de_leche,Dulce de Leche,IMG_1961_c001,IMG_1961.jpg,manual_polygon,IMG_2029_r05_c02.jpg,IMG_2029.jpg,30,157,39,40,20260917
truffle_dulce_de_leche_0068,data/synthetic_slots/v1/dataset/images/train/truffle_dulce_de_leche/truffle_dulce_de_leche_0068.jpg,train,occupied,truffle_dulce_de_leche,Dulce de Leche,IMG_1961_c001,IMG_1961.jpg,manual_polygon,IMG_2032_r04_c04.jpg,IMG_2032.jpg,50,173,34,20,20260917
truffle_dulce_de_leche_0069,data/synthetic_slots/v1/dataset/images/train/truffle_dulce_de_leche/truffle_dulce_de_leche_0069.jpg,train,occupied,truffle_dulce_de_leche,Dulce de Leche,IMG_1961_c001,IMG_1961.jpg,manual_polygon,IMG_2019_r01_c01.jpg,IMG_2019.jpg,6,176,18,21,20260917
truffle_dulce_de_leche_0070,data/synthetic_slots/v1/dataset/images/train/truffle_dulce_de_leche/truffle_dulce_de_leche_0070.jpg,train,occupied,truffle_dulce_de_leche,Dulce de Leche,IMG_1961_c001,IMG_1961.jpg,manual_polygon,IMG_2024_r04_c04.jpg,IMG_2024.jpg,16,145,39,48,20260917
truffle_dulce_de_leche_0071,data/synthetic_slots/v1/dataset/images/train/truffle_dulce_de_leche/truffle_dulce_de_leche_0071.jpg,train,occupied,truffle_dulce_de_leche,Dulce de Leche,IMG_1961_c001,IMG_1961.jpg,manual_polygon,IMG_2029_r06_c05.jpg,IMG_2029.jpg,30,152,27,36,20260917
truffle_dulce_de_leche_0072,data/synthetic_slots/v1/dataset/images/train/truffle_dulce_de_leche/truffle_dulce_de_leche_0072.jpg,train,occupied,truffle_dulce_de_leche,Dulce de Leche,IMG_1961_c001,IMG_1961.jpg,manual_polygon,IMG_2031_r02_c05.jpg,IMG_2031.jpg,50,156,33,32,20260917
truffle_dulce_de_leche_0073,data/synthetic_slots/v1/dataset/images/train/truffle_dulce_de_leche/truffle_dulce_de_leche_0073.jpg,train,occupied,truffle_dulce_de_leche,Dulce de Leche,IMG_1961_c001,IMG_1961.jpg,manual_polygon,IMG_2021_r01_c02.jpg,IMG_2021.jpg,6,164,27,25,20260917
truffle_dulce_de_leche_0074,data/synthetic_slots/v1/dataset/images/train/truffle_dulce_de_leche/truffle_dulce_de_leche_0074.jpg,train,occupied,truffle_dulce_de_leche,Dulce de Leche,IMG_1961_c001,IMG_1961.jpg,manual_polygon,IMG_2022_r04_c03.jpg,IMG_2022.jpg,16,172,33,22,20260917
truffle_dulce_de_leche_0075,data/synthetic_slots/v1/dataset/images/train/truffle_dulce_de_leche/truffle_dulce_de_leche_0075.jpg,train,occupied,truffle_dulce_de_leche,Dulce de Leche,IMG_1961_c001,IMG_1961.jpg,manual_polygon,IMG_2029_r06_c03.jpg,IMG_2029.jpg,30,159,25,43,20260917
truffle_dulce_de_leche_0076,data/synthetic_slots/v1/dataset/images/train/truffle_dulce_de_leche/truffle_dulce_de_leche_0076.jpg,train,occupied,truffle_dulce_de_leche,Dulce de Leche,IMG_1961_c001,IMG_1961.jpg,manual_polygon,IMG_2033_r06_c01.jpg,IMG_2033.jpg,50,152,39,36,20260917
truffle_dulce_de_leche_0077,data/synthetic_slots/v1/dataset/images/train/truffle_dulce_de_leche/truffle_dulce_de_leche_0077.jpg,train,occupied,truffle_dulce_de_leche,Dulce de Leche,IMG_1961_c001,IMG_1961.jpg,manual_polygon,IMG_2019_r02_c02.jpg,IMG_2019.jpg,6,158,36,37,20260917
truffle_dulce_de_leche_0078,data/synthetic_slots/v1/dataset/images/train/truffle_dulce_de_leche/truffle_dulce_de_leche_0078.jpg,train,occupied,truffle_dulce_de_leche,Dulce de Leche,IMG_1961_c001,IMG_1961.jpg,manual_polygon,IMG_2026_r01_c01.jpg,IMG_2026.jpg,16,166,24,34,20260917
truffle_dulce_de_leche_0079,data/synthetic_slots/v1/dataset/images/train/truffle_dulce_de_leche/truffle_dulce_de_leche_0079.jpg,train,occupied,truffle_dulce_de_leche,Dulce de Leche,IMG_1961_c001,IMG_1961.jpg,manual_polygon,IMG_2028_r02_c02.jpg,IMG_2028.jpg,30,179,26,16,20260917
truffle_dulce_de_leche_0080,data/synthetic_slots/v1/dataset/images/train/truffle_dulce_de_leche/truffle_dulce_de_leche_0080.jpg,train,occupied,truffle_dulce_de_leche,Dulce de Leche,IMG_1961_c001,IMG_1961.jpg,manual_polygon,IMG_2032_r06_c03.jpg,IMG_2032.jpg,50,181,22,32,20260917
truffle_dulce_de_leche_0081,data/synthetic_slots/v1/dataset/images/validation/truffle_dulce_de_leche/truffle_dulce_de_leche_0081.jpg,validation,occupied,truffle_dulce_de_leche,Dulce de Leche,IMG_1961_c001,IMG_1961.jpg,manual_polygon,IMG_2020_r02_c01.jpg,IMG_2020.jpg,6,162,27,28,20260917
truffle_dulce_de_leche_0082,data/synthetic_slots/v1/dataset/images/validation/truffle_dulce_de_leche/truffle_dulce_de_leche_0082.jpg,validation,occupied,truffle_dulce_de_leche,Dulce de Leche,IMG_1961_c001,IMG_1961.jpg,manual_polygon,IMG_2023_r01_c03.jpg,IMG_2023.jpg,16,173,17,30,20260917
truffle_dulce_de_leche_0083,data/synthetic_slots/v1/dataset/images/validation/truffle_dulce_de_leche/truffle_dulce_de_leche_0083.jpg,validation,occupied,truffle_dulce_de_leche,Dulce de Leche,IMG_1961_c001,IMG_1961.jpg,manual_polygon,IMG_2030_r03_c05.jpg,IMG_2030.jpg,30,163,25,34,20260917
truffle_dulce_de_leche_0084,data/synthetic_slots/v1/dataset/images/validation/truffle_dulce_de_leche/truffle_dulce_de_leche_0084.jpg,validation,occupied,truffle_dulce_de_leche,Dulce de Leche,IMG_1961_c001,IMG_1961.jpg,manual_polygon,IMG_2034_r05_c01.jpg,IMG_2034.jpg,50,171,31,31,20260917
truffle_dulce_de_leche_0085,data/synthetic_slots/v1/dataset/images/validation/truffle_dulce_de_leche/truffle_dulce_de_leche_0085.jpg,validation,occupied,truffle_dulce_de_leche,Dulce de Leche,IMG_1961_c001,IMG_1961.jpg,manual_polygon,IMG_2020_r02_c02.jpg,IMG_2020.jpg,6,153,40,43,20260917
truffle_dulce_de_leche_0086,data/synthetic_slots/v1/dataset/images/validation/truffle_dulce_de_leche/truffle_dulce_de_leche_0086.jpg,validation,occupied,truffle_dulce_de_leche,Dulce de Leche,IMG_1961_c001,IMG_1961.jpg,manual_polygon,IMG_2023_r04_c04.jpg,IMG_2023.jpg,16,148,30,42,20260917
truffle_dulce_de_leche_0087,data/synthetic_slots/v1/dataset/images/validation/truffle_dulce_de_leche/truffle_dulce_de_leche_0087.jpg,validation,occupied,truffle_dulce_de_leche,Dulce de Leche,IMG_1961_c001,IMG_1961.jpg,manual_polygon,IMG_2030_r02_c03.jpg,IMG_2030.jpg,30,172,21,35,20260917
truffle_dulce_de_leche_0088,data/synthetic_slots/v1/dataset/images/validation/truffle_dulce_de_leche/truffle_dulce_de_leche_0088.jpg,validation,occupied,truffle_dulce_de_leche,Dulce de Leche,IMG_1961_c001,IMG_1961.jpg,manual_polygon,IMG_2034_r09_c04.jpg,IMG_2034.jpg,50,154,27,39,20260917
truffle_dulce_de_leche_0089,data/synthetic_slots/v1/dataset/images/validation/truffle_dulce_de_leche/truffle_dulce_de_leche_0089.jpg,validation,occupied,truffle_dulce_de_leche,Dulce de Leche,IMG_1961_c001,IMG_1961.jpg,manual_polygon,IMG_2020_r02_c02.jpg,IMG_2020.jpg,6,182,12,18,20260917
truffle_dulce_de_leche_0090,data/synthetic_slots/v1/dataset/images/validation/truffle_dulce_de_leche/truffle_dulce_de_leche_0090.jpg,validation,occupied,truffle_dulce_de_leche,Dulce de Leche,IMG_1961_c001,IMG_1961.jpg,manual_polygon,IMG_2023_r01_c03.jpg,IMG_2023.jpg,16,179,15,27,20260917
truffle_dulce_de_leche_0091,data/synthetic_slots/v1/dataset/images/validation/truffle_dulce_de_leche/truffle_dulce_de_leche_0091.jpg,validation,occupied,truffle_dulce_de_leche,Dulce de Leche,IMG_1961_c001,IMG_1961.jpg,manual_polygon,IMG_2030_r02_c04.jpg,IMG_2030.jpg,30,173,16,34,20260917
truffle_dulce_de_leche_0092,data/synthetic_slots/v1/dataset/images/validation/truffle_dulce_de_leche/truffle_dulce_de_leche_0092.jpg,validation,occupied,truffle_dulce_de_leche,Dulce de Leche,IMG_1961_c001,IMG_1961.jpg,manual_polygon,IMG_2034_r09_c03.jpg,IMG_2034.jpg,50,163,34,38,20260917
truffle_dulce_de_leche_0093,data/synthetic_slots/v1/dataset/images/validation/truffle_dulce_de_leche/truffle_dulce_de_leche_0093.jpg,validation,occupied,truffle_dulce_de_leche,Dulce de Leche,IMG_1961_c001,IMG_1961.jpg,manual_polygon,IMG_2020_r02_c01.jpg,IMG_2020.jpg,6,185,12,19,20260917
truffle_dulce_de_leche_0094,data/synthetic_slots/v1/dataset/images/validation/truffle_dulce_de_leche/truffle_dulce_de_leche_0094.jpg,validation,occupied,truffle_dulce_de_leche,Dulce de Leche,IMG_1961_c001,IMG_1961.jpg,manual_polygon,IMG_2023_r02_c03.jpg,IMG_2023.jpg,16,178,17,24,20260917
truffle_dulce_de_leche_0095,data/synthetic_slots/v1/dataset/images/validation/truffle_dulce_de_leche/truffle_dulce_de_leche_0095.jpg,validation,occupied,truffle_dulce_de_leche,Dulce de Leche,IMG_1961_c001,IMG_1961.jpg,manual_polygon,IMG_2030_r01_c02.jpg,IMG_2030.jpg,30,171,33,22,20260917
truffle_dulce_de_leche_0096,data/synthetic_slots/v1/dataset/images/validation/truffle_dulce_de_leche/truffle_dulce_de_leche_0096.jpg,validation,occupied,truffle_dulce_de_leche,Dulce de Leche,IMG_1961_c001,IMG_1961.jpg,manual_polygon,IMG_2034_r05_c05.jpg,IMG_2034.jpg,50,165,26,34,20260917
truffle_dulce_de_leche_0097,data/synthetic_slots/v1/dataset/images/validation/truffle_dulce_de_leche/truffle_dulce_de_leche_0097.jpg,validation,occupied,truffle_dulce_de_leche,Dulce de Leche,IMG_1961_c001,IMG_1961.jpg,manual_polygon,IMG_2020_r01_c02.jpg,IMG_2020.jpg,6,182,25,17,20260917
truffle_dulce_de_leche_0098,data/synthetic_slots/v1/dataset/images/validation/truffle_dulce_de_leche/truffle_dulce_de_leche_0098.jpg,validation,occupied,truffle_dulce_de_leche,Dulce de Leche,IMG_1961_c001,IMG_1961.jpg,manual_polygon,IMG_2023_r04_c04.jpg,IMG_2023.jpg,16,177,23,25,20260917
truffle_dulce_de_leche_0099,data/synthetic_slots/v1/dataset/images/validation/truffle_dulce_de_leche/truffle_dulce_de_leche_0099.jpg,validation,occupied,truffle_dulce_de_leche,Dulce de Leche,IMG_1961_c001,IMG_1961.jpg,manual_polygon,IMG_2030_r02_c03.jpg,IMG_2030.jpg,30,167,36,28,20260917
truffle_dulce_de_leche_0100,data/synthetic_slots/v1/dataset/images/validation/truffle_dulce_de_leche/truffle_dulce_de_leche_0100.jpg,validation,occupied,truffle_dulce_de_leche,Dulce de Leche,IMG_1961_c001,IMG_1961.jpg,manual_polygon,IMG_2034_r06_c05.jpg,IMG_2034.jpg,50,145,48,48,20260917
truffle_espresso_martini_0001,data/synthetic_slots/v1/dataset/images/train/truffle_espresso_martini/truffle_espresso_martini_0001.jpg,train,occupied,truffle_espresso_martini,Espresso Martini,IMG_1972_c020,IMG_1972.jpg,expanded_u2net,IMG_2019_r02_c01.jpg,IMG_2019.jpg,6,179,20,31,20260917
truffle_espresso_martini_0002,data/synthetic_slots/v1/dataset/images/train/truffle_espresso_martini/truffle_espresso_martini_0002.jpg,train,occupied,truffle_espresso_martini,Espresso Martini,IMG_1972_c020,IMG_1972.jpg,expanded_u2net,IMG_2022_r03_c01.jpg,IMG_2022.jpg,16,164,35,39,20260917
truffle_espresso_martini_0003,data/synthetic_slots/v1/dataset/images/train/truffle_espresso_martini/truffle_espresso_martini_0003.jpg,train,occupied,truffle_espresso_martini,Espresso Martini,IMG_1972_c020,IMG_1972.jpg,expanded_u2net,IMG_2029_r05_c05.jpg,IMG_2029.jpg,30,178,26,24,20260917
truffle_espresso_martini_0004,data/synthetic_slots/v1/dataset/images/train/truffle_espresso_martini/truffle_espresso_martini_0004.jpg,train,occupied,truffle_espresso_martini,Espresso Martini,IMG_1972_c020,IMG_1972.jpg,expanded_u2net,IMG_2032_r05_c01.jpg,IMG_2032.jpg,50,182,31,28,20260917
truffle_espresso_martini_0005,data/synthetic_slots/v1/dataset/images/train/truffle_espresso_martini/truffle_espresso_martini_0005.jpg,train,occupied,truffle_espresso_martini,Espresso Martini,IMG_1972_c020,IMG_1972.jpg,expanded_u2net,IMG_2021_r01_c01.jpg,IMG_2021.jpg,6,174,36,21,20260917
truffle_espresso_martini_0006,data/synthetic_slots/v1/dataset/images/train/truffle_espresso_martini/truffle_espresso_martini_0006.jpg,train,occupied,truffle_espresso_martini,Espresso Martini,IMG_1972_c020,IMG_1972.jpg,expanded_u2net,IMG_2025_r04_c01.jpg,IMG_2025.jpg,16,146,46,32,20260917
truffle_espresso_martini_0007,data/synthetic_slots/v1/dataset/images/train/truffle_espresso_martini/truffle_espresso_martini_0007.jpg,train,occupied,truffle_espresso_martini,Espresso Martini,IMG_1972_c020,IMG_1972.jpg,expanded_u2net,IMG_2027_r03_c03.jpg,IMG_2027.jpg,30,184,30,21,20260917
truffle_espresso_martini_0008,data/synthetic_slots/v1/dataset/images/train/truffle_espresso_martini/truffle_espresso_martini_0008.jpg,train,occupied,truffle_espresso_martini,Espresso Martini,IMG_1972_c020,IMG_1972.jpg,expanded_u2net,IMG_2031_r10_c01.jpg,IMG_2031.jpg,50,159,43,25,20260917
truffle_espresso_martini_0009,data/synthetic_slots/v1/dataset/images/train/truffle_espresso_martini/truffle_espresso_martini_0009.jpg,train,occupied,truffle_espresso_martini,Espresso Martini,IMG_1972_c020,IMG_1972.jpg,expanded_u2net,IMG_2021_r03_c02.jpg,IMG_2021.jpg,6,161,35,30,20260917
truffle_espresso_martini_0010,data/synthetic_slots/v1/dataset/images/train/truffle_espresso_martini/truffle_espresso_martini_0010.jpg,train,occupied,truffle_espresso_martini,Espresso Martini,IMG_1972_c020,IMG_1972.jpg,expanded_u2net,IMG_2022_r04_c02.jpg,IMG_2022.jpg,16,151,49,30,20260917
truffle_espresso_martini_0011,data/synthetic_slots/v1/dataset/images/train/truffle_espresso_martini/truffle_espresso_martini_0011.jpg,train,occupied,truffle_espresso_martini,Espresso Martini,IMG_1972_c020,IMG_1972.jpg,expanded_u2net,IMG_2028_r04_c01.jpg,IMG_2028.jpg,30,145,40,35,20260917
truffle_espresso_martini_0012,data/synthetic_slots/v1/dataset/images/train/truffle_espresso_martini/truffle_espresso_martini_0012.jpg,train,occupied,truffle_espresso_martini,Espresso Martini,IMG_1972_c020,IMG_1972.jpg,expanded_u2net,IMG_2031_r10_c02.jpg,IMG_2031.jpg,50,155,40,28,20260917
truffle_espresso_martini_0013,data/synthetic_slots/v1/dataset/images/train/truffle_espresso_martini/truffle_espresso_martini_0013.jpg,train,occupied,truffle_espresso_martini,Espresso Martini,IMG_1972_c020,IMG_1972.jpg,expanded_u2net,IMG_2021_r03_c01.jpg,IMG_2021.jpg,6,171,30,21,20260917
truffle_espresso_martini_0014,data/synthetic_slots/v1/dataset/images/train/truffle_espresso_martini/truffle_espresso_martini_0014.jpg,train,occupied,truffle_espresso_martini,Espresso Martini,IMG_1972_c020,IMG_1972.jpg,expanded_u2net,IMG_2022_r02_c01.jpg,IMG_2022.jpg,16,163,35,37,20260917
truffle_espresso_martini_0015,data/synthetic_slots/v1/dataset/images/train/truffle_espresso_martini/truffle_espresso_martini_0015.jpg,train,occupied,truffle_espresso_martini,Espresso Martini,IMG_1972_c020,IMG_1972.jpg,expanded_u2net,IMG_2027_r02_c03.jpg,IMG_2027.jpg,30,151,46,40,20260917
truffle_espresso_martini_0016,data/synthetic_slots/v1/dataset/images/train/truffle_espresso_martini/truffle_espresso_martini_0016.jpg,train,occupied,truffle_espresso_martini,Espresso Martini,IMG_1972_c020,IMG_1972.jpg,expanded_u2net,IMG_2032_r08_c05.jpg,IMG_2032.jpg,50,153,43,39,20260917
truffle_espresso_martini_0017,data/synthetic_slots/v1/dataset/images/train/truffle_espresso_martini/truffle_espresso_martini_0017.jpg,train,occupied,truffle_espresso_martini,Espresso Martini,IMG_1972_c020,IMG_1972.jpg,expanded_u2net,IMG_2021_r01_c02.jpg,IMG_2021.jpg,6,164,42,33,20260917
truffle_espresso_martini_0018,data/synthetic_slots/v1/dataset/images/train/truffle_espresso_martini/truffle_espresso_martini_0018.jpg,train,occupied,truffle_espresso_martini,Espresso Martini,IMG_1972_c020,IMG_1972.jpg,expanded_u2net,IMG_2024_r03_c02.jpg,IMG_2024.jpg,16,162,36,37,20260917
truffle_espresso_martini_0019,data/synthetic_slots/v1/dataset/images/train/truffle_espresso_martini/truffle_espresso_martini_0019.jpg,train,occupied,truffle_espresso_martini,Espresso Martini,IMG_1972_c020,IMG_1972.jpg,expanded_u2net,IMG_2029_r02_c02.jpg,IMG_2029.jpg,30,160,36,30,20260917
truffle_espresso_martini_0020,data/synthetic_slots/v1/dataset/images/train/truffle_espresso_martini/truffle_espresso_martini_0020.jpg,train,occupied,truffle_espresso_martini,Espresso Martini,IMG_1972_c020,IMG_1972.jpg,expanded_u2net,IMG_2032_r08_c02.jpg,IMG_2032.jpg,50,174,33,22,20260917
truffle_espresso_martini_0021,data/synthetic_slots/v1/dataset/images/train/truffle_espresso_martini/truffle_espresso_martini_0021.jpg,train,occupied,truffle_espresso_martini,Espresso Martini,IMG_1972_c020,IMG_1972.jpg,expanded_u2net,IMG_2019_r03_c02.jpg,IMG_2019.jpg,6,150,34,36,20260917
truffle_espresso_martini_0022,data/synthetic_slots/v1/dataset/images/train/truffle_espresso_martini/truffle_espresso_martini_0022.jpg,train,occupied,truffle_espresso_martini,Espresso Martini,IMG_1972_c020,IMG_1972.jpg,expanded_u2net,IMG_2026_r03_c03.jpg,IMG_2026.jpg,16,166,39,33,20260917
truffle_espresso_martini_0023,data/synthetic_slots/v1/dataset/images/train/truffle_espresso_martini/truffle_espresso_martini_0023.jpg,train,occupied,truffle_espresso_martini,Espresso Martini,IMG_1972_c020,IMG_1972.jpg,expanded_u2net,IMG_2028_r06_c05.jpg,IMG_2028.jpg,30,154,33,29,20260917
truffle_espresso_martini_0024,data/synthetic_slots/v1/dataset/images/train/truffle_espresso_martini/truffle_espresso_martini_0024.jpg,train,occupied,truffle_espresso_martini,Espresso Martini,IMG_1972_c020,IMG_1972.jpg,expanded_u2net,IMG_2033_r09_c01.jpg,IMG_2033.jpg,50,172,21,30,20260917
truffle_espresso_martini_0025,data/synthetic_slots/v1/dataset/images/train/truffle_espresso_martini/truffle_espresso_martini_0025.jpg,train,occupied,truffle_espresso_martini,Espresso Martini,IMG_1972_c020,IMG_1972.jpg,expanded_u2net,IMG_2019_r01_c02.jpg,IMG_2019.jpg,6,182,21,30,20260917
truffle_espresso_martini_0026,data/synthetic_slots/v1/dataset/images/train/truffle_espresso_martini/truffle_espresso_martini_0026.jpg,train,occupied,truffle_espresso_martini,Espresso Martini,IMG_1972_c020,IMG_1972.jpg,expanded_u2net,IMG_2026_r02_c03.jpg,IMG_2026.jpg,16,176,24,26,20260917
truffle_espresso_martini_0027,data/synthetic_slots/v1/dataset/images/train/truffle_espresso_martini/truffle_espresso_martini_0027.jpg,train,occupied,truffle_espresso_martini,Espresso Martini,IMG_1972_c020,IMG_1972.jpg,expanded_u2net,IMG_2028_r04_c05.jpg,IMG_2028.jpg,30,171,23,35,20260917
truffle_espresso_martini_0028,data/synthetic_slots/v1/dataset/images/train/truffle_espresso_martini/truffle_espresso_martini_0028.jpg,train,occupied,truffle_espresso_martini,Espresso Martini,IMG_1972_c020,IMG_1972.jpg,expanded_u2net,IMG_2033_r01_c02.jpg,IMG_2033.jpg,50,164,31,23,20260917
truffle_espresso_martini_0029,data/synthetic_slots/v1/dataset/images/train/truffle_espresso_martini/truffle_espresso_martini_0029.jpg,train,occupied,truffle_espresso_martini,Espresso Martini,IMG_1972_c020,IMG_1972.jpg,expanded_u2net,IMG_2019_r03_c01.jpg,IMG_2019.jpg,6,167,39,21,20260917
truffle_espresso_martini_0030,data/synthetic_slots/v1/dataset/images/train/truffle_espresso_martini/truffle_espresso_martini_0030.jpg,train,occupied,truffle_espresso_martini,Espresso Martini,IMG_1972_c020,IMG_1972.jpg,expanded_u2net,IMG_2022_r01_c01.jpg,IMG_2022.jpg,16,173,35,33,20260917
truffle_espresso_martini_0031,data/synthetic_slots/v1/dataset/images/train/truffle_espresso_martini/truffle_espresso_martini_0031.jpg,train,occupied,truffle_espresso_martini,Espresso Martini,IMG_1972_c020,IMG_1972.jpg,expanded_u2net,IMG_2029_r05_c05.jpg,IMG_2029.jpg,30,153,38,30,20260917
truffle_espresso_martini_0032,data/synthetic_slots/v1/dataset/images/train/truffle_espresso_martini/truffle_espresso_martini_0032.jpg,train,occupied,truffle_espresso_martini,Espresso Martini,IMG_1972_c020,IMG_1972.jpg,expanded_u2net,IMG_2032_r05_c04.jpg,IMG_2032.jpg,50,152,49,35,20260917
truffle_espresso_martini_0033,data/synthetic_slots/v1/dataset/images/train/truffle_espresso_martini/truffle_espresso_martini_0033.jpg,train,occupied,truffle_espresso_martini,Espresso Martini,IMG_1972_c020,IMG_1972.jpg,expanded_u2net,IMG_2019_r02_c01.jpg,IMG_2019.jpg,6,153,44,29,20260917
truffle_espresso_martini_0034,data/synthetic_slots/v1/dataset/images/train/truffle_espresso_martini/truffle_espresso_martini_0034.jpg,train,occupied,truffle_espresso_martini,Espresso Martini,IMG_1972_c020,IMG_1972.jpg,expanded_u2net,IMG_2025_r03_c01.jpg,IMG_2025.jpg,16,174,27,19,20260917
truffle_espresso_martini_0035,data/synthetic_slots/v1/dataset/images/train/truffle_espresso_martini/truffle_espresso_martini_0035.jpg,train,occupied,truffle_espresso_martini,Espresso Martini,IMG_1972_c020,IMG_1972.jpg,expanded_u2net,IMG_2028_r01_c04.jpg,IMG_2028.jpg,30,151,42,28,20260917
truffle_espresso_martini_0036,data/synthetic_slots/v1/dataset/images/train/truffle_espresso_martini/truffle_espresso_martini_0036.jpg,train,occupied,truffle_espresso_martini,Espresso Martini,IMG_1972_c020,IMG_1972.jpg,expanded_u2net,IMG_2033_r09_c05.jpg,IMG_2033.jpg,50,152,34,44,20260917
truffle_espresso_martini_0037,data/synthetic_slots/v1/dataset/images/train/truffle_espresso_martini/truffle_espresso_martini_0037.jpg,train,occupied,truffle_espresso_martini,Espresso Martini,IMG_1972_c020,IMG_1972.jpg,expanded_u2net,IMG_2021_r02_c02.jpg,IMG_2021.jpg,6,154,46,43,20260917
truffle_espresso_martini_0038,data/synthetic_slots/v1/dataset/images/train/truffle_espresso_martini/truffle_espresso_martini_0038.jpg,train,occupied,truffle_espresso_martini,Espresso Martini,IMG_1972_c020,IMG_1972.jpg,expanded_u2net,IMG_2022_r03_c01.jpg,IMG_2022.jpg,16,184,19,13,20260917
truffle_espresso_martini_0039,data/synthetic_slots/v1/dataset/images/train/truffle_espresso_martini/truffle_espresso_martini_0039.jpg,train,occupied,truffle_espresso_martini,Espresso Martini,IMG_1972_c020,IMG_1972.jpg,expanded_u2net,IMG_2028_r06_c03.jpg,IMG_2028.jpg,30,150,39,30,20260917
truffle_espresso_martini_0040,data/synthetic_slots/v1/dataset/images/train/truffle_espresso_martini/truffle_espresso_martini_0040.jpg,train,occupied,truffle_espresso_martini,Espresso Martini,IMG_1972_c020,IMG_1972.jpg,expanded_u2net,IMG_2033_r09_c01.jpg,IMG_2033.jpg,50,145,36,45,20260917
truffle_espresso_martini_0041,data/synthetic_slots/v1/dataset/images/train/truffle_espresso_martini/truffle_espresso_martini_0041.jpg,train,occupied,truffle_espresso_martini,Espresso Martini,IMG_1972_c020,IMG_1972.jpg,expanded_u2net,IMG_2019_r01_c02.jpg,IMG_2019.jpg,6,173,34,34,20260917
truffle_espresso_martini_0042,data/synthetic_slots/v1/dataset/images/train/truffle_espresso_martini/truffle_espresso_martini_0042.jpg,train,occupied,truffle_espresso_martini,Espresso Martini,IMG_1972_c020,IMG_1972.jpg,expanded_u2net,IMG_2022_r03_c03.jpg,IMG_2022.jpg,16,147,40,46,20260917
truffle_espresso_martini_0043,data/synthetic_slots/v1/dataset/images/train/truffle_espresso_martini/truffle_espresso_martini_0043.jpg,train,occupied,truffle_espresso_martini,Espresso Martini,IMG_1972_c020,IMG_1972.jpg,expanded_u2net,IMG_2029_r05_c05.jpg,IMG_2029.jpg,30,157,38,29,20260917
truffle_espresso_martini_0044,data/synthetic_slots/v1/dataset/images/train/truffle_espresso_martini/truffle_espresso_martini_0044.jpg,train,occupied,truffle_espresso_martini,Espresso Martini,IMG_1972_c020,IMG_1972.jpg,expanded_u2net,IMG_2033_r06_c01.jpg,IMG_2033.jpg,50,174,33,23,20260917
truffle_espresso_martini_0045,data/synthetic_slots/v1/dataset/images/train/truffle_espresso_martini/truffle_espresso_martini_0045.jpg,train,occupied,truffle_espresso_martini,Espresso Martini,IMG_1972_c020,IMG_1972.jpg,expanded_u2net,IMG_2019_r03_c02.jpg,IMG_2019.jpg,6,151,37,43,20260917
truffle_espresso_martini_0046,data/synthetic_slots/v1/dataset/images/train/truffle_espresso_martini/truffle_espresso_martini_0046.jpg,train,occupied,truffle_espresso_martini,Espresso Martini,IMG_1972_c020,IMG_1972.jpg,expanded_u2net,IMG_2026_r03_c03.jpg,IMG_2026.jpg,16,176,31,22,20260917
truffle_espresso_martini_0047,data/synthetic_slots/v1/dataset/images/train/truffle_espresso_martini/truffle_espresso_martini_0047.jpg,train,occupied,truffle_espresso_martini,Espresso Martini,IMG_1972_c020,IMG_1972.jpg,expanded_u2net,IMG_2027_r06_c04.jpg,IMG_2027.jpg,30,179,23,30,20260917
truffle_espresso_martini_0048,data/synthetic_slots/v1/dataset/images/train/truffle_espresso_martini/truffle_espresso_martini_0048.jpg,train,occupied,truffle_espresso_martini,Espresso Martini,IMG_1972_c020,IMG_1972.jpg,expanded_u2net,IMG_2033_r08_c02.jpg,IMG_2033.jpg,50,159,31,34,20260917
truffle_espresso_martini_0049,data/synthetic_slots/v1/dataset/images/train/truffle_espresso_martini/truffle_espresso_martini_0049.jpg,train,occupied,truffle_espresso_martini,Espresso Martini,IMG_1972_c020,IMG_1972.jpg,expanded_u2net,IMG_2019_r01_c01.jpg,IMG_2019.jpg,6,184,18,27,20260917
truffle_espresso_martini_0050,data/synthetic_slots/v1/dataset/images/train/truffle_espresso_martini/truffle_espresso_martini_0050.jpg,train,occupied,truffle_espresso_martini,Espresso Martini,IMG_1972_c020,IMG_1972.jpg,expanded_u2net,IMG_2026_r01_c04.jpg,IMG_2026.jpg,16,163,35,24,20260917
truffle_espresso_martini_0051,data/synthetic_slots/v1/dataset/images/train/truffle_espresso_martini/truffle_espresso_martini_0051.jpg,train,occupied,truffle_espresso_martini,Espresso Martini,IMG_1972_c020,IMG_1972.jpg,expanded_u2net,IMG_2028_r05_c04.jpg,IMG_2028.jpg,30,181,27,30,20260917
truffle_espresso_martini_0052,data/synthetic_slots/v1/dataset/images/train/truffle_espresso_martini/truffle_espresso_martini_0052.jpg,train,occupied,truffle_espresso_martini,Espresso Martini,IMG_1972_c020,IMG_1972.jpg,expanded_u2net,IMG_2033_r09_c04.jpg,IMG_2033.jpg,50,151,48,38,20260917
truffle_espresso_martini_0053,data/synthetic_slots/v1/dataset/images/train/truffle_espresso_martini/truffle_espresso_martini_0053.jpg,train,occupied,truffle_espresso_martini,Espresso Martini,IMG_1972_c020,IMG_1972.jpg,expanded_u2net,IMG_2021_r03_c02.jpg,IMG_2021.jpg,6,172,33,28,20260917
truffle_espresso_martini_0054,data/synthetic_slots/v1/dataset/images/train/truffle_espresso_martini/truffle_espresso_martini_0054.jpg,train,occupied,truffle_espresso_martini,Espresso Martini,IMG_1972_c020,IMG_1972.jpg,expanded_u2net,IMG_2025_r01_c01.jpg,IMG_2025.jpg,16,148,40,41,20260917
truffle_espresso_martini_0055,data/synthetic_slots/v1/dataset/images/train/truffle_espresso_martini/truffle_espresso_martini_0055.jpg,train,occupied,truffle_espresso_martini,Espresso Martini,IMG_1972_c020,IMG_1972.jpg,expanded_u2net,IMG_2029_r03_c04.jpg,IMG_2029.jpg,30,178,20,30,20260917
truffle_espresso_martini_0056,data/synthetic_slots/v1/dataset/images/train/truffle_espresso_martini/truffle_espresso_martini_0056.jpg,train,occupied,truffle_espresso_martini,Espresso Martini,IMG_1972_c020,IMG_1972.jpg,expanded_u2net,IMG_2031_r08_c01.jpg,IMG_2031.jpg,50,157,41,34,20260917
truffle_espresso_martini_0057,data/synthetic_slots/v1/dataset/images/train/truffle_espresso_martini/truffle_espresso_martini_0057.jpg,train,occupied,truffle_espresso_martini,Espresso Martini,IMG_1972_c020,IMG_1972.jpg,expanded_u2net,IMG_2021_r02_c02.jpg,IMG_2021.jpg,6,156,29,33,20260917
truffle_espresso_martini_0058,data/synthetic_slots/v1/dataset/images/train/truffle_espresso_martini/truffle_espresso_martini_0058.jpg,train,occupied,truffle_espresso_martini,Espresso Martini,IMG_1972_c020,IMG_1972.jpg,expanded_u2net,IMG_2022_r02_c04.jpg,IMG_2022.jpg,16,146,35,33,20260917
truffle_espresso_martini_0059,data/synthetic_slots/v1/dataset/images/train/truffle_espresso_martini/truffle_espresso_martini_0059.jpg,train,occupied,truffle_espresso_martini,Espresso Martini,IMG_1972_c020,IMG_1972.jpg,expanded_u2net,IMG_2028_r03_c04.jpg,IMG_2028.jpg,30,148,44,41,20260917
truffle_espresso_martini_0060,data/synthetic_slots/v1/dataset/images/train/truffle_espresso_martini/truffle_espresso_martini_0060.jpg,train,occupied,truffle_espresso_martini,Espresso Martini,IMG_1972_c020,IMG_1972.jpg,expanded_u2net,IMG_2031_r08_c01.jpg,IMG_2031.jpg,50,148,41,33,20260917
truffle_espresso_martini_0061,data/synthetic_slots/v1/dataset/images/train/truffle_espresso_martini/truffle_espresso_martini_0061.jpg,train,occupied,truffle_espresso_martini,Espresso Martini,IMG_1972_c020,IMG_1972.jpg,expanded_u2net,IMG_2021_r01_c01.jpg,IMG_2021.jpg,6,167,40,19,20260917
truffle_espresso_martini_0062,data/synthetic_slots/v1/dataset/images/train/truffle_espresso_martini/truffle_espresso_martini_0062.jpg,train,occupied,truffle_espresso_martini,Espresso Martini,IMG_1972_c020,IMG_1972.jpg,expanded_u2net,IMG_2024_r02_c01.jpg,IMG_2024.jpg,16,161,44,39,20260917
truffle_espresso_martini_0063,data/synthetic_slots/v1/dataset/images/train/truffle_espresso_martini/truffle_espresso_martini_0063.jpg,train,occupied,truffle_espresso_martini,Espresso Martini,IMG_1972_c020,IMG_1972.jpg,expanded_u2net,IMG_2027_r02_c01.jpg,IMG_2027.jpg,30,166,40,21,20260917
truffle_espresso_martini_0064,data/synthetic_slots/v1/dataset/images/train/truffle_espresso_martini/truffle_espresso_martini_0064.jpg,train,occupied,truffle_espresso_martini,Espresso Martini,IMG_1972_c020,IMG_1972.jpg,expanded_u2net,IMG_2031_r01_c05.jpg,IMG_2031.jpg,50,173,30,32,20260917
truffle_espresso_martini_0065,data/synthetic_slots/v1/dataset/images/train/truffle_espresso_martini/truffle_espresso_martini_0065.jpg,train,occupied,truffle_espresso_martini,Espresso Martini,IMG_1972_c020,IMG_1972.jpg,expanded_u2net,IMG_2019_r03_c02.jpg,IMG_2019.jpg,6,180,22,28,20260917
truffle_espresso_martini_0066,data/synthetic_slots/v1/dataset/images/train/truffle_espresso_martini/truffle_espresso_martini_0066.jpg,train,occupied,truffle_espresso_martini,Espresso Martini,IMG_1972_c020,IMG_1972.jpg,expanded_u2net,IMG_2025_r02_c03.jpg,IMG_2025.jpg,16,178,29,17,20260917
truffle_espresso_martini_0067,data/synthetic_slots/v1/dataset/images/train/truffle_espresso_martini/truffle_espresso_martini_0067.jpg,train,occupied,truffle_espresso_martini,Espresso Martini,IMG_1972_c020,IMG_1972.jpg,expanded_u2net,IMG_2028_r01_c01.jpg,IMG_2028.jpg,30,154,36,34,20260917
truffle_espresso_martini_0068,data/synthetic_slots/v1/dataset/images/train/truffle_espresso_martini/truffle_espresso_martini_0068.jpg,train,occupied,truffle_espresso_martini,Espresso Martini,IMG_1972_c020,IMG_1972.jpg,expanded_u2net,IMG_2033_r09_c05.jpg,IMG_2033.jpg,50,170,30,18,20260917
truffle_espresso_martini_0069,data/synthetic_slots/v1/dataset/images/train/truffle_espresso_martini/truffle_espresso_martini_0069.jpg,train,occupied,truffle_espresso_martini,Espresso Martini,IMG_1972_c020,IMG_1972.jpg,expanded_u2net,IMG_2019_r03_c02.jpg,IMG_2019.jpg,6,180,20,14,20260917
truffle_espresso_martini_0070,data/synthetic_slots/v1/dataset/images/train/truffle_espresso_martini/truffle_espresso_martini_0070.jpg,train,occupied,truffle_espresso_martini,Espresso Martini,IMG_1972_c020,IMG_1972.jpg,expanded_u2net,IMG_2024_r01_c01.jpg,IMG_2024.jpg,16,164,28,39,20260917
truffle_espresso_martini_0071,data/synthetic_slots/v1/dataset/images/train/truffle_espresso_martini/truffle_espresso_martini_0071.jpg,train,occupied,truffle_espresso_martini,Espresso Martini,IMG_1972_c020,IMG_1972.jpg,expanded_u2net,IMG_2029_r06_c05.jpg,IMG_2029.jpg,30,181,18,19,20260917
truffle_espresso_martini_0072,data/synthetic_slots/v1/dataset/images/train/truffle_espresso_martini/truffle_espresso_martini_0072.jpg,train,occupied,truffle_espresso_martini,Espresso Martini,IMG_1972_c020,IMG_1972.jpg,expanded_u2net,IMG_2032_r03_c04.jpg,IMG_2032.jpg,50,145,45,45,20260917
truffle_espresso_martini_0073,data/synthetic_slots/v1/dataset/images/train/truffle_espresso_martini/truffle_espresso_martini_0073.jpg,train,occupied,truffle_espresso_martini,Espresso Martini,IMG_1972_c020,IMG_1972.jpg,expanded_u2net,IMG_2021_r03_c02.jpg,IMG_2021.jpg,6,153,35,30,20260917
truffle_espresso_martini_0074,data/synthetic_slots/v1/dataset/images/train/truffle_espresso_martini/truffle_espresso_martini_0074.jpg,train,occupied,truffle_espresso_martini,Espresso Martini,IMG_1972_c020,IMG_1972.jpg,expanded_u2net,IMG_2022_r04_c02.jpg,IMG_2022.jpg,16,148,47,30,20260917
truffle_espresso_martini_0075,data/synthetic_slots/v1/dataset/images/train/truffle_espresso_martini/truffle_espresso_martini_0075.jpg,train,occupied,truffle_espresso_martini,Espresso Martini,IMG_1972_c020,IMG_1972.jpg,expanded_u2net,IMG_2027_r05_c03.jpg,IMG_2027.jpg,30,156,34,26,20260917
truffle_espresso_martini_0076,data/synthetic_slots/v1/dataset/images/train/truffle_espresso_martini/truffle_espresso_martini_0076.jpg,train,occupied,truffle_espresso_martini,Espresso Martini,IMG_1972_c020,IMG_1972.jpg,expanded_u2net,IMG_2031_r05_c03.jpg,IMG_2031.jpg,50,177,20,22,20260917
truffle_espresso_martini_0077,data/synthetic_slots/v1/dataset/images/train/truffle_espresso_martini/truffle_espresso_martini_0077.jpg,train,occupied,truffle_espresso_martini,Espresso Martini,IMG_1972_c020,IMG_1972.jpg,expanded_u2net,IMG_2019_r01_c02.jpg,IMG_2019.jpg,6,147,44,47,20260917
truffle_espresso_martini_0078,data/synthetic_slots/v1/dataset/images/train/truffle_espresso_martini/truffle_espresso_martini_0078.jpg,train,occupied,truffle_espresso_martini,Espresso Martini,IMG_1972_c020,IMG_1972.jpg,expanded_u2net,IMG_2022_r02_c03.jpg,IMG_2022.jpg,16,165,30,23,20260917
truffle_espresso_martini_0079,data/synthetic_slots/v1/dataset/images/train/truffle_espresso_martini/truffle_espresso_martini_0079.jpg,train,occupied,truffle_espresso_martini,Espresso Martini,IMG_1972_c020,IMG_1972.jpg,expanded_u2net,IMG_2027_r02_c05.jpg,IMG_2027.jpg,30,182,33,18,20260917
truffle_espresso_martini_0080,data/synthetic_slots/v1/dataset/images/train/truffle_espresso_martini/truffle_espresso_martini_0080.jpg,train,occupied,truffle_espresso_martini,Espresso Martini,IMG_1972_c020,IMG_1972.jpg,expanded_u2net,IMG_2031_r09_c05.jpg,IMG_2031.jpg,50,146,47,39,20260917
truffle_espresso_martini_0081,data/synthetic_slots/v1/dataset/images/validation/truffle_espresso_martini/truffle_espresso_martini_0081.jpg,validation,occupied,truffle_espresso_martini,Espresso Martini,IMG_1972_c020,IMG_1972.jpg,expanded_u2net,IMG_2020_r02_c02.jpg,IMG_2020.jpg,6,148,41,44,20260917
truffle_espresso_martini_0082,data/synthetic_slots/v1/dataset/images/validation/truffle_espresso_martini/truffle_espresso_martini_0082.jpg,validation,occupied,truffle_espresso_martini,Espresso Martini,IMG_1972_c020,IMG_1972.jpg,expanded_u2net,IMG_2023_r04_c02.jpg,IMG_2023.jpg,16,171,22,33,20260917
truffle_espresso_martini_0083,data/synthetic_slots/v1/dataset/images/validation/truffle_espresso_martini/truffle_espresso_martini_0083.jpg,validation,occupied,truffle_espresso_martini,Espresso Martini,IMG_1972_c020,IMG_1972.jpg,expanded_u2net,IMG_2030_r03_c05.jpg,IMG_2030.jpg,30,154,44,41,20260917
truffle_espresso_martini_0084,data/synthetic_slots/v1/dataset/images/validation/truffle_espresso_martini/truffle_espresso_martini_0084.jpg,validation,occupied,truffle_espresso_martini,Espresso Martini,IMG_1972_c020,IMG_1972.jpg,expanded_u2net,IMG_2034_r03_c05.jpg,IMG_2034.jpg,50,145,48,42,20260917
truffle_espresso_martini_0085,data/synthetic_slots/v1/dataset/images/validation/truffle_espresso_martini/truffle_espresso_martini_0085.jpg,validation,occupied,truffle_espresso_martini,Espresso Martini,IMG_1972_c020,IMG_1972.jpg,expanded_u2net,IMG_2020_r02_c01.jpg,IMG_2020.jpg,6,166,43,34,20260917
truffle_espresso_martini_0086,data/synthetic_slots/v1/dataset/images/validation/truffle_espresso_martini/truffle_espresso_martini_0086.jpg,validation,occupied,truffle_espresso_martini,Espresso Martini,IMG_1972_c020,IMG_1972.jpg,expanded_u2net,IMG_2023_r03_c04.jpg,IMG_2023.jpg,16,176,22,24,20260917
truffle_espresso_martini_0087,data/synthetic_slots/v1/dataset/images/validation/truffle_espresso_martini/truffle_espresso_martini_0087.jpg,validation,occupied,truffle_espresso_martini,Espresso Martini,IMG_1972_c020,IMG_1972.jpg,expanded_u2net,IMG_2030_r06_c05.jpg,IMG_2030.jpg,30,164,37,32,20260917
truffle_espresso_martini_0088,data/synthetic_slots/v1/dataset/images/validation/truffle_espresso_martini/truffle_espresso_martini_0088.jpg,validation,occupied,truffle_espresso_martini,Espresso Martini,IMG_1972_c020,IMG_1972.jpg,expanded_u2net,IMG_2034_r03_c01.jpg,IMG_2034.jpg,50,166,33,33,20260917
truffle_espresso_martini_0089,data/synthetic_slots/v1/dataset/images/validation/truffle_espresso_martini/truffle_espresso_martini_0089.jpg,validation,occupied,truffle_espresso_martini,Espresso Martini,IMG_1972_c020,IMG_1972.jpg,expanded_u2net,IMG_2020_r02_c01.jpg,IMG_2020.jpg,6,156,33,38,20260917
truffle_espresso_martini_0090,data/synthetic_slots/v1/dataset/images/validation/truffle_espresso_martini/truffle_espresso_martini_0090.jpg,validation,occupied,truffle_espresso_martini,Espresso Martini,IMG_1972_c020,IMG_1972.jpg,expanded_u2net,IMG_2023_r03_c02.jpg,IMG_2023.jpg,16,163,39,32,20260917
truffle_espresso_martini_0091,data/synthetic_slots/v1/dataset/images/validation/truffle_espresso_martini/truffle_espresso_martini_0091.jpg,validation,occupied,truffle_espresso_martini,Espresso Martini,IMG_1972_c020,IMG_1972.jpg,expanded_u2net,IMG_2030_r01_c04.jpg,IMG_2030.jpg,30,161,37,33,20260917
truffle_espresso_martini_0092,data/synthetic_slots/v1/dataset/images/validation/truffle_espresso_martini/truffle_espresso_martini_0092.jpg,validation,occupied,truffle_espresso_martini,Espresso Martini,IMG_1972_c020,IMG_1972.jpg,expanded_u2net,IMG_2034_r01_c03.jpg,IMG_2034.jpg,50,150,40,44,20260917
truffle_espresso_martini_0093,data/synthetic_slots/v1/dataset/images/validation/truffle_espresso_martini/truffle_espresso_martini_0093.jpg,validation,occupied,truffle_espresso_martini,Espresso Martini,IMG_1972_c020,IMG_1972.jpg,expanded_u2net,IMG_2020_r02_c02.jpg,IMG_2020.jpg,6,148,47,32,20260917
truffle_espresso_martini_0094,data/synthetic_slots/v1/dataset/images/validation/truffle_espresso_martini/truffle_espresso_martini_0094.jpg,validation,occupied,truffle_espresso_martini,Espresso Martini,IMG_1972_c020,IMG_1972.jpg,expanded_u2net,IMG_2023_r03_c02.jpg,IMG_2023.jpg,16,152,31,29,20260917
truffle_espresso_martini_0095,data/synthetic_slots/v1/dataset/images/validation/truffle_espresso_martini/truffle_espresso_martini_0095.jpg,validation,occupied,truffle_espresso_martini,Espresso Martini,IMG_1972_c020,IMG_1972.jpg,expanded_u2net,IMG_2030_r03_c04.jpg,IMG_2030.jpg,30,157,30,30,20260917
truffle_espresso_martini_0096,data/synthetic_slots/v1/dataset/images/validation/truffle_espresso_martini/truffle_espresso_martini_0096.jpg,validation,occupied,truffle_espresso_martini,Espresso Martini,IMG_1972_c020,IMG_1972.jpg,expanded_u2net,IMG_2034_r03_c01.jpg,IMG_2034.jpg,50,169,34,32,20260917
truffle_espresso_martini_0097,data/synthetic_slots/v1/dataset/images/validation/truffle_espresso_martini/truffle_espresso_martini_0097.jpg,validation,occupied,truffle_espresso_martini,Espresso Martini,IMG_1972_c020,IMG_1972.jpg,expanded_u2net,IMG_2020_r03_c02.jpg,IMG_2020.jpg,6,177,37,30,20260917
truffle_espresso_martini_0098,data/synthetic_slots/v1/dataset/images/validation/truffle_espresso_martini/truffle_espresso_martini_0098.jpg,validation,occupied,truffle_espresso_martini,Espresso Martini,IMG_1972_c020,IMG_1972.jpg,expanded_u2net,IMG_2023_r01_c03.jpg,IMG_2023.jpg,16,158,39,34,20260917
truffle_espresso_martini_0099,data/synthetic_slots/v1/dataset/images/validation/truffle_espresso_martini/truffle_espresso_martini_0099.jpg,validation,occupied,truffle_espresso_martini,Espresso Martini,IMG_1972_c020,IMG_1972.jpg,expanded_u2net,IMG_2030_r02_c01.jpg,IMG_2030.jpg,30,151,44,40,20260917
truffle_espresso_martini_0100,data/synthetic_slots/v1/dataset/images/validation/truffle_espresso_martini/truffle_espresso_martini_0100.jpg,validation,occupied,truffle_espresso_martini,Espresso Martini,IMG_1972_c020,IMG_1972.jpg,expanded_u2net,IMG_2034_r10_c05.jpg,IMG_2034.jpg,50,145,36,39,20260917
truffle_grey_salt_caramel_0001,data/synthetic_slots/v1/dataset/images/train/truffle_grey_salt_caramel/truffle_grey_salt_caramel_0001.jpg,train,occupied,truffle_grey_salt_caramel,Grey Salt Caramel,IMG_1975_c004,IMG_1975.jpg,manual_polygon,IMG_2021_r02_c01.jpg,IMG_2021.jpg,6,165,22,25,20260917
truffle_grey_salt_caramel_0002,data/synthetic_slots/v1/dataset/images/train/truffle_grey_salt_caramel/truffle_grey_salt_caramel_0002.jpg,train,occupied,truffle_grey_salt_caramel,Grey Salt Caramel,IMG_1975_c004,IMG_1975.jpg,manual_polygon,IMG_2024_r01_c02.jpg,IMG_2024.jpg,16,148,44,38,20260917
truffle_grey_salt_caramel_0003,data/synthetic_slots/v1/dataset/images/train/truffle_grey_salt_caramel/truffle_grey_salt_caramel_0003.jpg,train,occupied,truffle_grey_salt_caramel,Grey Salt Caramel,IMG_1975_c004,IMG_1975.jpg,manual_polygon,IMG_2029_r01_c05.jpg,IMG_2029.jpg,30,156,29,30,20260917
truffle_grey_salt_caramel_0004,data/synthetic_slots/v1/dataset/images/train/truffle_grey_salt_caramel/truffle_grey_salt_caramel_0004.jpg,train,occupied,truffle_grey_salt_caramel,Grey Salt Caramel,IMG_1975_c004,IMG_1975.jpg,manual_polygon,IMG_2032_r09_c04.jpg,IMG_2032.jpg,50,148,33,40,20260917
truffle_grey_salt_caramel_0005,data/synthetic_slots/v1/dataset/images/train/truffle_grey_salt_caramel/truffle_grey_salt_caramel_0005.jpg,train,occupied,truffle_grey_salt_caramel,Grey Salt Caramel,IMG_1975_c004,IMG_1975.jpg,manual_polygon,IMG_2021_r01_c02.jpg,IMG_2021.jpg,6,174,33,27,20260917
truffle_grey_salt_caramel_0006,data/synthetic_slots/v1/dataset/images/train/truffle_grey_salt_caramel/truffle_grey_salt_caramel_0006.jpg,train,occupied,truffle_grey_salt_caramel,Grey Salt Caramel,IMG_1975_c004,IMG_1975.jpg,manual_polygon,IMG_2022_r01_c01.jpg,IMG_2022.jpg,16,178,16,31,20260917
truffle_grey_salt_caramel_0007,data/synthetic_slots/v1/dataset/images/train/truffle_grey_salt_caramel/truffle_grey_salt_caramel_0007.jpg,train,occupied,truffle_grey_salt_caramel,Grey Salt Caramel,IMG_1975_c004,IMG_1975.jpg,manual_polygon,IMG_2029_r02_c04.jpg,IMG_2029.jpg,30,184,28,12,20260917
truffle_grey_salt_caramel_0008,data/synthetic_slots/v1/dataset/images/train/truffle_grey_salt_caramel/truffle_grey_salt_caramel_0008.jpg,train,occupied,truffle_grey_salt_caramel,Grey Salt Caramel,IMG_1975_c004,IMG_1975.jpg,manual_polygon,IMG_2031_r02_c02.jpg,IMG_2031.jpg,50,169,22,20,20260917
truffle_grey_salt_caramel_0009,data/synthetic_slots/v1/dataset/images/train/truffle_grey_salt_caramel/truffle_grey_salt_caramel_0009.jpg,train,occupied,truffle_grey_salt_caramel,Grey Salt Caramel,IMG_1975_c004,IMG_1975.jpg,manual_polygon,IMG_2019_r03_c01.jpg,IMG_2019.jpg,6,174,25,31,20260917
truffle_grey_salt_caramel_0010,data/synthetic_slots/v1/dataset/images/train/truffle_grey_salt_caramel/truffle_grey_salt_caramel_0010.jpg,train,occupied,truffle_grey_salt_caramel,Grey Salt Caramel,IMG_1975_c004,IMG_1975.jpg,manual_polygon,IMG_2024_r02_c02.jpg,IMG_2024.jpg,16,148,44,45,20260917
truffle_grey_salt_caramel_0011,data/synthetic_slots/v1/dataset/images/train/truffle_grey_salt_caramel/truffle_grey_salt_caramel_0011.jpg,train,occupied,truffle_grey_salt_caramel,Grey Salt Caramel,IMG_1975_c004,IMG_1975.jpg,manual_polygon,IMG_2027_r06_c02.jpg,IMG_2027.jpg,30,153,36,38,20260917
truffle_grey_salt_caramel_0012,data/synthetic_slots/v1/dataset/images/train/truffle_grey_salt_caramel/truffle_grey_salt_caramel_0012.jpg,train,occupied,truffle_grey_salt_caramel,Grey Salt Caramel,IMG_1975_c004,IMG_1975.jpg,manual_polygon,IMG_2031_r01_c03.jpg,IMG_2031.jpg,50,154,33,26,20260917
truffle_grey_salt_caramel_0013,data/synthetic_slots/v1/dataset/images/train/truffle_grey_salt_caramel/truffle_grey_salt_caramel_0013.jpg,train,occupied,truffle_grey_salt_caramel,Grey Salt Caramel,IMG_1975_c004,IMG_1975.jpg,manual_polygon,IMG_2019_r01_c01.jpg,IMG_2019.jpg,6,166,20,26,20260917
truffle_grey_salt_caramel_0014,data/synthetic_slots/v1/dataset/images/train/truffle_grey_salt_caramel/truffle_grey_salt_caramel_0014.jpg,train,occupied,truffle_grey_salt_caramel,Grey Salt Caramel,IMG_1975_c004,IMG_1975.jpg,manual_polygon,IMG_2024_r01_c04.jpg,IMG_2024.jpg,16,145,45,33,20260917
truffle_grey_salt_caramel_0015,data/synthetic_slots/v1/dataset/images/train/truffle_grey_salt_caramel/truffle_grey_salt_caramel_0015.jpg,train,occupied,truffle_grey_salt_caramel,Grey Salt Caramel,IMG_1975_c004,IMG_1975.jpg,manual_polygon,IMG_2027_r01_c01.jpg,IMG_2027.jpg,30,165,24,21,20260917
truffle_grey_salt_caramel_0016,data/synthetic_slots/v1/dataset/images/train/truffle_grey_salt_caramel/truffle_grey_salt_caramel_0016.jpg,train,occupied,truffle_grey_salt_caramel,Grey Salt Caramel,IMG_1975_c004,IMG_1975.jpg,manual_polygon,IMG_2032_r03_c05.jpg,IMG_2032.jpg,50,165,37,36,20260917
truffle_grey_salt_caramel_0017,data/synthetic_slots/v1/dataset/images/train/truffle_grey_salt_caramel/truffle_grey_salt_caramel_0017.jpg,train,occupied,truffle_grey_salt_caramel,Grey Salt Caramel,IMG_1975_c004,IMG_1975.jpg,manual_polygon,IMG_2021_r03_c01.jpg,IMG_2021.jpg,6,161,38,32,20260917
truffle_grey_salt_caramel_0018,data/synthetic_slots/v1/dataset/images/train/truffle_grey_salt_caramel/truffle_grey_salt_caramel_0018.jpg,train,occupied,truffle_grey_salt_caramel,Grey Salt Caramel,IMG_1975_c004,IMG_1975.jpg,manual_polygon,IMG_2025_r01_c02.jpg,IMG_2025.jpg,16,161,25,29,20260917
truffle_grey_salt_caramel_0019,data/synthetic_slots/v1/dataset/images/train/truffle_grey_salt_caramel/truffle_grey_salt_caramel_0019.jpg,train,occupied,truffle_grey_salt_caramel,Grey Salt Caramel,IMG_1975_c004,IMG_1975.jpg,manual_polygon,IMG_2028_r03_c05.jpg,IMG_2028.jpg,30,167,30,32,20260917
truffle_grey_salt_caramel_0020,data/synthetic_slots/v1/dataset/images/train/truffle_grey_salt_caramel/truffle_grey_salt_caramel_0020.jpg,train,occupied,truffle_grey_salt_caramel,Grey Salt Caramel,IMG_1975_c004,IMG_1975.jpg,manual_polygon,IMG_2033_r02_c01.jpg,IMG_2033.jpg,50,148,41,42,20260917
truffle_grey_salt_caramel_0021,data/synthetic_slots/v1/dataset/images/train/truffle_grey_salt_caramel/truffle_grey_salt_caramel_0021.jpg,train,occupied,truffle_grey_salt_caramel,Grey Salt Caramel,IMG_1975_c004,IMG_1975.jpg,manual_polygon,IMG_2021_r01_c02.jpg,IMG_2021.jpg,6,157,38,33,20260917
truffle_grey_salt_caramel_0022,data/synthetic_slots/v1/dataset/images/train/truffle_grey_salt_caramel/truffle_grey_salt_caramel_0022.jpg,train,occupied,truffle_grey_salt_caramel,Grey Salt Caramel,IMG_1975_c004,IMG_1975.jpg,manual_polygon,IMG_2024_r04_c01.jpg,IMG_2024.jpg,16,170,29,33,20260917
truffle_grey_salt_caramel_0023,data/synthetic_slots/v1/dataset/images/train/truffle_grey_salt_caramel/truffle_grey_salt_caramel_0023.jpg,train,occupied,truffle_grey_salt_caramel,Grey Salt Caramel,IMG_1975_c004,IMG_1975.jpg,manual_polygon,IMG_2028_r05_c03.jpg,IMG_2028.jpg,30,145,38,44,20260917
truffle_grey_salt_caramel_0024,data/synthetic_slots/v1/dataset/images/train/truffle_grey_salt_caramel/truffle_grey_salt_caramel_0024.jpg,train,occupied,truffle_grey_salt_caramel,Grey Salt Caramel,IMG_1975_c004,IMG_1975.jpg,manual_polygon,IMG_2033_r05_c04.jpg,IMG_2033.jpg,50,153,42,31,20260917
truffle_grey_salt_caramel_0025,data/synthetic_slots/v1/dataset/images/train/truffle_grey_salt_caramel/truffle_grey_salt_caramel_0025.jpg,train,occupied,truffle_grey_salt_caramel,Grey Salt Caramel,IMG_1975_c004,IMG_1975.jpg,manual_polygon,IMG_2021_r02_c02.jpg,IMG_2021.jpg,6,159,37,35,20260917
truffle_grey_salt_caramel_0026,data/synthetic_slots/v1/dataset/images/train/truffle_grey_salt_caramel/truffle_grey_salt_caramel_0026.jpg,train,occupied,truffle_grey_salt_caramel,Grey Salt Caramel,IMG_1975_c004,IMG_1975.jpg,manual_polygon,IMG_2024_r01_c03.jpg,IMG_2024.jpg,16,171,28,19,20260917
truffle_grey_salt_caramel_0027,data/synthetic_slots/v1/dataset/images/train/truffle_grey_salt_caramel/truffle_grey_salt_caramel_0027.jpg,train,occupied,truffle_grey_salt_caramel,Grey Salt Caramel,IMG_1975_c004,IMG_1975.jpg,manual_polygon,IMG_2027_r02_c03.jpg,IMG_2027.jpg,30,182,22,30,20260917
truffle_grey_salt_caramel_0028,data/synthetic_slots/v1/dataset/images/train/truffle_grey_salt_caramel/truffle_grey_salt_caramel_0028.jpg,train,occupied,truffle_grey_salt_caramel,Grey Salt Caramel,IMG_1975_c004,IMG_1975.jpg,manual_polygon,IMG_2031_r01_c01.jpg,IMG_2031.jpg,50,148,47,44,20260917
truffle_grey_salt_caramel_0029,data/synthetic_slots/v1/dataset/images/train/truffle_grey_salt_caramel/truffle_grey_salt_caramel_0029.jpg,train,occupied,truffle_grey_salt_caramel,Grey Salt Caramel,IMG_1975_c004,IMG_1975.jpg,manual_polygon,IMG_2019_r02_c02.jpg,IMG_2019.jpg,6,154,35,42,20260917
truffle_grey_salt_caramel_0030,data/synthetic_slots/v1/dataset/images/train/truffle_grey_salt_caramel/truffle_grey_salt_caramel_0030.jpg,train,occupied,truffle_grey_salt_caramel,Grey Salt Caramel,IMG_1975_c004,IMG_1975.jpg,manual_polygon,IMG_2024_r01_c01.jpg,IMG_2024.jpg,16,164,26,37,20260917
truffle_grey_salt_caramel_0031,data/synthetic_slots/v1/dataset/images/train/truffle_grey_salt_caramel/truffle_grey_salt_caramel_0031.jpg,train,occupied,truffle_grey_salt_caramel,Grey Salt Caramel,IMG_1975_c004,IMG_1975.jpg,manual_polygon,IMG_2027_r03_c03.jpg,IMG_2027.jpg,30,156,42,39,20260917
truffle_grey_salt_caramel_0032,data/synthetic_slots/v1/dataset/images/train/truffle_grey_salt_caramel/truffle_grey_salt_caramel_0032.jpg,train,occupied,truffle_grey_salt_caramel,Grey Salt Caramel,IMG_1975_c004,IMG_1975.jpg,manual_polygon,IMG_2031_r01_c02.jpg,IMG_2031.jpg,50,154,31,35,20260917
truffle_grey_salt_caramel_0033,data/synthetic_slots/v1/dataset/images/train/truffle_grey_salt_caramel/truffle_grey_salt_caramel_0033.jpg,train,occupied,truffle_grey_salt_caramel,Grey Salt Caramel,IMG_1975_c004,IMG_1975.jpg,manual_polygon,IMG_2019_r03_c01.jpg,IMG_2019.jpg,6,169,34,30,20260917
truffle_grey_salt_caramel_0034,data/synthetic_slots/v1/dataset/images/train/truffle_grey_salt_caramel/truffle_grey_salt_caramel_0034.jpg,train,occupied,truffle_grey_salt_caramel,Grey Salt Caramel,IMG_1975_c004,IMG_1975.jpg,manual_polygon,IMG_2026_r01_c02.jpg,IMG_2026.jpg,16,163,35,32,20260917
truffle_grey_salt_caramel_0035,data/synthetic_slots/v1/dataset/images/train/truffle_grey_salt_caramel/truffle_grey_salt_caramel_0035.jpg,train,occupied,truffle_grey_salt_caramel,Grey Salt Caramel,IMG_1975_c004,IMG_1975.jpg,manual_polygon,IMG_2027_r02_c03.jpg,IMG_2027.jpg,30,153,38,36,20260917
truffle_grey_salt_caramel_0036,data/synthetic_slots/v1/dataset/images/train/truffle_grey_salt_caramel/truffle_grey_salt_caramel_0036.jpg,train,occupied,truffle_grey_salt_caramel,Grey Salt Caramel,IMG_1975_c004,IMG_1975.jpg,manual_polygon,IMG_2031_r01_c01.jpg,IMG_2031.jpg,50,154,26,37,20260917
truffle_grey_salt_caramel_0037,data/synthetic_slots/v1/dataset/images/train/truffle_grey_salt_caramel/truffle_grey_salt_caramel_0037.jpg,train,occupied,truffle_grey_salt_caramel,Grey Salt Caramel,IMG_1975_c004,IMG_1975.jpg,manual_polygon,IMG_2021_r01_c02.jpg,IMG_2021.jpg,6,159,26,37,20260917
truffle_grey_salt_caramel_0038,data/synthetic_slots/v1/dataset/images/train/truffle_grey_salt_caramel/truffle_grey_salt_caramel_0038.jpg,train,occupied,truffle_grey_salt_caramel,Grey Salt Caramel,IMG_1975_c004,IMG_1975.jpg,manual_polygon,IMG_2025_r01_c01.jpg,IMG_2025.jpg,16,179,18,17,20260917
truffle_grey_salt_caramel_0039,data/synthetic_slots/v1/dataset/images/train/truffle_grey_salt_caramel/truffle_grey_salt_caramel_0039.jpg,train,occupied,truffle_grey_salt_caramel,Grey Salt Caramel,IMG_1975_c004,IMG_1975.jpg,manual_polygon,IMG_2027_r02_c04.jpg,IMG_2027.jpg,30,158,31,30,20260917
truffle_grey_salt_caramel_0040,data/synthetic_slots/v1/dataset/images/train/truffle_grey_salt_caramel/truffle_grey_salt_caramel_0040.jpg,train,occupied,truffle_grey_salt_caramel,Grey Salt Caramel,IMG_1975_c004,IMG_1975.jpg,manual_polygon,IMG_2031_r03_c03.jpg,IMG_2031.jpg,50,170,31,25,20260917
truffle_grey_salt_caramel_0041,data/synthetic_slots/v1/dataset/images/train/truffle_grey_salt_caramel/truffle_grey_salt_caramel_0041.jpg,train,occupied,truffle_grey_salt_caramel,Grey Salt Caramel,IMG_1975_c004,IMG_1975.jpg,manual_polygon,IMG_2019_r02_c02.jpg,IMG_2019.jpg,6,152,29,30,20260917
truffle_grey_salt_caramel_0042,data/synthetic_slots/v1/dataset/images/train/truffle_grey_salt_caramel/truffle_grey_salt_caramel_0042.jpg,train,occupied,truffle_grey_salt_caramel,Grey Salt Caramel,IMG_1975_c004,IMG_1975.jpg,manual_polygon,IMG_2025_r04_c02.jpg,IMG_2025.jpg,16,157,30,40,20260917
truffle_grey_salt_caramel_0043,data/synthetic_slots/v1/dataset/images/train/truffle_grey_salt_caramel/truffle_grey_salt_caramel_0043.jpg,train,occupied,truffle_grey_salt_caramel,Grey Salt Caramel,IMG_1975_c004,IMG_1975.jpg,manual_polygon,IMG_2028_r05_c04.jpg,IMG_2028.jpg,30,169,31,18,20260917
truffle_grey_salt_caramel_0044,data/synthetic_slots/v1/dataset/images/train/truffle_grey_salt_caramel/truffle_grey_salt_caramel_0044.jpg,train,occupied,truffle_grey_salt_caramel,Grey Salt Caramel,IMG_1975_c004,IMG_1975.jpg,manual_polygon,IMG_2033_r03_c02.jpg,IMG_2033.jpg,50,181,20,15,20260917
truffle_grey_salt_caramel_0045,data/synthetic_slots/v1/dataset/images/train/truffle_grey_salt_caramel/truffle_grey_salt_caramel_0045.jpg,train,occupied,truffle_grey_salt_caramel,Grey Salt Caramel,IMG_1975_c004,IMG_1975.jpg,manual_polygon,IMG_2021_r03_c01.jpg,IMG_2021.jpg,6,166,37,25,20260917
truffle_grey_salt_caramel_0046,data/synthetic_slots/v1/dataset/images/train/truffle_grey_salt_caramel/truffle_grey_salt_caramel_0046.jpg,train,occupied,truffle_grey_salt_caramel,Grey Salt Caramel,IMG_1975_c004,IMG_1975.jpg,manual_polygon,IMG_2025_r02_c01.jpg,IMG_2025.jpg,16,162,30,30,20260917
truffle_grey_salt_caramel_0047,data/synthetic_slots/v1/dataset/images/train/truffle_grey_salt_caramel/truffle_grey_salt_caramel_0047.jpg,train,occupied,truffle_grey_salt_caramel,Grey Salt Caramel,IMG_1975_c004,IMG_1975.jpg,manual_polygon,IMG_2027_r03_c04.jpg,IMG_2027.jpg,30,164,29,33,20260917
truffle_grey_salt_caramel_0048,data/synthetic_slots/v1/dataset/images/train/truffle_grey_salt_caramel/truffle_grey_salt_caramel_0048.jpg,train,occupied,truffle_grey_salt_caramel,Grey Salt Caramel,IMG_1975_c004,IMG_1975.jpg,manual_polygon,IMG_2032_r01_c02.jpg,IMG_2032.jpg,50,167,30,32,20260917
truffle_grey_salt_caramel_0049,data/synthetic_slots/v1/dataset/images/train/truffle_grey_salt_caramel/truffle_grey_salt_caramel_0049.jpg,train,occupied,truffle_grey_salt_caramel,Grey Salt Caramel,IMG_1975_c004,IMG_1975.jpg,manual_polygon,IMG_2021_r02_c01.jpg,IMG_2021.jpg,6,146,36,40,20260917
truffle_grey_salt_caramel_0050,data/synthetic_slots/v1/dataset/images/train/truffle_grey_salt_caramel/truffle_grey_salt_caramel_0050.jpg,train,occupied,truffle_grey_salt_caramel,Grey Salt Caramel,IMG_1975_c004,IMG_1975.jpg,manual_polygon,IMG_2024_r01_c03.jpg,IMG_2024.jpg,16,167,23,28,20260917
truffle_grey_salt_caramel_0051,data/synthetic_slots/v1/dataset/images/train/truffle_grey_salt_caramel/truffle_grey_salt_caramel_0051.jpg,train,occupied,truffle_grey_salt_caramel,Grey Salt Caramel,IMG_1975_c004,IMG_1975.jpg,manual_polygon,IMG_2028_r01_c04.jpg,IMG_2028.jpg,30,171,18,23,20260917
truffle_grey_salt_caramel_0052,data/synthetic_slots/v1/dataset/images/train/truffle_grey_salt_caramel/truffle_grey_salt_caramel_0052.jpg,train,occupied,truffle_grey_salt_caramel,Grey Salt Caramel,IMG_1975_c004,IMG_1975.jpg,manual_polygon,IMG_2032_r08_c02.jpg,IMG_2032.jpg,50,145,47,41,20260917
truffle_grey_salt_caramel_0053,data/synthetic_slots/v1/dataset/images/train/truffle_grey_salt_caramel/truffle_grey_salt_caramel_0053.jpg,train,occupied,truffle_grey_salt_caramel,Grey Salt Caramel,IMG_1975_c004,IMG_1975.jpg,manual_polygon,IMG_2019_r01_c01.jpg,IMG_2019.jpg,6,180,21,22,20260917
truffle_grey_salt_caramel_0054,data/synthetic_slots/v1/dataset/images/train/truffle_grey_salt_caramel/truffle_grey_salt_caramel_0054.jpg,train,occupied,truffle_grey_salt_caramel,Grey Salt Caramel,IMG_1975_c004,IMG_1975.jpg,manual_polygon,IMG_2025_r03_c02.jpg,IMG_2025.jpg,16,174,31,30,20260917
truffle_grey_salt_caramel_0055,data/synthetic_slots/v1/dataset/images/train/truffle_grey_salt_caramel/truffle_grey_salt_caramel_0055.jpg,train,occupied,truffle_grey_salt_caramel,Grey Salt Caramel,IMG_1975_c004,IMG_1975.jpg,manual_polygon,IMG_2029_r06_c02.jpg,IMG_2029.jpg,30,152,28,28,20260917
truffle_grey_salt_caramel_0056,data/synthetic_slots/v1/dataset/images/train/truffle_grey_salt_caramel/truffle_grey_salt_caramel_0056.jpg,train,occupied,truffle_grey_salt_caramel,Grey Salt Caramel,IMG_1975_c004,IMG_1975.jpg,manual_polygon,IMG_2033_r05_c03.jpg,IMG_2033.jpg,50,183,25,29,20260917
truffle_grey_salt_caramel_0057,data/synthetic_slots/v1/dataset/images/train/truffle_grey_salt_caramel/truffle_grey_salt_caramel_0057.jpg,train,occupied,truffle_grey_salt_caramel,Grey Salt Caramel,IMG_1975_c004,IMG_1975.jpg,manual_polygon,IMG_2021_r03_c02.jpg,IMG_2021.jpg,6,153,27,39,20260917
truffle_grey_salt_caramel_0058,data/synthetic_slots/v1/dataset/images/train/truffle_grey_salt_caramel/truffle_grey_salt_caramel_0058.jpg,train,occupied,truffle_grey_salt_caramel,Grey Salt Caramel,IMG_1975_c004,IMG_1975.jpg,manual_polygon,IMG_2025_r01_c02.jpg,IMG_2025.jpg,16,149,34,39,20260917
truffle_grey_salt_caramel_0059,data/synthetic_slots/v1/dataset/images/train/truffle_grey_salt_caramel/truffle_grey_salt_caramel_0059.jpg,train,occupied,truffle_grey_salt_caramel,Grey Salt Caramel,IMG_1975_c004,IMG_1975.jpg,manual_polygon,IMG_2027_r02_c05.jpg,IMG_2027.jpg,30,170,36,26,20260917
truffle_grey_salt_caramel_0060,data/synthetic_slots/v1/dataset/images/train/truffle_grey_salt_caramel/truffle_grey_salt_caramel_0060.jpg,train,occupied,truffle_grey_salt_caramel,Grey Salt Caramel,IMG_1975_c004,IMG_1975.jpg,manual_polygon,IMG_2032_r07_c01.jpg,IMG_2032.jpg,50,157,34,34,20260917
truffle_grey_salt_caramel_0061,data/synthetic_slots/v1/dataset/images/train/truffle_grey_salt_caramel/truffle_grey_salt_caramel_0061.jpg,train,occupied,truffle_grey_salt_caramel,Grey Salt Caramel,IMG_1975_c004,IMG_1975.jpg,manual_polygon,IMG_2021_r01_c02.jpg,IMG_2021.jpg,6,165,33,20,20260917
truffle_grey_salt_caramel_0062,data/synthetic_slots/v1/dataset/images/train/truffle_grey_salt_caramel/truffle_grey_salt_caramel_0062.jpg,train,occupied,truffle_grey_salt_caramel,Grey Salt Caramel,IMG_1975_c004,IMG_1975.jpg,manual_polygon,IMG_2026_r02_c02.jpg,IMG_2026.jpg,16,174,34,19,20260917
truffle_grey_salt_caramel_0063,data/synthetic_slots/v1/dataset/images/train/truffle_grey_salt_caramel/truffle_grey_salt_caramel_0063.jpg,train,occupied,truffle_grey_salt_caramel,Grey Salt Caramel,IMG_1975_c004,IMG_1975.jpg,manual_polygon,IMG_2028_r06_c03.jpg,IMG_2028.jpg,30,159,29,30,20260917
truffle_grey_salt_caramel_0064,data/synthetic_slots/v1/dataset/images/train/truffle_grey_salt_caramel/truffle_grey_salt_caramel_0064.jpg,train,occupied,truffle_grey_salt_caramel,Grey Salt Caramel,IMG_1975_c004,IMG_1975.jpg,manual_polygon,IMG_2032_r07_c01.jpg,IMG_2032.jpg,50,185,27,13,20260917
truffle_grey_salt_caramel_0065,data/synthetic_slots/v1/dataset/images/train/truffle_grey_salt_caramel/truffle_grey_salt_caramel_0065.jpg,train,occupied,truffle_grey_salt_caramel,Grey Salt Caramel,IMG_1975_c004,IMG_1975.jpg,manual_polygon,IMG_2021_r01_c01.jpg,IMG_2021.jpg,6,161,39,34,20260917
truffle_grey_salt_caramel_0066,data/synthetic_slots/v1/dataset/images/train/truffle_grey_salt_caramel/truffle_grey_salt_caramel_0066.jpg,train,occupied,truffle_grey_salt_caramel,Grey Salt Caramel,IMG_1975_c004,IMG_1975.jpg,manual_polygon,IMG_2026_r01_c02.jpg,IMG_2026.jpg,16,181,26,29,20260917
truffle_grey_salt_caramel_0067,data/synthetic_slots/v1/dataset/images/train/truffle_grey_salt_caramel/truffle_grey_salt_caramel_0067.jpg,train,occupied,truffle_grey_salt_caramel,Grey Salt Caramel,IMG_1975_c004,IMG_1975.jpg,manual_polygon,IMG_2028_r02_c03.jpg,IMG_2028.jpg,30,176,20,31,20260917
truffle_grey_salt_caramel_0068,data/synthetic_slots/v1/dataset/images/train/truffle_grey_salt_caramel/truffle_grey_salt_caramel_0068.jpg,train,occupied,truffle_grey_salt_caramel,Grey Salt Caramel,IMG_1975_c004,IMG_1975.jpg,manual_polygon,IMG_2033_r08_c02.jpg,IMG_2033.jpg,50,168,34,31,20260917
truffle_grey_salt_caramel_0069,data/synthetic_slots/v1/dataset/images/train/truffle_grey_salt_caramel/truffle_grey_salt_caramel_0069.jpg,train,occupied,truffle_grey_salt_caramel,Grey Salt Caramel,IMG_1975_c004,IMG_1975.jpg,manual_polygon,IMG_2019_r03_c02.jpg,IMG_2019.jpg,6,154,42,27,20260917
truffle_grey_salt_caramel_0070,data/synthetic_slots/v1/dataset/images/train/truffle_grey_salt_caramel/truffle_grey_salt_caramel_0070.jpg,train,occupied,truffle_grey_salt_caramel,Grey Salt Caramel,IMG_1975_c004,IMG_1975.jpg,manual_polygon,IMG_2025_r01_c02.jpg,IMG_2025.jpg,16,175,25,16,20260917
truffle_grey_salt_caramel_0071,data/synthetic_slots/v1/dataset/images/train/truffle_grey_salt_caramel/truffle_grey_salt_caramel_0071.jpg,train,occupied,truffle_grey_salt_caramel,Grey Salt Caramel,IMG_1975_c004,IMG_1975.jpg,manual_polygon,IMG_2028_r03_c01.jpg,IMG_2028.jpg,30,168,35,25,20260917
truffle_grey_salt_caramel_0072,data/synthetic_slots/v1/dataset/images/train/truffle_grey_salt_caramel/truffle_grey_salt_caramel_0072.jpg,train,occupied,truffle_grey_salt_caramel,Grey Salt Caramel,IMG_1975_c004,IMG_1975.jpg,manual_polygon,IMG_2032_r10_c04.jpg,IMG_2032.jpg,50,182,25,16,20260917
truffle_grey_salt_caramel_0073,data/synthetic_slots/v1/dataset/images/train/truffle_grey_salt_caramel/truffle_grey_salt_caramel_0073.jpg,train,occupied,truffle_grey_salt_caramel,Grey Salt Caramel,IMG_1975_c004,IMG_1975.jpg,manual_polygon,IMG_2019_r03_c01.jpg,IMG_2019.jpg,6,180,22,21,20260917
truffle_grey_salt_caramel_0074,data/synthetic_slots/v1/dataset/images/train/truffle_grey_salt_caramel/truffle_grey_salt_caramel_0074.jpg,train,occupied,truffle_grey_salt_caramel,Grey Salt Caramel,IMG_1975_c004,IMG_1975.jpg,manual_polygon,IMG_2022_r01_c04.jpg,IMG_2022.jpg,16,182,14,20,20260917
truffle_grey_salt_caramel_0075,data/synthetic_slots/v1/dataset/images/train/truffle_grey_salt_caramel/truffle_grey_salt_caramel_0075.jpg,train,occupied,truffle_grey_salt_caramel,Grey Salt Caramel,IMG_1975_c004,IMG_1975.jpg,manual_polygon,IMG_2029_r03_c01.jpg,IMG_2029.jpg,30,152,32,29,20260917
truffle_grey_salt_caramel_0076,data/synthetic_slots/v1/dataset/images/train/truffle_grey_salt_caramel/truffle_grey_salt_caramel_0076.jpg,train,occupied,truffle_grey_salt_caramel,Grey Salt Caramel,IMG_1975_c004,IMG_1975.jpg,manual_polygon,IMG_2032_r01_c04.jpg,IMG_2032.jpg,50,148,32,41,20260917
truffle_grey_salt_caramel_0077,data/synthetic_slots/v1/dataset/images/train/truffle_grey_salt_caramel/truffle_grey_salt_caramel_0077.jpg,train,occupied,truffle_grey_salt_caramel,Grey Salt Caramel,IMG_1975_c004,IMG_1975.jpg,manual_polygon,IMG_2019_r02_c02.jpg,IMG_2019.jpg,6,153,38,31,20260917
truffle_grey_salt_caramel_0078,data/synthetic_slots/v1/dataset/images/train/truffle_grey_salt_caramel/truffle_grey_salt_caramel_0078.jpg,train,occupied,truffle_grey_salt_caramel,Grey Salt Caramel,IMG_1975_c004,IMG_1975.jpg,manual_polygon,IMG_2026_r04_c02.jpg,IMG_2026.jpg,16,175,24,33,20260917
truffle_grey_salt_caramel_0079,data/synthetic_slots/v1/dataset/images/train/truffle_grey_salt_caramel/truffle_grey_salt_caramel_0079.jpg,train,occupied,truffle_grey_salt_caramel,Grey Salt Caramel,IMG_1975_c004,IMG_1975.jpg,manual_polygon,IMG_2029_r05_c02.jpg,IMG_2029.jpg,30,154,26,38,20260917
truffle_grey_salt_caramel_0080,data/synthetic_slots/v1/dataset/images/train/truffle_grey_salt_caramel/truffle_grey_salt_caramel_0080.jpg,train,occupied,truffle_grey_salt_caramel,Grey Salt Caramel,IMG_1975_c004,IMG_1975.jpg,manual_polygon,IMG_2031_r08_c02.jpg,IMG_2031.jpg,50,172,24,30,20260917
truffle_grey_salt_caramel_0081,data/synthetic_slots/v1/dataset/images/validation/truffle_grey_salt_caramel/truffle_grey_salt_caramel_0081.jpg,validation,occupied,truffle_grey_salt_caramel,Grey Salt Caramel,IMG_1975_c004,IMG_1975.jpg,manual_polygon,IMG_2020_r02_c02.jpg,IMG_2020.jpg,6,181,27,18,20260917
truffle_grey_salt_caramel_0082,data/synthetic_slots/v1/dataset/images/validation/truffle_grey_salt_caramel/truffle_grey_salt_caramel_0082.jpg,validation,occupied,truffle_grey_salt_caramel,Grey Salt Caramel,IMG_1975_c004,IMG_1975.jpg,manual_polygon,IMG_2023_r03_c04.jpg,IMG_2023.jpg,16,181,12,18,20260917
truffle_grey_salt_caramel_0083,data/synthetic_slots/v1/dataset/images/validation/truffle_grey_salt_caramel/truffle_grey_salt_caramel_0083.jpg,validation,occupied,truffle_grey_salt_caramel,Grey Salt Caramel,IMG_1975_c004,IMG_1975.jpg,manual_polygon,IMG_2030_r06_c05.jpg,IMG_2030.jpg,30,146,37,34,20260917
truffle_grey_salt_caramel_0084,data/synthetic_slots/v1/dataset/images/validation/truffle_grey_salt_caramel/truffle_grey_salt_caramel_0084.jpg,validation,occupied,truffle_grey_salt_caramel,Grey Salt Caramel,IMG_1975_c004,IMG_1975.jpg,manual_polygon,IMG_2034_r04_c04.jpg,IMG_2034.jpg,50,145,35,48,20260917
truffle_grey_salt_caramel_0085,data/synthetic_slots/v1/dataset/images/validation/truffle_grey_salt_caramel/truffle_grey_salt_caramel_0085.jpg,validation,occupied,truffle_grey_salt_caramel,Grey Salt Caramel,IMG_1975_c004,IMG_1975.jpg,manual_polygon,IMG_2020_r03_c01.jpg,IMG_2020.jpg,6,171,31,19,20260917
truffle_grey_salt_caramel_0086,data/synthetic_slots/v1/dataset/images/validation/truffle_grey_salt_caramel/truffle_grey_salt_caramel_0086.jpg,validation,occupied,truffle_grey_salt_caramel,Grey Salt Caramel,IMG_1975_c004,IMG_1975.jpg,manual_polygon,IMG_2023_r03_c03.jpg,IMG_2023.jpg,16,178,20,24,20260917
truffle_grey_salt_caramel_0087,data/synthetic_slots/v1/dataset/images/validation/truffle_grey_salt_caramel/truffle_grey_salt_caramel_0087.jpg,validation,occupied,truffle_grey_salt_caramel,Grey Salt Caramel,IMG_1975_c004,IMG_1975.jpg,manual_polygon,IMG_2030_r06_c03.jpg,IMG_2030.jpg,30,181,26,20,20260917
truffle_grey_salt_caramel_0088,data/synthetic_slots/v1/dataset/images/validation/truffle_grey_salt_caramel/truffle_grey_salt_caramel_0088.jpg,validation,occupied,truffle_grey_salt_caramel,Grey Salt Caramel,IMG_1975_c004,IMG_1975.jpg,manual_polygon,IMG_2034_r04_c03.jpg,IMG_2034.jpg,50,176,15,30,20260917
truffle_grey_salt_caramel_0089,data/synthetic_slots/v1/dataset/images/validation/truffle_grey_salt_caramel/truffle_grey_salt_caramel_0089.jpg,validation,occupied,truffle_grey_salt_caramel,Grey Salt Caramel,IMG_1975_c004,IMG_1975.jpg,manual_polygon,IMG_2020_r03_c02.jpg,IMG_2020.jpg,6,177,23,15,20260917
truffle_grey_salt_caramel_0090,data/synthetic_slots/v1/dataset/images/validation/truffle_grey_salt_caramel/truffle_grey_salt_caramel_0090.jpg,validation,occupied,truffle_grey_salt_caramel,Grey Salt Caramel,IMG_1975_c004,IMG_1975.jpg,manual_polygon,IMG_2023_r03_c03.jpg,IMG_2023.jpg,16,145,34,36,20260917
truffle_grey_salt_caramel_0091,data/synthetic_slots/v1/dataset/images/validation/truffle_grey_salt_caramel/truffle_grey_salt_caramel_0091.jpg,validation,occupied,truffle_grey_salt_caramel,Grey Salt Caramel,IMG_1975_c004,IMG_1975.jpg,manual_polygon,IMG_2030_r03_c01.jpg,IMG_2030.jpg,30,157,38,36,20260917
truffle_grey_salt_caramel_0092,data/synthetic_slots/v1/dataset/images/validation/truffle_grey_salt_caramel/truffle_grey_salt_caramel_0092.jpg,validation,occupied,truffle_grey_salt_caramel,Grey Salt Caramel,IMG_1975_c004,IMG_1975.jpg,manual_polygon,IMG_2034_r08_c05.jpg,IMG_2034.jpg,50,180,16,15,20260917
truffle_grey_salt_caramel_0093,data/synthetic_slots/v1/dataset/images/validation/truffle_grey_salt_caramel/truffle_grey_salt_caramel_0093.jpg,validation,occupied,truffle_grey_salt_caramel,Grey Salt Caramel,IMG_1975_c004,IMG_1975.jpg,manual_polygon,IMG_2020_r01_c02.jpg,IMG_2020.jpg,6,156,40,40,20260917
truffle_grey_salt_caramel_0094,data/synthetic_slots/v1/dataset/images/validation/truffle_grey_salt_caramel/truffle_grey_salt_caramel_0094.jpg,validation,occupied,truffle_grey_salt_caramel,Grey Salt Caramel,IMG_1975_c004,IMG_1975.jpg,manual_polygon,IMG_2023_r04_c02.jpg,IMG_2023.jpg,16,165,33,35,20260917
truffle_grey_salt_caramel_0095,data/synthetic_slots/v1/dataset/images/validation/truffle_grey_salt_caramel/truffle_grey_salt_caramel_0095.jpg,validation,occupied,truffle_grey_salt_caramel,Grey Salt Caramel,IMG_1975_c004,IMG_1975.jpg,manual_polygon,IMG_2030_r02_c03.jpg,IMG_2030.jpg,30,154,44,32,20260917
truffle_grey_salt_caramel_0096,data/synthetic_slots/v1/dataset/images/validation/truffle_grey_salt_caramel/truffle_grey_salt_caramel_0096.jpg,validation,occupied,truffle_grey_salt_caramel,Grey Salt Caramel,IMG_1975_c004,IMG_1975.jpg,manual_polygon,IMG_2034_r01_c03.jpg,IMG_2034.jpg,50,170,33,33,20260917
truffle_grey_salt_caramel_0097,data/synthetic_slots/v1/dataset/images/validation/truffle_grey_salt_caramel/truffle_grey_salt_caramel_0097.jpg,validation,occupied,truffle_grey_salt_caramel,Grey Salt Caramel,IMG_1975_c004,IMG_1975.jpg,manual_polygon,IMG_2020_r03_c01.jpg,IMG_2020.jpg,6,158,30,34,20260917
truffle_grey_salt_caramel_0098,data/synthetic_slots/v1/dataset/images/validation/truffle_grey_salt_caramel/truffle_grey_salt_caramel_0098.jpg,validation,occupied,truffle_grey_salt_caramel,Grey Salt Caramel,IMG_1975_c004,IMG_1975.jpg,manual_polygon,IMG_2023_r04_c01.jpg,IMG_2023.jpg,16,152,38,41,20260917
truffle_grey_salt_caramel_0099,data/synthetic_slots/v1/dataset/images/validation/truffle_grey_salt_caramel/truffle_grey_salt_caramel_0099.jpg,validation,occupied,truffle_grey_salt_caramel,Grey Salt Caramel,IMG_1975_c004,IMG_1975.jpg,manual_polygon,IMG_2030_r04_c03.jpg,IMG_2030.jpg,30,165,30,37,20260917
truffle_grey_salt_caramel_0100,data/synthetic_slots/v1/dataset/images/validation/truffle_grey_salt_caramel/truffle_grey_salt_caramel_0100.jpg,validation,occupied,truffle_grey_salt_caramel,Grey Salt Caramel,IMG_1975_c004,IMG_1975.jpg,manual_polygon,IMG_2034_r05_c02.jpg,IMG_2034.jpg,50,184,26,22,20260917
truffle_key_lime_pie_0001,data/synthetic_slots/v1/dataset/images/train/truffle_key_lime_pie/truffle_key_lime_pie_0001.jpg,train,occupied,truffle_key_lime_pie,Key Lime Pie,IMG_1995_c011,IMG_1995.jpg,manual_polygon,IMG_2019_r01_c01.jpg,IMG_2019.jpg,6,178,25,31,20260917
truffle_key_lime_pie_0002,data/synthetic_slots/v1/dataset/images/train/truffle_key_lime_pie/truffle_key_lime_pie_0002.jpg,train,occupied,truffle_key_lime_pie,Key Lime Pie,IMG_1995_c011,IMG_1995.jpg,manual_polygon,IMG_2026_r01_c01.jpg,IMG_2026.jpg,16,170,32,19,20260917
truffle_key_lime_pie_0003,data/synthetic_slots/v1/dataset/images/train/truffle_key_lime_pie/truffle_key_lime_pie_0003.jpg,train,occupied,truffle_key_lime_pie,Key Lime Pie,IMG_1995_c011,IMG_1995.jpg,manual_polygon,IMG_2028_r05_c01.jpg,IMG_2028.jpg,30,173,18,29,20260917
truffle_key_lime_pie_0004,data/synthetic_slots/v1/dataset/images/train/truffle_key_lime_pie/truffle_key_lime_pie_0004.jpg,train,occupied,truffle_key_lime_pie,Key Lime Pie,IMG_1995_c011,IMG_1995.jpg,manual_polygon,IMG_2032_r07_c03.jpg,IMG_2032.jpg,50,160,26,35,20260917
truffle_key_lime_pie_0005,data/synthetic_slots/v1/dataset/images/train/truffle_key_lime_pie/truffle_key_lime_pie_0005.jpg,train,occupied,truffle_key_lime_pie,Key Lime Pie,IMG_1995_c011,IMG_1995.jpg,manual_polygon,IMG_2019_r02_c02.jpg,IMG_2019.jpg,6,151,46,36,20260917
truffle_key_lime_pie_0006,data/synthetic_slots/v1/dataset/images/train/truffle_key_lime_pie/truffle_key_lime_pie_0006.jpg,train,occupied,truffle_key_lime_pie,Key Lime Pie,IMG_1995_c011,IMG_1995.jpg,manual_polygon,IMG_2025_r02_c04.jpg,IMG_2025.jpg,16,180,22,30,20260917
truffle_key_lime_pie_0007,data/synthetic_slots/v1/dataset/images/train/truffle_key_lime_pie/truffle_key_lime_pie_0007.jpg,train,occupied,truffle_key_lime_pie,Key Lime Pie,IMG_1995_c011,IMG_1995.jpg,manual_polygon,IMG_2028_r03_c02.jpg,IMG_2028.jpg,30,169,20,35,20260917
truffle_key_lime_pie_0008,data/synthetic_slots/v1/dataset/images/train/truffle_key_lime_pie/truffle_key_lime_pie_0008.jpg,train,occupied,truffle_key_lime_pie,Key Lime Pie,IMG_1995_c011,IMG_1995.jpg,manual_polygon,IMG_2031_r03_c03.jpg,IMG_2031.jpg,50,178,16,32,20260917
truffle_key_lime_pie_0009,data/synthetic_slots/v1/dataset/images/train/truffle_key_lime_pie/truffle_key_lime_pie_0009.jpg,train,occupied,truffle_key_lime_pie,Key Lime Pie,IMG_1995_c011,IMG_1995.jpg,manual_polygon,IMG_2021_r03_c02.jpg,IMG_2021.jpg,6,182,13,20,20260917
truffle_key_lime_pie_0010,data/synthetic_slots/v1/dataset/images/train/truffle_key_lime_pie/truffle_key_lime_pie_0010.jpg,train,occupied,truffle_key_lime_pie,Key Lime Pie,IMG_1995_c011,IMG_1995.jpg,manual_polygon,IMG_2025_r04_c01.jpg,IMG_2025.jpg,16,170,23,27,20260917
truffle_key_lime_pie_0011,data/synthetic_slots/v1/dataset/images/train/truffle_key_lime_pie/truffle_key_lime_pie_0011.jpg,train,occupied,truffle_key_lime_pie,Key Lime Pie,IMG_1995_c011,IMG_1995.jpg,manual_polygon,IMG_2027_r05_c04.jpg,IMG_2027.jpg,30,152,44,35,20260917
truffle_key_lime_pie_0012,data/synthetic_slots/v1/dataset/images/train/truffle_key_lime_pie/truffle_key_lime_pie_0012.jpg,train,occupied,truffle_key_lime_pie,Key Lime Pie,IMG_1995_c011,IMG_1995.jpg,manual_polygon,IMG_2032_r05_c05.jpg,IMG_2032.jpg,50,157,38,37,20260917
truffle_key_lime_pie_0013,data/synthetic_slots/v1/dataset/images/train/truffle_key_lime_pie/truffle_key_lime_pie_0013.jpg,train,occupied,truffle_key_lime_pie,Key Lime Pie,IMG_1995_c011,IMG_1995.jpg,manual_polygon,IMG_2019_r03_c02.jpg,IMG_2019.jpg,6,185,21,20,20260917
truffle_key_lime_pie_0014,data/synthetic_slots/v1/dataset/images/train/truffle_key_lime_pie/truffle_key_lime_pie_0014.jpg,train,occupied,truffle_key_lime_pie,Key Lime Pie,IMG_1995_c011,IMG_1995.jpg,manual_polygon,IMG_2026_r02_c01.jpg,IMG_2026.jpg,16,180,20,31,20260917
truffle_key_lime_pie_0015,data/synthetic_slots/v1/dataset/images/train/truffle_key_lime_pie/truffle_key_lime_pie_0015.jpg,train,occupied,truffle_key_lime_pie,Key Lime Pie,IMG_1995_c011,IMG_1995.jpg,manual_polygon,IMG_2029_r03_c02.jpg,IMG_2029.jpg,30,152,39,29,20260917
truffle_key_lime_pie_0016,data/synthetic_slots/v1/dataset/images/train/truffle_key_lime_pie/truffle_key_lime_pie_0016.jpg,train,occupied,truffle_key_lime_pie,Key Lime Pie,IMG_1995_c011,IMG_1995.jpg,manual_polygon,IMG_2033_r03_c04.jpg,IMG_2033.jpg,50,155,37,29,20260917
truffle_key_lime_pie_0017,data/synthetic_slots/v1/dataset/images/train/truffle_key_lime_pie/truffle_key_lime_pie_0017.jpg,train,occupied,truffle_key_lime_pie,Key Lime Pie,IMG_1995_c011,IMG_1995.jpg,manual_polygon,IMG_2021_r01_c02.jpg,IMG_2021.jpg,6,150,35,39,20260917
truffle_key_lime_pie_0018,data/synthetic_slots/v1/dataset/images/train/truffle_key_lime_pie/truffle_key_lime_pie_0018.jpg,train,occupied,truffle_key_lime_pie,Key Lime Pie,IMG_1995_c011,IMG_1995.jpg,manual_polygon,IMG_2022_r01_c03.jpg,IMG_2022.jpg,16,151,38,33,20260917
truffle_key_lime_pie_0019,data/synthetic_slots/v1/dataset/images/train/truffle_key_lime_pie/truffle_key_lime_pie_0019.jpg,train,occupied,truffle_key_lime_pie,Key Lime Pie,IMG_1995_c011,IMG_1995.jpg,manual_polygon,IMG_2029_r02_c04.jpg,IMG_2029.jpg,30,169,21,24,20260917
truffle_key_lime_pie_0020,data/synthetic_slots/v1/dataset/images/train/truffle_key_lime_pie/truffle_key_lime_pie_0020.jpg,train,occupied,truffle_key_lime_pie,Key Lime Pie,IMG_1995_c011,IMG_1995.jpg,manual_polygon,IMG_2031_r04_c05.jpg,IMG_2031.jpg,50,164,28,33,20260917
truffle_key_lime_pie_0021,data/synthetic_slots/v1/dataset/images/train/truffle_key_lime_pie/truffle_key_lime_pie_0021.jpg,train,occupied,truffle_key_lime_pie,Key Lime Pie,IMG_1995_c011,IMG_1995.jpg,manual_polygon,IMG_2019_r02_c01.jpg,IMG_2019.jpg,6,156,39,41,20260917
truffle_key_lime_pie_0022,data/synthetic_slots/v1/dataset/images/train/truffle_key_lime_pie/truffle_key_lime_pie_0022.jpg,train,occupied,truffle_key_lime_pie,Key Lime Pie,IMG_1995_c011,IMG_1995.jpg,manual_polygon,IMG_2022_r03_c01.jpg,IMG_2022.jpg,16,175,29,22,20260917
truffle_key_lime_pie_0023,data/synthetic_slots/v1/dataset/images/train/truffle_key_lime_pie/truffle_key_lime_pie_0023.jpg,train,occupied,truffle_key_lime_pie,Key Lime Pie,IMG_1995_c011,IMG_1995.jpg,manual_polygon,IMG_2028_r01_c03.jpg,IMG_2028.jpg,30,182,17,21,20260917
truffle_key_lime_pie_0024,data/synthetic_slots/v1/dataset/images/train/truffle_key_lime_pie/truffle_key_lime_pie_0024.jpg,train,occupied,truffle_key_lime_pie,Key Lime Pie,IMG_1995_c011,IMG_1995.jpg,manual_polygon,IMG_2033_r08_c01.jpg,IMG_2033.jpg,50,146,41,41,20260917
truffle_key_lime_pie_0025,data/synthetic_slots/v1/dataset/images/train/truffle_key_lime_pie/truffle_key_lime_pie_0025.jpg,train,occupied,truffle_key_lime_pie,Key Lime Pie,IMG_1995_c011,IMG_1995.jpg,manual_polygon,IMG_2021_r02_c01.jpg,IMG_2021.jpg,6,163,27,21,20260917
truffle_key_lime_pie_0026,data/synthetic_slots/v1/dataset/images/train/truffle_key_lime_pie/truffle_key_lime_pie_0026.jpg,train,occupied,truffle_key_lime_pie,Key Lime Pie,IMG_1995_c011,IMG_1995.jpg,manual_polygon,IMG_2025_r02_c03.jpg,IMG_2025.jpg,16,173,28,29,20260917
truffle_key_lime_pie_0027,data/synthetic_slots/v1/dataset/images/train/truffle_key_lime_pie/truffle_key_lime_pie_0027.jpg,train,occupied,truffle_key_lime_pie,Key Lime Pie,IMG_1995_c011,IMG_1995.jpg,manual_polygon,IMG_2029_r02_c03.jpg,IMG_2029.jpg,30,152,45,38,20260917
truffle_key_lime_pie_0028,data/synthetic_slots/v1/dataset/images/train/truffle_key_lime_pie/truffle_key_lime_pie_0028.jpg,train,occupied,truffle_key_lime_pie,Key Lime Pie,IMG_1995_c011,IMG_1995.jpg,manual_polygon,IMG_2033_r03_c01.jpg,IMG_2033.jpg,50,171,18,35,20260917
truffle_key_lime_pie_0029,data/synthetic_slots/v1/dataset/images/train/truffle_key_lime_pie/truffle_key_lime_pie_0029.jpg,train,occupied,truffle_key_lime_pie,Key Lime Pie,IMG_1995_c011,IMG_1995.jpg,manual_polygon,IMG_2021_r02_c02.jpg,IMG_2021.jpg,6,169,29,30,20260917
truffle_key_lime_pie_0030,data/synthetic_slots/v1/dataset/images/train/truffle_key_lime_pie/truffle_key_lime_pie_0030.jpg,train,occupied,truffle_key_lime_pie,Key Lime Pie,IMG_1995_c011,IMG_1995.jpg,manual_polygon,IMG_2026_r02_c03.jpg,IMG_2026.jpg,16,178,27,22,20260917
truffle_key_lime_pie_0031,data/synthetic_slots/v1/dataset/images/train/truffle_key_lime_pie/truffle_key_lime_pie_0031.jpg,train,occupied,truffle_key_lime_pie,Key Lime Pie,IMG_1995_c011,IMG_1995.jpg,manual_polygon,IMG_2029_r06_c03.jpg,IMG_2029.jpg,30,145,45,44,20260917
truffle_key_lime_pie_0032,data/synthetic_slots/v1/dataset/images/train/truffle_key_lime_pie/truffle_key_lime_pie_0032.jpg,train,occupied,truffle_key_lime_pie,Key Lime Pie,IMG_1995_c011,IMG_1995.jpg,manual_polygon,IMG_2031_r01_c01.jpg,IMG_2031.jpg,50,148,39,46,20260917
truffle_key_lime_pie_0033,data/synthetic_slots/v1/dataset/images/train/truffle_key_lime_pie/truffle_key_lime_pie_0033.jpg,train,occupied,truffle_key_lime_pie,Key Lime Pie,IMG_1995_c011,IMG_1995.jpg,manual_polygon,IMG_2021_r01_c02.jpg,IMG_2021.jpg,6,177,16,28,20260917
truffle_key_lime_pie_0034,data/synthetic_slots/v1/dataset/images/train/truffle_key_lime_pie/truffle_key_lime_pie_0034.jpg,train,occupied,truffle_key_lime_pie,Key Lime Pie,IMG_1995_c011,IMG_1995.jpg,manual_polygon,IMG_2024_r04_c01.jpg,IMG_2024.jpg,16,156,43,29,20260917
truffle_key_lime_pie_0035,data/synthetic_slots/v1/dataset/images/train/truffle_key_lime_pie/truffle_key_lime_pie_0035.jpg,train,occupied,truffle_key_lime_pie,Key Lime Pie,IMG_1995_c011,IMG_1995.jpg,manual_polygon,IMG_2029_r02_c01.jpg,IMG_2029.jpg,30,151,33,38,20260917
truffle_key_lime_pie_0036,data/synthetic_slots/v1/dataset/images/train/truffle_key_lime_pie/truffle_key_lime_pie_0036.jpg,train,occupied,truffle_key_lime_pie,Key Lime Pie,IMG_1995_c011,IMG_1995.jpg,manual_polygon,IMG_2031_r06_c03.jpg,IMG_2031.jpg,50,156,32,32,20260917
truffle_key_lime_pie_0037,data/synthetic_slots/v1/dataset/images/train/truffle_key_lime_pie/truffle_key_lime_pie_0037.jpg,train,occupied,truffle_key_lime_pie,Key Lime Pie,IMG_1995_c011,IMG_1995.jpg,manual_polygon,IMG_2019_r01_c02.jpg,IMG_2019.jpg,6,161,40,40,20260917
truffle_key_lime_pie_0038,data/synthetic_slots/v1/dataset/images/train/truffle_key_lime_pie/truffle_key_lime_pie_0038.jpg,train,occupied,truffle_key_lime_pie,Key Lime Pie,IMG_1995_c011,IMG_1995.jpg,manual_polygon,IMG_2025_r02_c01.jpg,IMG_2025.jpg,16,148,38,44,20260917
truffle_key_lime_pie_0039,data/synthetic_slots/v1/dataset/images/train/truffle_key_lime_pie/truffle_key_lime_pie_0039.jpg,train,occupied,truffle_key_lime_pie,Key Lime Pie,IMG_1995_c011,IMG_1995.jpg,manual_polygon,IMG_2027_r05_c02.jpg,IMG_2027.jpg,30,161,24,24,20260917
truffle_key_lime_pie_0040,data/synthetic_slots/v1/dataset/images/train/truffle_key_lime_pie/truffle_key_lime_pie_0040.jpg,train,occupied,truffle_key_lime_pie,Key Lime Pie,IMG_1995_c011,IMG_1995.jpg,manual_polygon,IMG_2032_r03_c05.jpg,IMG_2032.jpg,50,184,22,29,20260917
truffle_key_lime_pie_0041,data/synthetic_slots/v1/dataset/images/train/truffle_key_lime_pie/truffle_key_lime_pie_0041.jpg,train,occupied,truffle_key_lime_pie,Key Lime Pie,IMG_1995_c011,IMG_1995.jpg,manual_polygon,IMG_2021_r03_c01.jpg,IMG_2021.jpg,6,157,27,40,20260917
truffle_key_lime_pie_0042,data/synthetic_slots/v1/dataset/images/train/truffle_key_lime_pie/truffle_key_lime_pie_0042.jpg,train,occupied,truffle_key_lime_pie,Key Lime Pie,IMG_1995_c011,IMG_1995.jpg,manual_polygon,IMG_2025_r01_c03.jpg,IMG_2025.jpg,16,154,27,43,20260917
truffle_key_lime_pie_0043,data/synthetic_slots/v1/dataset/images/train/truffle_key_lime_pie/truffle_key_lime_pie_0043.jpg,train,occupied,truffle_key_lime_pie,Key Lime Pie,IMG_1995_c011,IMG_1995.jpg,manual_polygon,IMG_2029_r02_c01.jpg,IMG_2029.jpg,30,147,48,34,20260917
truffle_key_lime_pie_0044,data/synthetic_slots/v1/dataset/images/train/truffle_key_lime_pie/truffle_key_lime_pie_0044.jpg,train,occupied,truffle_key_lime_pie,Key Lime Pie,IMG_1995_c011,IMG_1995.jpg,manual_polygon,IMG_2033_r08_c05.jpg,IMG_2033.jpg,50,161,31,28,20260917
truffle_key_lime_pie_0045,data/synthetic_slots/v1/dataset/images/train/truffle_key_lime_pie/truffle_key_lime_pie_0045.jpg,train,occupied,truffle_key_lime_pie,Key Lime Pie,IMG_1995_c011,IMG_1995.jpg,manual_polygon,IMG_2019_r02_c02.jpg,IMG_2019.jpg,6,157,32,32,20260917
truffle_key_lime_pie_0046,data/synthetic_slots/v1/dataset/images/train/truffle_key_lime_pie/truffle_key_lime_pie_0046.jpg,train,occupied,truffle_key_lime_pie,Key Lime Pie,IMG_1995_c011,IMG_1995.jpg,manual_polygon,IMG_2026_r01_c04.jpg,IMG_2026.jpg,16,159,35,40,20260917
truffle_key_lime_pie_0047,data/synthetic_slots/v1/dataset/images/train/truffle_key_lime_pie/truffle_key_lime_pie_0047.jpg,train,occupied,truffle_key_lime_pie,Key Lime Pie,IMG_1995_c011,IMG_1995.jpg,manual_polygon,IMG_2027_r05_c05.jpg,IMG_2027.jpg,30,171,31,19,20260917
truffle_key_lime_pie_0048,data/synthetic_slots/v1/dataset/images/train/truffle_key_lime_pie/truffle_key_lime_pie_0048.jpg,train,occupied,truffle_key_lime_pie,Key Lime Pie,IMG_1995_c011,IMG_1995.jpg,manual_polygon,IMG_2033_r06_c02.jpg,IMG_2033.jpg,50,173,17,32,20260917
truffle_key_lime_pie_0049,data/synthetic_slots/v1/dataset/images/train/truffle_key_lime_pie/truffle_key_lime_pie_0049.jpg,train,occupied,truffle_key_lime_pie,Key Lime Pie,IMG_1995_c011,IMG_1995.jpg,manual_polygon,IMG_2019_r01_c02.jpg,IMG_2019.jpg,6,153,45,37,20260917
truffle_key_lime_pie_0050,data/synthetic_slots/v1/dataset/images/train/truffle_key_lime_pie/truffle_key_lime_pie_0050.jpg,train,occupied,truffle_key_lime_pie,Key Lime Pie,IMG_1995_c011,IMG_1995.jpg,manual_polygon,IMG_2022_r03_c01.jpg,IMG_2022.jpg,16,172,30,20,20260917
truffle_key_lime_pie_0051,data/synthetic_slots/v1/dataset/images/train/truffle_key_lime_pie/truffle_key_lime_pie_0051.jpg,train,occupied,truffle_key_lime_pie,Key Lime Pie,IMG_1995_c011,IMG_1995.jpg,manual_polygon,IMG_2027_r02_c02.jpg,IMG_2027.jpg,30,149,30,28,20260917
truffle_key_lime_pie_0052,data/synthetic_slots/v1/dataset/images/train/truffle_key_lime_pie/truffle_key_lime_pie_0052.jpg,train,occupied,truffle_key_lime_pie,Key Lime Pie,IMG_1995_c011,IMG_1995.jpg,manual_polygon,IMG_2031_r02_c04.jpg,IMG_2031.jpg,50,165,23,20,20260917
truffle_key_lime_pie_0053,data/synthetic_slots/v1/dataset/images/train/truffle_key_lime_pie/truffle_key_lime_pie_0053.jpg,train,occupied,truffle_key_lime_pie,Key Lime Pie,IMG_1995_c011,IMG_1995.jpg,manual_polygon,IMG_2021_r02_c02.jpg,IMG_2021.jpg,6,172,25,24,20260917
truffle_key_lime_pie_0054,data/synthetic_slots/v1/dataset/images/train/truffle_key_lime_pie/truffle_key_lime_pie_0054.jpg,train,occupied,truffle_key_lime_pie,Key Lime Pie,IMG_1995_c011,IMG_1995.jpg,manual_polygon,IMG_2022_r02_c01.jpg,IMG_2022.jpg,16,156,40,33,20260917
truffle_key_lime_pie_0055,data/synthetic_slots/v1/dataset/images/train/truffle_key_lime_pie/truffle_key_lime_pie_0055.jpg,train,occupied,truffle_key_lime_pie,Key Lime Pie,IMG_1995_c011,IMG_1995.jpg,manual_polygon,IMG_2029_r06_c05.jpg,IMG_2029.jpg,30,173,21,30,20260917
truffle_key_lime_pie_0056,data/synthetic_slots/v1/dataset/images/train/truffle_key_lime_pie/truffle_key_lime_pie_0056.jpg,train,occupied,truffle_key_lime_pie,Key Lime Pie,IMG_1995_c011,IMG_1995.jpg,manual_polygon,IMG_2031_r07_c01.jpg,IMG_2031.jpg,50,174,33,21,20260917
truffle_key_lime_pie_0057,data/synthetic_slots/v1/dataset/images/train/truffle_key_lime_pie/truffle_key_lime_pie_0057.jpg,train,occupied,truffle_key_lime_pie,Key Lime Pie,IMG_1995_c011,IMG_1995.jpg,manual_polygon,IMG_2019_r01_c02.jpg,IMG_2019.jpg,6,158,28,25,20260917
truffle_key_lime_pie_0058,data/synthetic_slots/v1/dataset/images/train/truffle_key_lime_pie/truffle_key_lime_pie_0058.jpg,train,occupied,truffle_key_lime_pie,Key Lime Pie,IMG_1995_c011,IMG_1995.jpg,manual_polygon,IMG_2022_r03_c04.jpg,IMG_2022.jpg,16,166,30,36,20260917
truffle_key_lime_pie_0059,data/synthetic_slots/v1/dataset/images/train/truffle_key_lime_pie/truffle_key_lime_pie_0059.jpg,train,occupied,truffle_key_lime_pie,Key Lime Pie,IMG_1995_c011,IMG_1995.jpg,manual_polygon,IMG_2029_r05_c05.jpg,IMG_2029.jpg,30,173,31,25,20260917
truffle_key_lime_pie_0060,data/synthetic_slots/v1/dataset/images/train/truffle_key_lime_pie/truffle_key_lime_pie_0060.jpg,train,occupied,truffle_key_lime_pie,Key Lime Pie,IMG_1995_c011,IMG_1995.jpg,manual_polygon,IMG_2033_r05_c02.jpg,IMG_2033.jpg,50,183,14,24,20260917
truffle_key_lime_pie_0061,data/synthetic_slots/v1/dataset/images/train/truffle_key_lime_pie/truffle_key_lime_pie_0061.jpg,train,occupied,truffle_key_lime_pie,Key Lime Pie,IMG_1995_c011,IMG_1995.jpg,manual_polygon,IMG_2019_r02_c01.jpg,IMG_2019.jpg,6,171,28,20,20260917
truffle_key_lime_pie_0062,data/synthetic_slots/v1/dataset/images/train/truffle_key_lime_pie/truffle_key_lime_pie_0062.jpg,train,occupied,truffle_key_lime_pie,Key Lime Pie,IMG_1995_c011,IMG_1995.jpg,manual_polygon,IMG_2025_r02_c04.jpg,IMG_2025.jpg,16,167,22,24,20260917
truffle_key_lime_pie_0063,data/synthetic_slots/v1/dataset/images/train/truffle_key_lime_pie/truffle_key_lime_pie_0063.jpg,train,occupied,truffle_key_lime_pie,Key Lime Pie,IMG_1995_c011,IMG_1995.jpg,manual_polygon,IMG_2027_r05_c01.jpg,IMG_2027.jpg,30,161,36,25,20260917
truffle_key_lime_pie_0064,data/synthetic_slots/v1/dataset/images/train/truffle_key_lime_pie/truffle_key_lime_pie_0064.jpg,train,occupied,truffle_key_lime_pie,Key Lime Pie,IMG_1995_c011,IMG_1995.jpg,manual_polygon,IMG_2032_r05_c02.jpg,IMG_2032.jpg,50,165,32,30,20260917
truffle_key_lime_pie_0065,data/synthetic_slots/v1/dataset/images/train/truffle_key_lime_pie/truffle_key_lime_pie_0065.jpg,train,occupied,truffle_key_lime_pie,Key Lime Pie,IMG_1995_c011,IMG_1995.jpg,manual_polygon,IMG_2021_r01_c01.jpg,IMG_2021.jpg,6,177,22,22,20260917
truffle_key_lime_pie_0066,data/synthetic_slots/v1/dataset/images/train/truffle_key_lime_pie/truffle_key_lime_pie_0066.jpg,train,occupied,truffle_key_lime_pie,Key Lime Pie,IMG_1995_c011,IMG_1995.jpg,manual_polygon,IMG_2026_r02_c01.jpg,IMG_2026.jpg,16,174,31,25,20260917
truffle_key_lime_pie_0067,data/synthetic_slots/v1/dataset/images/train/truffle_key_lime_pie/truffle_key_lime_pie_0067.jpg,train,occupied,truffle_key_lime_pie,Key Lime Pie,IMG_1995_c011,IMG_1995.jpg,manual_polygon,IMG_2028_r04_c04.jpg,IMG_2028.jpg,30,149,41,42,20260917
truffle_key_lime_pie_0068,data/synthetic_slots/v1/dataset/images/train/truffle_key_lime_pie/truffle_key_lime_pie_0068.jpg,train,occupied,truffle_key_lime_pie,Key Lime Pie,IMG_1995_c011,IMG_1995.jpg,manual_polygon,IMG_2033_r08_c04.jpg,IMG_2033.jpg,50,154,41,27,20260917
truffle_key_lime_pie_0069,data/synthetic_slots/v1/dataset/images/train/truffle_key_lime_pie/truffle_key_lime_pie_0069.jpg,train,occupied,truffle_key_lime_pie,Key Lime Pie,IMG_1995_c011,IMG_1995.jpg,manual_polygon,IMG_2021_r01_c01.jpg,IMG_2021.jpg,6,179,29,16,20260917
truffle_key_lime_pie_0070,data/synthetic_slots/v1/dataset/images/train/truffle_key_lime_pie/truffle_key_lime_pie_0070.jpg,train,occupied,truffle_key_lime_pie,Key Lime Pie,IMG_1995_c011,IMG_1995.jpg,manual_polygon,IMG_2022_r01_c04.jpg,IMG_2022.jpg,16,177,17,28,20260917
truffle_key_lime_pie_0071,data/synthetic_slots/v1/dataset/images/train/truffle_key_lime_pie/truffle_key_lime_pie_0071.jpg,train,occupied,truffle_key_lime_pie,Key Lime Pie,IMG_1995_c011,IMG_1995.jpg,manual_polygon,IMG_2027_r01_c05.jpg,IMG_2027.jpg,30,145,32,45,20260917
truffle_key_lime_pie_0072,data/synthetic_slots/v1/dataset/images/train/truffle_key_lime_pie/truffle_key_lime_pie_0072.jpg,train,occupied,truffle_key_lime_pie,Key Lime Pie,IMG_1995_c011,IMG_1995.jpg,manual_polygon,IMG_2032_r04_c05.jpg,IMG_2032.jpg,50,155,39,35,20260917
truffle_key_lime_pie_0073,data/synthetic_slots/v1/dataset/images/train/truffle_key_lime_pie/truffle_key_lime_pie_0073.jpg,train,occupied,truffle_key_lime_pie,Key Lime Pie,IMG_1995_c011,IMG_1995.jpg,manual_polygon,IMG_2021_r02_c01.jpg,IMG_2021.jpg,6,148,46,34,20260917
truffle_key_lime_pie_0074,data/synthetic_slots/v1/dataset/images/train/truffle_key_lime_pie/truffle_key_lime_pie_0074.jpg,train,occupied,truffle_key_lime_pie,Key Lime Pie,IMG_1995_c011,IMG_1995.jpg,manual_polygon,IMG_2022_r04_c04.jpg,IMG_2022.jpg,16,183,28,14,20260917
truffle_key_lime_pie_0075,data/synthetic_slots/v1/dataset/images/train/truffle_key_lime_pie/truffle_key_lime_pie_0075.jpg,train,occupied,truffle_key_lime_pie,Key Lime Pie,IMG_1995_c011,IMG_1995.jpg,manual_polygon,IMG_2027_r01_c04.jpg,IMG_2027.jpg,30,149,39,39,20260917
truffle_key_lime_pie_0076,data/synthetic_slots/v1/dataset/images/train/truffle_key_lime_pie/truffle_key_lime_pie_0076.jpg,train,occupied,truffle_key_lime_pie,Key Lime Pie,IMG_1995_c011,IMG_1995.jpg,manual_polygon,IMG_2032_r10_c03.jpg,IMG_2032.jpg,50,167,32,25,20260917
truffle_key_lime_pie_0077,data/synthetic_slots/v1/dataset/images/train/truffle_key_lime_pie/truffle_key_lime_pie_0077.jpg,train,occupied,truffle_key_lime_pie,Key Lime Pie,IMG_1995_c011,IMG_1995.jpg,manual_polygon,IMG_2019_r03_c02.jpg,IMG_2019.jpg,6,151,42,37,20260917
truffle_key_lime_pie_0078,data/synthetic_slots/v1/dataset/images/train/truffle_key_lime_pie/truffle_key_lime_pie_0078.jpg,train,occupied,truffle_key_lime_pie,Key Lime Pie,IMG_1995_c011,IMG_1995.jpg,manual_polygon,IMG_2022_r01_c04.jpg,IMG_2022.jpg,16,168,20,28,20260917
truffle_key_lime_pie_0079,data/synthetic_slots/v1/dataset/images/train/truffle_key_lime_pie/truffle_key_lime_pie_0079.jpg,train,occupied,truffle_key_lime_pie,Key Lime Pie,IMG_1995_c011,IMG_1995.jpg,manual_polygon,IMG_2029_r05_c04.jpg,IMG_2029.jpg,30,150,34,36,20260917
truffle_key_lime_pie_0080,data/synthetic_slots/v1/dataset/images/train/truffle_key_lime_pie/truffle_key_lime_pie_0080.jpg,train,occupied,truffle_key_lime_pie,Key Lime Pie,IMG_1995_c011,IMG_1995.jpg,manual_polygon,IMG_2031_r09_c03.jpg,IMG_2031.jpg,50,150,43,39,20260917
truffle_key_lime_pie_0081,data/synthetic_slots/v1/dataset/images/validation/truffle_key_lime_pie/truffle_key_lime_pie_0081.jpg,validation,occupied,truffle_key_lime_pie,Key Lime Pie,IMG_1995_c011,IMG_1995.jpg,manual_polygon,IMG_2020_r03_c01.jpg,IMG_2020.jpg,6,182,23,28,20260917
truffle_key_lime_pie_0082,data/synthetic_slots/v1/dataset/images/validation/truffle_key_lime_pie/truffle_key_lime_pie_0082.jpg,validation,occupied,truffle_key_lime_pie,Key Lime Pie,IMG_1995_c011,IMG_1995.jpg,manual_polygon,IMG_2023_r01_c01.jpg,IMG_2023.jpg,16,157,32,38,20260917
truffle_key_lime_pie_0083,data/synthetic_slots/v1/dataset/images/validation/truffle_key_lime_pie/truffle_key_lime_pie_0083.jpg,validation,occupied,truffle_key_lime_pie,Key Lime Pie,IMG_1995_c011,IMG_1995.jpg,manual_polygon,IMG_2030_r04_c02.jpg,IMG_2030.jpg,30,152,38,31,20260917
truffle_key_lime_pie_0084,data/synthetic_slots/v1/dataset/images/validation/truffle_key_lime_pie/truffle_key_lime_pie_0084.jpg,validation,occupied,truffle_key_lime_pie,Key Lime Pie,IMG_1995_c011,IMG_1995.jpg,manual_polygon,IMG_2034_r05_c03.jpg,IMG_2034.jpg,50,183,12,26,20260917
truffle_key_lime_pie_0085,data/synthetic_slots/v1/dataset/images/validation/truffle_key_lime_pie/truffle_key_lime_pie_0085.jpg,validation,occupied,truffle_key_lime_pie,Key Lime Pie,IMG_1995_c011,IMG_1995.jpg,manual_polygon,IMG_2020_r02_c02.jpg,IMG_2020.jpg,6,155,40,26,20260917
truffle_key_lime_pie_0086,data/synthetic_slots/v1/dataset/images/validation/truffle_key_lime_pie/truffle_key_lime_pie_0086.jpg,validation,occupied,truffle_key_lime_pie,Key Lime Pie,IMG_1995_c011,IMG_1995.jpg,manual_polygon,IMG_2023_r02_c01.jpg,IMG_2023.jpg,16,160,27,26,20260917
truffle_key_lime_pie_0087,data/synthetic_slots/v1/dataset/images/validation/truffle_key_lime_pie/truffle_key_lime_pie_0087.jpg,validation,occupied,truffle_key_lime_pie,Key Lime Pie,IMG_1995_c011,IMG_1995.jpg,manual_polygon,IMG_2030_r06_c02.jpg,IMG_2030.jpg,30,172,18,25,20260917
truffle_key_lime_pie_0088,data/synthetic_slots/v1/dataset/images/validation/truffle_key_lime_pie/truffle_key_lime_pie_0088.jpg,validation,occupied,truffle_key_lime_pie,Key Lime Pie,IMG_1995_c011,IMG_1995.jpg,manual_polygon,IMG_2034_r10_c01.jpg,IMG_2034.jpg,50,158,37,40,20260917
truffle_key_lime_pie_0089,data/synthetic_slots/v1/dataset/images/validation/truffle_key_lime_pie/truffle_key_lime_pie_0089.jpg,validation,occupied,truffle_key_lime_pie,Key Lime Pie,IMG_1995_c011,IMG_1995.jpg,manual_polygon,IMG_2020_r03_c01.jpg,IMG_2020.jpg,6,178,21,22,20260917
truffle_key_lime_pie_0090,data/synthetic_slots/v1/dataset/images/validation/truffle_key_lime_pie/truffle_key_lime_pie_0090.jpg,validation,occupied,truffle_key_lime_pie,Key Lime Pie,IMG_1995_c011,IMG_1995.jpg,manual_polygon,IMG_2023_r04_c04.jpg,IMG_2023.jpg,16,169,25,25,20260917
truffle_key_lime_pie_0091,data/synthetic_slots/v1/dataset/images/validation/truffle_key_lime_pie/truffle_key_lime_pie_0091.jpg,validation,occupied,truffle_key_lime_pie,Key Lime Pie,IMG_1995_c011,IMG_1995.jpg,manual_polygon,IMG_2030_r02_c05.jpg,IMG_2030.jpg,30,163,29,37,20260917
truffle_key_lime_pie_0092,data/synthetic_slots/v1/dataset/images/validation/truffle_key_lime_pie/truffle_key_lime_pie_0092.jpg,validation,occupied,truffle_key_lime_pie,Key Lime Pie,IMG_1995_c011,IMG_1995.jpg,manual_polygon,IMG_2034_r03_c04.jpg,IMG_2034.jpg,50,178,31,30,20260917
truffle_key_lime_pie_0093,data/synthetic_slots/v1/dataset/images/validation/truffle_key_lime_pie/truffle_key_lime_pie_0093.jpg,validation,occupied,truffle_key_lime_pie,Key Lime Pie,IMG_1995_c011,IMG_1995.jpg,manual_polygon,IMG_2020_r02_c01.jpg,IMG_2020.jpg,6,169,30,23,20260917
truffle_key_lime_pie_0094,data/synthetic_slots/v1/dataset/images/validation/truffle_key_lime_pie/truffle_key_lime_pie_0094.jpg,validation,occupied,truffle_key_lime_pie,Key Lime Pie,IMG_1995_c011,IMG_1995.jpg,manual_polygon,IMG_2023_r01_c01.jpg,IMG_2023.jpg,16,150,47,44,20260917
truffle_key_lime_pie_0095,data/synthetic_slots/v1/dataset/images/validation/truffle_key_lime_pie/truffle_key_lime_pie_0095.jpg,validation,occupied,truffle_key_lime_pie,Key Lime Pie,IMG_1995_c011,IMG_1995.jpg,manual_polygon,IMG_2030_r06_c05.jpg,IMG_2030.jpg,30,157,29,33,20260917
truffle_key_lime_pie_0096,data/synthetic_slots/v1/dataset/images/validation/truffle_key_lime_pie/truffle_key_lime_pie_0096.jpg,validation,occupied,truffle_key_lime_pie,Key Lime Pie,IMG_1995_c011,IMG_1995.jpg,manual_polygon,IMG_2034_r08_c02.jpg,IMG_2034.jpg,50,146,39,37,20260917
truffle_key_lime_pie_0097,data/synthetic_slots/v1/dataset/images/validation/truffle_key_lime_pie/truffle_key_lime_pie_0097.jpg,validation,occupied,truffle_key_lime_pie,Key Lime Pie,IMG_1995_c011,IMG_1995.jpg,manual_polygon,IMG_2020_r02_c01.jpg,IMG_2020.jpg,6,156,27,36,20260917
truffle_key_lime_pie_0098,data/synthetic_slots/v1/dataset/images/validation/truffle_key_lime_pie/truffle_key_lime_pie_0098.jpg,validation,occupied,truffle_key_lime_pie,Key Lime Pie,IMG_1995_c011,IMG_1995.jpg,manual_polygon,IMG_2023_r04_c04.jpg,IMG_2023.jpg,16,164,32,33,20260917
truffle_key_lime_pie_0099,data/synthetic_slots/v1/dataset/images/validation/truffle_key_lime_pie/truffle_key_lime_pie_0099.jpg,validation,occupied,truffle_key_lime_pie,Key Lime Pie,IMG_1995_c011,IMG_1995.jpg,manual_polygon,IMG_2030_r04_c04.jpg,IMG_2030.jpg,30,146,44,37,20260917
truffle_key_lime_pie_0100,data/synthetic_slots/v1/dataset/images/validation/truffle_key_lime_pie/truffle_key_lime_pie_0100.jpg,validation,occupied,truffle_key_lime_pie,Key Lime Pie,IMG_1995_c011,IMG_1995.jpg,manual_polygon,IMG_2034_r10_c01.jpg,IMG_2034.jpg,50,185,12,13,20260917
truffle_lemon_0001,data/synthetic_slots/v1/dataset/images/train/truffle_lemon/truffle_lemon_0001.jpg,train,occupied,truffle_lemon,Lemon,IMG_1991_c008,IMG_1991.jpg,expanded_u2net,IMG_2019_r01_c02.jpg,IMG_2019.jpg,6,160,38,39,20260917
truffle_lemon_0002,data/synthetic_slots/v1/dataset/images/train/truffle_lemon/truffle_lemon_0002.jpg,train,occupied,truffle_lemon,Lemon,IMG_1991_c008,IMG_1991.jpg,expanded_u2net,IMG_2024_r04_c01.jpg,IMG_2024.jpg,16,155,35,31,20260917
truffle_lemon_0003,data/synthetic_slots/v1/dataset/images/train/truffle_lemon/truffle_lemon_0003.jpg,train,occupied,truffle_lemon,Lemon,IMG_1991_c008,IMG_1991.jpg,expanded_u2net,IMG_2029_r03_c05.jpg,IMG_2029.jpg,30,185,10,18,20260917
truffle_lemon_0004,data/synthetic_slots/v1/dataset/images/train/truffle_lemon/truffle_lemon_0004.jpg,train,occupied,truffle_lemon,Lemon,IMG_1991_c008,IMG_1991.jpg,expanded_u2net,IMG_2033_r05_c02.jpg,IMG_2033.jpg,50,150,35,34,20260917
truffle_lemon_0005,data/synthetic_slots/v1/dataset/images/train/truffle_lemon/truffle_lemon_0005.jpg,train,occupied,truffle_lemon,Lemon,IMG_1991_c008,IMG_1991.jpg,expanded_u2net,IMG_2021_r02_c02.jpg,IMG_2021.jpg,6,152,31,30,20260917
truffle_lemon_0006,data/synthetic_slots/v1/dataset/images/train/truffle_lemon/truffle_lemon_0006.jpg,train,occupied,truffle_lemon,Lemon,IMG_1991_c008,IMG_1991.jpg,expanded_u2net,IMG_2025_r03_c03.jpg,IMG_2025.jpg,16,181,28,22,20260917
truffle_lemon_0007,data/synthetic_slots/v1/dataset/images/train/truffle_lemon/truffle_lemon_0007.jpg,train,occupied,truffle_lemon,Lemon,IMG_1991_c008,IMG_1991.jpg,expanded_u2net,IMG_2029_r04_c02.jpg,IMG_2029.jpg,30,161,40,37,20260917
truffle_lemon_0008,data/synthetic_slots/v1/dataset/images/train/truffle_lemon/truffle_lemon_0008.jpg,train,occupied,truffle_lemon,Lemon,IMG_1991_c008,IMG_1991.jpg,expanded_u2net,IMG_2033_r08_c01.jpg,IMG_2033.jpg,50,185,27,18,20260917
truffle_lemon_0009,data/synthetic_slots/v1/dataset/images/train/truffle_lemon/truffle_lemon_0009.jpg,train,occupied,truffle_lemon,Lemon,IMG_1991_c008,IMG_1991.jpg,expanded_u2net,IMG_2021_r03_c02.jpg,IMG_2021.jpg,6,179,19,31,20260917
truffle_lemon_0010,data/synthetic_slots/v1/dataset/images/train/truffle_lemon/truffle_lemon_0010.jpg,train,occupied,truffle_lemon,Lemon,IMG_1991_c008,IMG_1991.jpg,expanded_u2net,IMG_2024_r04_c02.jpg,IMG_2024.jpg,16,147,32,49,20260917
truffle_lemon_0011,data/synthetic_slots/v1/dataset/images/train/truffle_lemon/truffle_lemon_0011.jpg,train,occupied,truffle_lemon,Lemon,IMG_1991_c008,IMG_1991.jpg,expanded_u2net,IMG_2027_r01_c01.jpg,IMG_2027.jpg,30,156,41,40,20260917
truffle_lemon_0012,data/synthetic_slots/v1/dataset/images/train/truffle_lemon/truffle_lemon_0012.jpg,train,occupied,truffle_lemon,Lemon,IMG_1991_c008,IMG_1991.jpg,expanded_u2net,IMG_2032_r03_c05.jpg,IMG_2032.jpg,50,175,31,32,20260917
truffle_lemon_0013,data/synthetic_slots/v1/dataset/images/train/truffle_lemon/truffle_lemon_0013.jpg,train,occupied,truffle_lemon,Lemon,IMG_1991_c008,IMG_1991.jpg,expanded_u2net,IMG_2019_r03_c02.jpg,IMG_2019.jpg,6,174,19,37,20260917
truffle_lemon_0014,data/synthetic_slots/v1/dataset/images/train/truffle_lemon/truffle_lemon_0014.jpg,train,occupied,truffle_lemon,Lemon,IMG_1991_c008,IMG_1991.jpg,expanded_u2net,IMG_2024_r02_c01.jpg,IMG_2024.jpg,16,166,31,38,20260917
truffle_lemon_0015,data/synthetic_slots/v1/dataset/images/train/truffle_lemon/truffle_lemon_0015.jpg,train,occupied,truffle_lemon,Lemon,IMG_1991_c008,IMG_1991.jpg,expanded_u2net,IMG_2029_r06_c05.jpg,IMG_2029.jpg,30,165,29,33,20260917
truffle_lemon_0016,data/synthetic_slots/v1/dataset/images/train/truffle_lemon/truffle_lemon_0016.jpg,train,occupied,truffle_lemon,Lemon,IMG_1991_c008,IMG_1991.jpg,expanded_u2net,IMG_2033_r06_c03.jpg,IMG_2033.jpg,50,148,32,43,20260917
truffle_lemon_0017,data/synthetic_slots/v1/dataset/images/train/truffle_lemon/truffle_lemon_0017.jpg,train,occupied,truffle_lemon,Lemon,IMG_1991_c008,IMG_1991.jpg,expanded_u2net,IMG_2021_r02_c01.jpg,IMG_2021.jpg,6,157,35,37,20260917
truffle_lemon_0018,data/synthetic_slots/v1/dataset/images/train/truffle_lemon/truffle_lemon_0018.jpg,train,occupied,truffle_lemon,Lemon,IMG_1991_c008,IMG_1991.jpg,expanded_u2net,IMG_2022_r02_c03.jpg,IMG_2022.jpg,16,177,22,30,20260917
truffle_lemon_0019,data/synthetic_slots/v1/dataset/images/train/truffle_lemon/truffle_lemon_0019.jpg,train,occupied,truffle_lemon,Lemon,IMG_1991_c008,IMG_1991.jpg,expanded_u2net,IMG_2027_r03_c04.jpg,IMG_2027.jpg,30,150,41,35,20260917
truffle_lemon_0020,data/synthetic_slots/v1/dataset/images/train/truffle_lemon/truffle_lemon_0020.jpg,train,occupied,truffle_lemon,Lemon,IMG_1991_c008,IMG_1991.jpg,expanded_u2net,IMG_2032_r04_c05.jpg,IMG_2032.jpg,50,148,45,50,20260917
truffle_lemon_0021,data/synthetic_slots/v1/dataset/images/train/truffle_lemon/truffle_lemon_0021.jpg,train,occupied,truffle_lemon,Lemon,IMG_1991_c008,IMG_1991.jpg,expanded_u2net,IMG_2019_r03_c02.jpg,IMG_2019.jpg,6,164,33,38,20260917
truffle_lemon_0022,data/synthetic_slots/v1/dataset/images/train/truffle_lemon/truffle_lemon_0022.jpg,train,occupied,truffle_lemon,Lemon,IMG_1991_c008,IMG_1991.jpg,expanded_u2net,IMG_2026_r03_c03.jpg,IMG_2026.jpg,16,145,36,45,20260917
truffle_lemon_0023,data/synthetic_slots/v1/dataset/images/train/truffle_lemon/truffle_lemon_0023.jpg,train,occupied,truffle_lemon,Lemon,IMG_1991_c008,IMG_1991.jpg,expanded_u2net,IMG_2027_r04_c04.jpg,IMG_2027.jpg,30,183,27,21,20260917
truffle_lemon_0024,data/synthetic_slots/v1/dataset/images/train/truffle_lemon/truffle_lemon_0024.jpg,train,occupied,truffle_lemon,Lemon,IMG_1991_c008,IMG_1991.jpg,expanded_u2net,IMG_2032_r09_c02.jpg,IMG_2032.jpg,50,148,34,40,20260917
truffle_lemon_0025,data/synthetic_slots/v1/dataset/images/train/truffle_lemon/truffle_lemon_0025.jpg,train,occupied,truffle_lemon,Lemon,IMG_1991_c008,IMG_1991.jpg,expanded_u2net,IMG_2019_r02_c02.jpg,IMG_2019.jpg,6,158,38,41,20260917
truffle_lemon_0026,data/synthetic_slots/v1/dataset/images/train/truffle_lemon/truffle_lemon_0026.jpg,train,occupied,truffle_lemon,Lemon,IMG_1991_c008,IMG_1991.jpg,expanded_u2net,IMG_2022_r03_c04.jpg,IMG_2022.jpg,16,169,25,25,20260917
truffle_lemon_0027,data/synthetic_slots/v1/dataset/images/train/truffle_lemon/truffle_lemon_0027.jpg,train,occupied,truffle_lemon,Lemon,IMG_1991_c008,IMG_1991.jpg,expanded_u2net,IMG_2029_r06_c03.jpg,IMG_2029.jpg,30,173,32,26,20260917
truffle_lemon_0028,data/synthetic_slots/v1/dataset/images/train/truffle_lemon/truffle_lemon_0028.jpg,train,occupied,truffle_lemon,Lemon,IMG_1991_c008,IMG_1991.jpg,expanded_u2net,IMG_2031_r06_c04.jpg,IMG_2031.jpg,50,182,26,32,20260917
truffle_lemon_0029,data/synthetic_slots/v1/dataset/images/train/truffle_lemon/truffle_lemon_0029.jpg,train,occupied,truffle_lemon,Lemon,IMG_1991_c008,IMG_1991.jpg,expanded_u2net,IMG_2019_r03_c01.jpg,IMG_2019.jpg,6,164,26,30,20260917
truffle_lemon_0030,data/synthetic_slots/v1/dataset/images/train/truffle_lemon/truffle_lemon_0030.jpg,train,occupied,truffle_lemon,Lemon,IMG_1991_c008,IMG_1991.jpg,expanded_u2net,IMG_2022_r04_c01.jpg,IMG_2022.jpg,16,163,33,30,20260917
truffle_lemon_0031,data/synthetic_slots/v1/dataset/images/train/truffle_lemon/truffle_lemon_0031.jpg,train,occupied,truffle_lemon,Lemon,IMG_1991_c008,IMG_1991.jpg,expanded_u2net,IMG_2028_r03_c05.jpg,IMG_2028.jpg,30,162,25,43,20260917
truffle_lemon_0032,data/synthetic_slots/v1/dataset/images/train/truffle_lemon/truffle_lemon_0032.jpg,train,occupied,truffle_lemon,Lemon,IMG_1991_c008,IMG_1991.jpg,expanded_u2net,IMG_2032_r04_c03.jpg,IMG_2032.jpg,50,174,29,30,20260917
truffle_lemon_0033,data/synthetic_slots/v1/dataset/images/train/truffle_lemon/truffle_lemon_0033.jpg,train,occupied,truffle_lemon,Lemon,IMG_1991_c008,IMG_1991.jpg,expanded_u2net,IMG_2021_r01_c02.jpg,IMG_2021.jpg,6,180,25,24,20260917
truffle_lemon_0034,data/synthetic_slots/v1/dataset/images/train/truffle_lemon/truffle_lemon_0034.jpg,train,occupied,truffle_lemon,Lemon,IMG_1991_c008,IMG_1991.jpg,expanded_u2net,IMG_2022_r02_c03.jpg,IMG_2022.jpg,16,179,24,28,20260917
truffle_lemon_0035,data/synthetic_slots/v1/dataset/images/train/truffle_lemon/truffle_lemon_0035.jpg,train,occupied,truffle_lemon,Lemon,IMG_1991_c008,IMG_1991.jpg,expanded_u2net,IMG_2027_r01_c05.jpg,IMG_2027.jpg,30,164,34,25,20260917
truffle_lemon_0036,data/synthetic_slots/v1/dataset/images/train/truffle_lemon/truffle_lemon_0036.jpg,train,occupied,truffle_lemon,Lemon,IMG_1991_c008,IMG_1991.jpg,expanded_u2net,IMG_2033_r04_c05.jpg,IMG_2033.jpg,50,181,18,23,20260917
truffle_lemon_0037,data/synthetic_slots/v1/dataset/images/train/truffle_lemon/truffle_lemon_0037.jpg,train,occupied,truffle_lemon,Lemon,IMG_1991_c008,IMG_1991.jpg,expanded_u2net,IMG_2019_r01_c01.jpg,IMG_2019.jpg,6,181,16,29,20260917
truffle_lemon_0038,data/synthetic_slots/v1/dataset/images/train/truffle_lemon/truffle_lemon_0038.jpg,train,occupied,truffle_lemon,Lemon,IMG_1991_c008,IMG_1991.jpg,expanded_u2net,IMG_2022_r01_c03.jpg,IMG_2022.jpg,16,167,22,34,20260917
truffle_lemon_0039,data/synthetic_slots/v1/dataset/images/train/truffle_lemon/truffle_lemon_0039.jpg,train,occupied,truffle_lemon,Lemon,IMG_1991_c008,IMG_1991.jpg,expanded_u2net,IMG_2027_r01_c05.jpg,IMG_2027.jpg,30,175,21,31,20260917
truffle_lemon_0040,data/synthetic_slots/v1/dataset/images/train/truffle_lemon/truffle_lemon_0040.jpg,train,occupied,truffle_lemon,Lemon,IMG_1991_c008,IMG_1991.jpg,expanded_u2net,IMG_2031_r07_c03.jpg,IMG_2031.jpg,50,159,35,28,20260917
truffle_lemon_0041,data/synthetic_slots/v1/dataset/images/train/truffle_lemon/truffle_lemon_0041.jpg,train,occupied,truffle_lemon,Lemon,IMG_1991_c008,IMG_1991.jpg,expanded_u2net,IMG_2021_r03_c01.jpg,IMG_2021.jpg,6,151,28,44,20260917
truffle_lemon_0042,data/synthetic_slots/v1/dataset/images/train/truffle_lemon/truffle_lemon_0042.jpg,train,occupied,truffle_lemon,Lemon,IMG_1991_c008,IMG_1991.jpg,expanded_u2net,IMG_2025_r02_c02.jpg,IMG_2025.jpg,16,149,36,37,20260917
truffle_lemon_0043,data/synthetic_slots/v1/dataset/images/train/truffle_lemon/truffle_lemon_0043.jpg,train,occupied,truffle_lemon,Lemon,IMG_1991_c008,IMG_1991.jpg,expanded_u2net,IMG_2028_r06_c04.jpg,IMG_2028.jpg,30,145,48,50,20260917
truffle_lemon_0044,data/synthetic_slots/v1/dataset/images/train/truffle_lemon/truffle_lemon_0044.jpg,train,occupied,truffle_lemon,Lemon,IMG_1991_c008,IMG_1991.jpg,expanded_u2net,IMG_2033_r09_c03.jpg,IMG_2033.jpg,50,155,27,43,20260917
truffle_lemon_0045,data/synthetic_slots/v1/dataset/images/train/truffle_lemon/truffle_lemon_0045.jpg,train,occupied,truffle_lemon,Lemon,IMG_1991_c008,IMG_1991.jpg,expanded_u2net,IMG_2019_r02_c02.jpg,IMG_2019.jpg,6,173,31,22,20260917
truffle_lemon_0046,data/synthetic_slots/v1/dataset/images/train/truffle_lemon/truffle_lemon_0046.jpg,train,occupied,truffle_lemon,Lemon,IMG_1991_c008,IMG_1991.jpg,expanded_u2net,IMG_2024_r03_c02.jpg,IMG_2024.jpg,16,159,27,29,20260917
truffle_lemon_0047,data/synthetic_slots/v1/dataset/images/train/truffle_lemon/truffle_lemon_0047.jpg,train,occupied,truffle_lemon,Lemon,IMG_1991_c008,IMG_1991.jpg,expanded_u2net,IMG_2028_r06_c05.jpg,IMG_2028.jpg,30,156,35,36,20260917
truffle_lemon_0048,data/synthetic_slots/v1/dataset/images/train/truffle_lemon/truffle_lemon_0048.jpg,train,occupied,truffle_lemon,Lemon,IMG_1991_c008,IMG_1991.jpg,expanded_u2net,IMG_2032_r02_c05.jpg,IMG_2032.jpg,50,155,27,33,20260917
truffle_lemon_0049,data/synthetic_slots/v1/dataset/images/train/truffle_lemon/truffle_lemon_0049.jpg,train,occupied,truffle_lemon,Lemon,IMG_1991_c008,IMG_1991.jpg,expanded_u2net,IMG_2019_r03_c02.jpg,IMG_2019.jpg,6,158,33,30,20260917
truffle_lemon_0050,data/synthetic_slots/v1/dataset/images/train/truffle_lemon/truffle_lemon_0050.jpg,train,occupied,truffle_lemon,Lemon,IMG_1991_c008,IMG_1991.jpg,expanded_u2net,IMG_2025_r04_c04.jpg,IMG_2025.jpg,16,168,19,28,20260917
truffle_lemon_0051,data/synthetic_slots/v1/dataset/images/train/truffle_lemon/truffle_lemon_0051.jpg,train,occupied,truffle_lemon,Lemon,IMG_1991_c008,IMG_1991.jpg,expanded_u2net,IMG_2028_r02_c05.jpg,IMG_2028.jpg,30,183,20,24,20260917
truffle_lemon_0052,data/synthetic_slots/v1/dataset/images/train/truffle_lemon/truffle_lemon_0052.jpg,train,occupied,truffle_lemon,Lemon,IMG_1991_c008,IMG_1991.jpg,expanded_u2net,IMG_2033_r04_c05.jpg,IMG_2033.jpg,50,162,32,29,20260917
truffle_lemon_0053,data/synthetic_slots/v1/dataset/images/train/truffle_lemon/truffle_lemon_0053.jpg,train,occupied,truffle_lemon,Lemon,IMG_1991_c008,IMG_1991.jpg,expanded_u2net,IMG_2021_r02_c02.jpg,IMG_2021.jpg,6,178,31,26,20260917
truffle_lemon_0054,data/synthetic_slots/v1/dataset/images/train/truffle_lemon/truffle_lemon_0054.jpg,train,occupied,truffle_lemon,Lemon,IMG_1991_c008,IMG_1991.jpg,expanded_u2net,IMG_2026_r02_c01.jpg,IMG_2026.jpg,16,162,32,31,20260917
truffle_lemon_0055,data/synthetic_slots/v1/dataset/images/train/truffle_lemon/truffle_lemon_0055.jpg,train,occupied,truffle_lemon,Lemon,IMG_1991_c008,IMG_1991.jpg,expanded_u2net,IMG_2029_r03_c02.jpg,IMG_2029.jpg,30,158,31,37,20260917
truffle_lemon_0056,data/synthetic_slots/v1/dataset/images/train/truffle_lemon/truffle_lemon_0056.jpg,train,occupied,truffle_lemon,Lemon,IMG_1991_c008,IMG_1991.jpg,expanded_u2net,IMG_2031_r08_c03.jpg,IMG_2031.jpg,50,159,28,43,20260917
truffle_lemon_0057,data/synthetic_slots/v1/dataset/images/train/truffle_lemon/truffle_lemon_0057.jpg,train,occupied,truffle_lemon,Lemon,IMG_1991_c008,IMG_1991.jpg,expanded_u2net,IMG_2019_r02_c01.jpg,IMG_2019.jpg,6,177,27,24,20260917
truffle_lemon_0058,data/synthetic_slots/v1/dataset/images/train/truffle_lemon/truffle_lemon_0058.jpg,train,occupied,truffle_lemon,Lemon,IMG_1991_c008,IMG_1991.jpg,expanded_u2net,IMG_2024_r04_c04.jpg,IMG_2024.jpg,16,146,31,42,20260917
truffle_lemon_0059,data/synthetic_slots/v1/dataset/images/train/truffle_lemon/truffle_lemon_0059.jpg,train,occupied,truffle_lemon,Lemon,IMG_1991_c008,IMG_1991.jpg,expanded_u2net,IMG_2027_r02_c03.jpg,IMG_2027.jpg,30,175,28,29,20260917
truffle_lemon_0060,data/synthetic_slots/v1/dataset/images/train/truffle_lemon/truffle_lemon_0060.jpg,train,occupied,truffle_lemon,Lemon,IMG_1991_c008,IMG_1991.jpg,expanded_u2net,IMG_2033_r07_c01.jpg,IMG_2033.jpg,50,161,31,44,20260917
truffle_lemon_0061,data/synthetic_slots/v1/dataset/images/train/truffle_lemon/truffle_lemon_0061.jpg,train,occupied,truffle_lemon,Lemon,IMG_1991_c008,IMG_1991.jpg,expanded_u2net,IMG_2021_r02_c02.jpg,IMG_2021.jpg,6,167,34,31,20260917
truffle_lemon_0062,data/synthetic_slots/v1/dataset/images/train/truffle_lemon/truffle_lemon_0062.jpg,train,occupied,truffle_lemon,Lemon,IMG_1991_c008,IMG_1991.jpg,expanded_u2net,IMG_2024_r01_c04.jpg,IMG_2024.jpg,16,150,45,37,20260917
truffle_lemon_0063,data/synthetic_slots/v1/dataset/images/train/truffle_lemon/truffle_lemon_0063.jpg,train,occupied,truffle_lemon,Lemon,IMG_1991_c008,IMG_1991.jpg,expanded_u2net,IMG_2029_r03_c05.jpg,IMG_2029.jpg,30,150,38,35,20260917
truffle_lemon_0064,data/synthetic_slots/v1/dataset/images/train/truffle_lemon/truffle_lemon_0064.jpg,train,occupied,truffle_lemon,Lemon,IMG_1991_c008,IMG_1991.jpg,expanded_u2net,IMG_2033_r03_c02.jpg,IMG_2033.jpg,50,181,22,21,20260917
truffle_lemon_0065,data/synthetic_slots/v1/dataset/images/train/truffle_lemon/truffle_lemon_0065.jpg,train,occupied,truffle_lemon,Lemon,IMG_1991_c008,IMG_1991.jpg,expanded_u2net,IMG_2021_r01_c02.jpg,IMG_2021.jpg,6,154,35,48,20260917
truffle_lemon_0066,data/synthetic_slots/v1/dataset/images/train/truffle_lemon/truffle_lemon_0066.jpg,train,occupied,truffle_lemon,Lemon,IMG_1991_c008,IMG_1991.jpg,expanded_u2net,IMG_2024_r01_c02.jpg,IMG_2024.jpg,16,161,31,42,20260917
truffle_lemon_0067,data/synthetic_slots/v1/dataset/images/train/truffle_lemon/truffle_lemon_0067.jpg,train,occupied,truffle_lemon,Lemon,IMG_1991_c008,IMG_1991.jpg,expanded_u2net,IMG_2028_r02_c01.jpg,IMG_2028.jpg,30,157,29,37,20260917
truffle_lemon_0068,data/synthetic_slots/v1/dataset/images/train/truffle_lemon/truffle_lemon_0068.jpg,train,occupied,truffle_lemon,Lemon,IMG_1991_c008,IMG_1991.jpg,expanded_u2net,IMG_2033_r03_c05.jpg,IMG_2033.jpg,50,166,32,38,20260917
truffle_lemon_0069,data/synthetic_slots/v1/dataset/images/train/truffle_lemon/truffle_lemon_0069.jpg,train,occupied,truffle_lemon,Lemon,IMG_1991_c008,IMG_1991.jpg,expanded_u2net,IMG_2019_r03_c02.jpg,IMG_2019.jpg,6,175,25,39,20260917
truffle_lemon_0070,data/synthetic_slots/v1/dataset/images/train/truffle_lemon/truffle_lemon_0070.jpg,train,occupied,truffle_lemon,Lemon,IMG_1991_c008,IMG_1991.jpg,expanded_u2net,IMG_2026_r03_c04.jpg,IMG_2026.jpg,16,155,42,30,20260917
truffle_lemon_0071,data/synthetic_slots/v1/dataset/images/train/truffle_lemon/truffle_lemon_0071.jpg,train,occupied,truffle_lemon,Lemon,IMG_1991_c008,IMG_1991.jpg,expanded_u2net,IMG_2027_r02_c01.jpg,IMG_2027.jpg,30,145,45,38,20260917
truffle_lemon_0072,data/synthetic_slots/v1/dataset/images/train/truffle_lemon/truffle_lemon_0072.jpg,train,occupied,truffle_lemon,Lemon,IMG_1991_c008,IMG_1991.jpg,expanded_u2net,IMG_2031_r06_c05.jpg,IMG_2031.jpg,50,172,20,26,20260917
truffle_lemon_0073,data/synthetic_slots/v1/dataset/images/train/truffle_lemon/truffle_lemon_0073.jpg,train,occupied,truffle_lemon,Lemon,IMG_1991_c008,IMG_1991.jpg,expanded_u2net,IMG_2021_r01_c01.jpg,IMG_2021.jpg,6,169,27,29,20260917
truffle_lemon_0074,data/synthetic_slots/v1/dataset/images/train/truffle_lemon/truffle_lemon_0074.jpg,train,occupied,truffle_lemon,Lemon,IMG_1991_c008,IMG_1991.jpg,expanded_u2net,IMG_2026_r04_c04.jpg,IMG_2026.jpg,16,147,32,33,20260917
truffle_lemon_0075,data/synthetic_slots/v1/dataset/images/train/truffle_lemon/truffle_lemon_0075.jpg,train,occupied,truffle_lemon,Lemon,IMG_1991_c008,IMG_1991.jpg,expanded_u2net,IMG_2029_r02_c02.jpg,IMG_2029.jpg,30,182,28,20,20260917
truffle_lemon_0076,data/synthetic_slots/v1/dataset/images/train/truffle_lemon/truffle_lemon_0076.jpg,train,occupied,truffle_lemon,Lemon,IMG_1991_c008,IMG_1991.jpg,expanded_u2net,IMG_2033_r05_c02.jpg,IMG_2033.jpg,50,161,34,31,20260917
truffle_lemon_0077,data/synthetic_slots/v1/dataset/images/train/truffle_lemon/truffle_lemon_0077.jpg,train,occupied,truffle_lemon,Lemon,IMG_1991_c008,IMG_1991.jpg,expanded_u2net,IMG_2021_r03_c02.jpg,IMG_2021.jpg,6,151,36,39,20260917
truffle_lemon_0078,data/synthetic_slots/v1/dataset/images/train/truffle_lemon/truffle_lemon_0078.jpg,train,occupied,truffle_lemon,Lemon,IMG_1991_c008,IMG_1991.jpg,expanded_u2net,IMG_2022_r03_c04.jpg,IMG_2022.jpg,16,171,19,28,20260917
truffle_lemon_0079,data/synthetic_slots/v1/dataset/images/train/truffle_lemon/truffle_lemon_0079.jpg,train,occupied,truffle_lemon,Lemon,IMG_1991_c008,IMG_1991.jpg,expanded_u2net,IMG_2027_r02_c04.jpg,IMG_2027.jpg,30,145,37,40,20260917
truffle_lemon_0080,data/synthetic_slots/v1/dataset/images/train/truffle_lemon/truffle_lemon_0080.jpg,train,occupied,truffle_lemon,Lemon,IMG_1991_c008,IMG_1991.jpg,expanded_u2net,IMG_2033_r10_c03.jpg,IMG_2033.jpg,50,175,25,36,20260917
truffle_lemon_0081,data/synthetic_slots/v1/dataset/images/validation/truffle_lemon/truffle_lemon_0081.jpg,validation,occupied,truffle_lemon,Lemon,IMG_1991_c008,IMG_1991.jpg,expanded_u2net,IMG_2020_r02_c01.jpg,IMG_2020.jpg,6,158,38,31,20260917
truffle_lemon_0082,data/synthetic_slots/v1/dataset/images/validation/truffle_lemon/truffle_lemon_0082.jpg,validation,occupied,truffle_lemon,Lemon,IMG_1991_c008,IMG_1991.jpg,expanded_u2net,IMG_2023_r01_c03.jpg,IMG_2023.jpg,16,168,35,25,20260917
truffle_lemon_0083,data/synthetic_slots/v1/dataset/images/validation/truffle_lemon/truffle_lemon_0083.jpg,validation,occupied,truffle_lemon,Lemon,IMG_1991_c008,IMG_1991.jpg,expanded_u2net,IMG_2030_r01_c03.jpg,IMG_2030.jpg,30,154,38,36,20260917
truffle_lemon_0084,data/synthetic_slots/v1/dataset/images/validation/truffle_lemon/truffle_lemon_0084.jpg,validation,occupied,truffle_lemon,Lemon,IMG_1991_c008,IMG_1991.jpg,expanded_u2net,IMG_2034_r06_c03.jpg,IMG_2034.jpg,50,160,23,30,20260917
truffle_lemon_0085,data/synthetic_slots/v1/dataset/images/validation/truffle_lemon/truffle_lemon_0085.jpg,validation,occupied,truffle_lemon,Lemon,IMG_1991_c008,IMG_1991.jpg,expanded_u2net,IMG_2020_r02_c02.jpg,IMG_2020.jpg,6,167,24,28,20260917
truffle_lemon_0086,data/synthetic_slots/v1/dataset/images/validation/truffle_lemon/truffle_lemon_0086.jpg,validation,occupied,truffle_lemon,Lemon,IMG_1991_c008,IMG_1991.jpg,expanded_u2net,IMG_2023_r03_c02.jpg,IMG_2023.jpg,16,164,37,31,20260917
truffle_lemon_0087,data/synthetic_slots/v1/dataset/images/validation/truffle_lemon/truffle_lemon_0087.jpg,validation,occupied,truffle_lemon,Lemon,IMG_1991_c008,IMG_1991.jpg,expanded_u2net,IMG_2030_r06_c04.jpg,IMG_2030.jpg,30,147,30,37,20260917
truffle_lemon_0088,data/synthetic_slots/v1/dataset/images/validation/truffle_lemon/truffle_lemon_0088.jpg,validation,occupied,truffle_lemon,Lemon,IMG_1991_c008,IMG_1991.jpg,expanded_u2net,IMG_2034_r07_c02.jpg,IMG_2034.jpg,50,157,32,40,20260917
truffle_lemon_0089,data/synthetic_slots/v1/dataset/images/validation/truffle_lemon/truffle_lemon_0089.jpg,validation,occupied,truffle_lemon,Lemon,IMG_1991_c008,IMG_1991.jpg,expanded_u2net,IMG_2020_r02_c02.jpg,IMG_2020.jpg,6,155,39,30,20260917
truffle_lemon_0090,data/synthetic_slots/v1/dataset/images/validation/truffle_lemon/truffle_lemon_0090.jpg,validation,occupied,truffle_lemon,Lemon,IMG_1991_c008,IMG_1991.jpg,expanded_u2net,IMG_2023_r03_c04.jpg,IMG_2023.jpg,16,165,26,27,20260917
truffle_lemon_0091,data/synthetic_slots/v1/dataset/images/validation/truffle_lemon/truffle_lemon_0091.jpg,validation,occupied,truffle_lemon,Lemon,IMG_1991_c008,IMG_1991.jpg,expanded_u2net,IMG_2030_r02_c04.jpg,IMG_2030.jpg,30,162,35,30,20260917
truffle_lemon_0092,data/synthetic_slots/v1/dataset/images/validation/truffle_lemon/truffle_lemon_0092.jpg,validation,occupied,truffle_lemon,Lemon,IMG_1991_c008,IMG_1991.jpg,expanded_u2net,IMG_2034_r02_c01.jpg,IMG_2034.jpg,50,149,35,46,20260917
truffle_lemon_0093,data/synthetic_slots/v1/dataset/images/validation/truffle_lemon/truffle_lemon_0093.jpg,validation,occupied,truffle_lemon,Lemon,IMG_1991_c008,IMG_1991.jpg,expanded_u2net,IMG_2020_r01_c02.jpg,IMG_2020.jpg,6,176,28,26,20260917
truffle_lemon_0094,data/synthetic_slots/v1/dataset/images/validation/truffle_lemon/truffle_lemon_0094.jpg,validation,occupied,truffle_lemon,Lemon,IMG_1991_c008,IMG_1991.jpg,expanded_u2net,IMG_2023_r03_c01.jpg,IMG_2023.jpg,16,150,44,36,20260917
truffle_lemon_0095,data/synthetic_slots/v1/dataset/images/validation/truffle_lemon/truffle_lemon_0095.jpg,validation,occupied,truffle_lemon,Lemon,IMG_1991_c008,IMG_1991.jpg,expanded_u2net,IMG_2030_r05_c01.jpg,IMG_2030.jpg,30,168,34,31,20260917
truffle_lemon_0096,data/synthetic_slots/v1/dataset/images/validation/truffle_lemon/truffle_lemon_0096.jpg,validation,occupied,truffle_lemon,Lemon,IMG_1991_c008,IMG_1991.jpg,expanded_u2net,IMG_2034_r04_c01.jpg,IMG_2034.jpg,50,162,40,29,20260917
truffle_lemon_0097,data/synthetic_slots/v1/dataset/images/validation/truffle_lemon/truffle_lemon_0097.jpg,validation,occupied,truffle_lemon,Lemon,IMG_1991_c008,IMG_1991.jpg,expanded_u2net,IMG_2020_r02_c02.jpg,IMG_2020.jpg,6,162,28,29,20260917
truffle_lemon_0098,data/synthetic_slots/v1/dataset/images/validation/truffle_lemon/truffle_lemon_0098.jpg,validation,occupied,truffle_lemon,Lemon,IMG_1991_c008,IMG_1991.jpg,expanded_u2net,IMG_2023_r01_c02.jpg,IMG_2023.jpg,16,160,27,27,20260917
truffle_lemon_0099,data/synthetic_slots/v1/dataset/images/validation/truffle_lemon/truffle_lemon_0099.jpg,validation,occupied,truffle_lemon,Lemon,IMG_1991_c008,IMG_1991.jpg,expanded_u2net,IMG_2030_r06_c05.jpg,IMG_2030.jpg,30,183,26,26,20260917
truffle_lemon_0100,data/synthetic_slots/v1/dataset/images/validation/truffle_lemon/truffle_lemon_0100.jpg,validation,occupied,truffle_lemon,Lemon,IMG_1991_c008,IMG_1991.jpg,expanded_u2net,IMG_2034_r09_c01.jpg,IMG_2034.jpg,50,182,21,20,20260917
truffle_manhattan_0001,data/synthetic_slots/v1/dataset/images/train/truffle_manhattan/truffle_manhattan_0001.jpg,train,occupied,truffle_manhattan,Manhattan,IMG_1965_c026,IMG_1965.jpg,expanded_isnet,IMG_2021_r03_c02.jpg,IMG_2021.jpg,6,162,34,36,20260917
truffle_manhattan_0002,data/synthetic_slots/v1/dataset/images/train/truffle_manhattan/truffle_manhattan_0002.jpg,train,occupied,truffle_manhattan,Manhattan,IMG_1965_c026,IMG_1965.jpg,expanded_isnet,IMG_2022_r02_c02.jpg,IMG_2022.jpg,16,149,33,31,20260917
truffle_manhattan_0003,data/synthetic_slots/v1/dataset/images/train/truffle_manhattan/truffle_manhattan_0003.jpg,train,occupied,truffle_manhattan,Manhattan,IMG_1965_c026,IMG_1965.jpg,expanded_isnet,IMG_2027_r01_c04.jpg,IMG_2027.jpg,30,146,47,37,20260917
truffle_manhattan_0004,data/synthetic_slots/v1/dataset/images/train/truffle_manhattan/truffle_manhattan_0004.jpg,train,occupied,truffle_manhattan,Manhattan,IMG_1965_c026,IMG_1965.jpg,expanded_isnet,IMG_2032_r04_c01.jpg,IMG_2032.jpg,50,158,42,42,20260917
truffle_manhattan_0005,data/synthetic_slots/v1/dataset/images/train/truffle_manhattan/truffle_manhattan_0005.jpg,train,occupied,truffle_manhattan,Manhattan,IMG_1965_c026,IMG_1965.jpg,expanded_isnet,IMG_2021_r03_c02.jpg,IMG_2021.jpg,6,174,26,32,20260917
truffle_manhattan_0006,data/synthetic_slots/v1/dataset/images/train/truffle_manhattan/truffle_manhattan_0006.jpg,train,occupied,truffle_manhattan,Manhattan,IMG_1965_c026,IMG_1965.jpg,expanded_isnet,IMG_2024_r03_c02.jpg,IMG_2024.jpg,16,166,34,26,20260917
truffle_manhattan_0007,data/synthetic_slots/v1/dataset/images/train/truffle_manhattan/truffle_manhattan_0007.jpg,train,occupied,truffle_manhattan,Manhattan,IMG_1965_c026,IMG_1965.jpg,expanded_isnet,IMG_2028_r06_c01.jpg,IMG_2028.jpg,30,179,29,15,20260917
truffle_manhattan_0008,data/synthetic_slots/v1/dataset/images/train/truffle_manhattan/truffle_manhattan_0008.jpg,train,occupied,truffle_manhattan,Manhattan,IMG_1965_c026,IMG_1965.jpg,expanded_isnet,IMG_2033_r05_c01.jpg,IMG_2033.jpg,50,164,43,29,20260917
truffle_manhattan_0009,data/synthetic_slots/v1/dataset/images/train/truffle_manhattan/truffle_manhattan_0009.jpg,train,occupied,truffle_manhattan,Manhattan,IMG_1965_c026,IMG_1965.jpg,expanded_isnet,IMG_2021_r03_c02.jpg,IMG_2021.jpg,6,160,28,32,20260917
truffle_manhattan_0010,data/synthetic_slots/v1/dataset/images/train/truffle_manhattan/truffle_manhattan_0010.jpg,train,occupied,truffle_manhattan,Manhattan,IMG_1965_c026,IMG_1965.jpg,expanded_isnet,IMG_2025_r03_c02.jpg,IMG_2025.jpg,16,159,47,30,20260917
truffle_manhattan_0011,data/synthetic_slots/v1/dataset/images/train/truffle_manhattan/truffle_manhattan_0011.jpg,train,occupied,truffle_manhattan,Manhattan,IMG_1965_c026,IMG_1965.jpg,expanded_isnet,IMG_2028_r02_c05.jpg,IMG_2028.jpg,30,169,34,36,20260917
truffle_manhattan_0012,data/synthetic_slots/v1/dataset/images/train/truffle_manhattan/truffle_manhattan_0012.jpg,train,occupied,truffle_manhattan,Manhattan,IMG_1965_c026,IMG_1965.jpg,expanded_isnet,IMG_2032_r07_c04.jpg,IMG_2032.jpg,50,148,37,32,20260917
truffle_manhattan_0013,data/synthetic_slots/v1/dataset/images/train/truffle_manhattan/truffle_manhattan_0013.jpg,train,occupied,truffle_manhattan,Manhattan,IMG_1965_c026,IMG_1965.jpg,expanded_isnet,IMG_2019_r01_c01.jpg,IMG_2019.jpg,6,162,32,34,20260917
truffle_manhattan_0014,data/synthetic_slots/v1/dataset/images/train/truffle_manhattan/truffle_manhattan_0014.jpg,train,occupied,truffle_manhattan,Manhattan,IMG_1965_c026,IMG_1965.jpg,expanded_isnet,IMG_2026_r01_c01.jpg,IMG_2026.jpg,16,185,18,10,20260917
truffle_manhattan_0015,data/synthetic_slots/v1/dataset/images/train/truffle_manhattan/truffle_manhattan_0015.jpg,train,occupied,truffle_manhattan,Manhattan,IMG_1965_c026,IMG_1965.jpg,expanded_isnet,IMG_2028_r05_c02.jpg,IMG_2028.jpg,30,172,26,19,20260917
truffle_manhattan_0016,data/synthetic_slots/v1/dataset/images/train/truffle_manhattan/truffle_manhattan_0016.jpg,train,occupied,truffle_manhattan,Manhattan,IMG_1965_c026,IMG_1965.jpg,expanded_isnet,IMG_2032_r09_c03.jpg,IMG_2032.jpg,50,174,34,26,20260917
truffle_manhattan_0017,data/synthetic_slots/v1/dataset/images/train/truffle_manhattan/truffle_manhattan_0017.jpg,train,occupied,truffle_manhattan,Manhattan,IMG_1965_c026,IMG_1965.jpg,expanded_isnet,IMG_2021_r03_c02.jpg,IMG_2021.jpg,6,169,38,28,20260917
truffle_manhattan_0018,data/synthetic_slots/v1/dataset/images/train/truffle_manhattan/truffle_manhattan_0018.jpg,train,occupied,truffle_manhattan,Manhattan,IMG_1965_c026,IMG_1965.jpg,expanded_isnet,IMG_2024_r01_c03.jpg,IMG_2024.jpg,16,153,32,35,20260917
truffle_manhattan_0019,data/synthetic_slots/v1/dataset/images/train/truffle_manhattan/truffle_manhattan_0019.jpg,train,occupied,truffle_manhattan,Manhattan,IMG_1965_c026,IMG_1965.jpg,expanded_isnet,IMG_2028_r03_c03.jpg,IMG_2028.jpg,30,180,29,25,20260917
truffle_manhattan_0020,data/synthetic_slots/v1/dataset/images/train/truffle_manhattan/truffle_manhattan_0020.jpg,train,occupied,truffle_manhattan,Manhattan,IMG_1965_c026,IMG_1965.jpg,expanded_isnet,IMG_2031_r04_c02.jpg,IMG_2031.jpg,50,145,50,34,20260917
truffle_manhattan_0021,data/synthetic_slots/v1/dataset/images/train/truffle_manhattan/truffle_manhattan_0021.jpg,train,occupied,truffle_manhattan,Manhattan,IMG_1965_c026,IMG_1965.jpg,expanded_isnet,IMG_2021_r01_c01.jpg,IMG_2021.jpg,6,182,30,21,20260917
truffle_manhattan_0022,data/synthetic_slots/v1/dataset/images/train/truffle_manhattan/truffle_manhattan_0022.jpg,train,occupied,truffle_manhattan,Manhattan,IMG_1965_c026,IMG_1965.jpg,expanded_isnet,IMG_2024_r02_c03.jpg,IMG_2024.jpg,16,175,39,15,20260917
truffle_manhattan_0023,data/synthetic_slots/v1/dataset/images/train/truffle_manhattan/truffle_manhattan_0023.jpg,train,occupied,truffle_manhattan,Manhattan,IMG_1965_c026,IMG_1965.jpg,expanded_isnet,IMG_2029_r05_c04.jpg,IMG_2029.jpg,30,163,32,36,20260917
truffle_manhattan_0024,data/synthetic_slots/v1/dataset/images/train/truffle_manhattan/truffle_manhattan_0024.jpg,train,occupied,truffle_manhattan,Manhattan,IMG_1965_c026,IMG_1965.jpg,expanded_isnet,IMG_2031_r02_c04.jpg,IMG_2031.jpg,50,172,25,32,20260917
truffle_manhattan_0025,data/synthetic_slots/v1/dataset/images/train/truffle_manhattan/truffle_manhattan_0025.jpg,train,occupied,truffle_manhattan,Manhattan,IMG_1965_c026,IMG_1965.jpg,expanded_isnet,IMG_2019_r02_c02.jpg,IMG_2019.jpg,6,184,30,20,20260917
truffle_manhattan_0026,data/synthetic_slots/v1/dataset/images/train/truffle_manhattan/truffle_manhattan_0026.jpg,train,occupied,truffle_manhattan,Manhattan,IMG_1965_c026,IMG_1965.jpg,expanded_isnet,IMG_2025_r01_c04.jpg,IMG_2025.jpg,16,158,38,31,20260917
truffle_manhattan_0027,data/synthetic_slots/v1/dataset/images/train/truffle_manhattan/truffle_manhattan_0027.jpg,train,occupied,truffle_manhattan,Manhattan,IMG_1965_c026,IMG_1965.jpg,expanded_isnet,IMG_2029_r04_c04.jpg,IMG_2029.jpg,30,171,38,34,20260917
truffle_manhattan_0028,data/synthetic_slots/v1/dataset/images/train/truffle_manhattan/truffle_manhattan_0028.jpg,train,occupied,truffle_manhattan,Manhattan,IMG_1965_c026,IMG_1965.jpg,expanded_isnet,IMG_2032_r02_c03.jpg,IMG_2032.jpg,50,168,33,23,20260917
truffle_manhattan_0029,data/synthetic_slots/v1/dataset/images/train/truffle_manhattan/truffle_manhattan_0029.jpg,train,occupied,truffle_manhattan,Manhattan,IMG_1965_c026,IMG_1965.jpg,expanded_isnet,IMG_2019_r02_c01.jpg,IMG_2019.jpg,6,153,49,26,20260917
truffle_manhattan_0030,data/synthetic_slots/v1/dataset/images/train/truffle_manhattan/truffle_manhattan_0030.jpg,train,occupied,truffle_manhattan,Manhattan,IMG_1965_c026,IMG_1965.jpg,expanded_isnet,IMG_2022_r04_c03.jpg,IMG_2022.jpg,16,180,31,18,20260917
truffle_manhattan_0031,data/synthetic_slots/v1/dataset/images/train/truffle_manhattan/truffle_manhattan_0031.jpg,train,occupied,truffle_manhattan,Manhattan,IMG_1965_c026,IMG_1965.jpg,expanded_isnet,IMG_2028_r04_c05.jpg,IMG_2028.jpg,30,174,23,23,20260917
truffle_manhattan_0032,data/synthetic_slots/v1/dataset/images/train/truffle_manhattan/truffle_manhattan_0032.jpg,train,occupied,truffle_manhattan,Manhattan,IMG_1965_c026,IMG_1965.jpg,expanded_isnet,IMG_2032_r03_c01.jpg,IMG_2032.jpg,50,152,36,33,20260917
truffle_manhattan_0033,data/synthetic_slots/v1/dataset/images/train/truffle_manhattan/truffle_manhattan_0033.jpg,train,occupied,truffle_manhattan,Manhattan,IMG_1965_c026,IMG_1965.jpg,expanded_isnet,IMG_2019_r02_c01.jpg,IMG_2019.jpg,6,161,41,33,20260917
truffle_manhattan_0034,data/synthetic_slots/v1/dataset/images/train/truffle_manhattan/truffle_manhattan_0034.jpg,train,occupied,truffle_manhattan,Manhattan,IMG_1965_c026,IMG_1965.jpg,expanded_isnet,IMG_2025_r03_c04.jpg,IMG_2025.jpg,16,165,27,26,20260917
truffle_manhattan_0035,data/synthetic_slots/v1/dataset/images/train/truffle_manhattan/truffle_manhattan_0035.jpg,train,occupied,truffle_manhattan,Manhattan,IMG_1965_c026,IMG_1965.jpg,expanded_isnet,IMG_2028_r05_c03.jpg,IMG_2028.jpg,30,174,36,17,20260917
truffle_manhattan_0036,data/synthetic_slots/v1/dataset/images/train/truffle_manhattan/truffle_manhattan_0036.jpg,train,occupied,truffle_manhattan,Manhattan,IMG_1965_c026,IMG_1965.jpg,expanded_isnet,IMG_2033_r02_c02.jpg,IMG_2033.jpg,50,182,35,15,20260917
truffle_manhattan_0037,data/synthetic_slots/v1/dataset/images/train/truffle_manhattan/truffle_manhattan_0037.jpg,train,occupied,truffle_manhattan,Manhattan,IMG_1965_c026,IMG_1965.jpg,expanded_isnet,IMG_2021_r03_c01.jpg,IMG_2021.jpg,6,177,34,15,20260917
truffle_manhattan_0038,data/synthetic_slots/v1/dataset/images/train/truffle_manhattan/truffle_manhattan_0038.jpg,train,occupied,truffle_manhattan,Manhattan,IMG_1965_c026,IMG_1965.jpg,expanded_isnet,IMG_2024_r01_c01.jpg,IMG_2024.jpg,16,167,33,32,20260917
truffle_manhattan_0039,data/synthetic_slots/v1/dataset/images/train/truffle_manhattan/truffle_manhattan_0039.jpg,train,occupied,truffle_manhattan,Manhattan,IMG_1965_c026,IMG_1965.jpg,expanded_isnet,IMG_2029_r04_c04.jpg,IMG_2029.jpg,30,169,27,27,20260917
truffle_manhattan_0040,data/synthetic_slots/v1/dataset/images/train/truffle_manhattan/truffle_manhattan_0040.jpg,train,occupied,truffle_manhattan,Manhattan,IMG_1965_c026,IMG_1965.jpg,expanded_isnet,IMG_2031_r04_c05.jpg,IMG_2031.jpg,50,178,30,22,20260917
truffle_manhattan_0041,data/synthetic_slots/v1/dataset/images/train/truffle_manhattan/truffle_manhattan_0041.jpg,train,occupied,truffle_manhattan,Manhattan,IMG_1965_c026,IMG_1965.jpg,expanded_isnet,IMG_2021_r01_c02.jpg,IMG_2021.jpg,6,155,32,34,20260917
truffle_manhattan_0042,data/synthetic_slots/v1/dataset/images/train/truffle_manhattan/truffle_manhattan_0042.jpg,train,occupied,truffle_manhattan,Manhattan,IMG_1965_c026,IMG_1965.jpg,expanded_isnet,IMG_2022_r03_c03.jpg,IMG_2022.jpg,16,176,35,21,20260917
truffle_manhattan_0043,data/synthetic_slots/v1/dataset/images/train/truffle_manhattan/truffle_manhattan_0043.jpg,train,occupied,truffle_manhattan,Manhattan,IMG_1965_c026,IMG_1965.jpg,expanded_isnet,IMG_2027_r04_c04.jpg,IMG_2027.jpg,30,164,31,22,20260917
truffle_manhattan_0044,data/synthetic_slots/v1/dataset/images/train/truffle_manhattan/truffle_manhattan_0044.jpg,train,occupied,truffle_manhattan,Manhattan,IMG_1965_c026,IMG_1965.jpg,expanded_isnet,IMG_2033_r03_c03.jpg,IMG_2033.jpg,50,170,30,24,20260917
truffle_manhattan_0045,data/synthetic_slots/v1/dataset/images/train/truffle_manhattan/truffle_manhattan_0045.jpg,train,occupied,truffle_manhattan,Manhattan,IMG_1965_c026,IMG_1965.jpg,expanded_isnet,IMG_2019_r02_c02.jpg,IMG_2019.jpg,6,183,28,12,20260917
truffle_manhattan_0046,data/synthetic_slots/v1/dataset/images/train/truffle_manhattan/truffle_manhattan_0046.jpg,train,occupied,truffle_manhattan,Manhattan,IMG_1965_c026,IMG_1965.jpg,expanded_isnet,IMG_2025_r02_c03.jpg,IMG_2025.jpg,16,169,40,36,20260917
truffle_manhattan_0047,data/synthetic_slots/v1/dataset/images/train/truffle_manhattan/truffle_manhattan_0047.jpg,train,occupied,truffle_manhattan,Manhattan,IMG_1965_c026,IMG_1965.jpg,expanded_isnet,IMG_2029_r05_c05.jpg,IMG_2029.jpg,30,159,41,23,20260917
truffle_manhattan_0048,data/synthetic_slots/v1/dataset/images/train/truffle_manhattan/truffle_manhattan_0048.jpg,train,occupied,truffle_manhattan,Manhattan,IMG_1965_c026,IMG_1965.jpg,expanded_isnet,IMG_2032_r02_c05.jpg,IMG_2032.jpg,50,153,32,36,20260917
truffle_manhattan_0049,data/synthetic_slots/v1/dataset/images/train/truffle_manhattan/truffle_manhattan_0049.jpg,train,occupied,truffle_manhattan,Manhattan,IMG_1965_c026,IMG_1965.jpg,expanded_isnet,IMG_2021_r03_c01.jpg,IMG_2021.jpg,6,181,35,30,20260917
truffle_manhattan_0050,data/synthetic_slots/v1/dataset/images/train/truffle_manhattan/truffle_manhattan_0050.jpg,train,occupied,truffle_manhattan,Manhattan,IMG_1965_c026,IMG_1965.jpg,expanded_isnet,IMG_2024_r04_c03.jpg,IMG_2024.jpg,16,168,37,24,20260917
truffle_manhattan_0051,data/synthetic_slots/v1/dataset/images/train/truffle_manhattan/truffle_manhattan_0051.jpg,train,occupied,truffle_manhattan,Manhattan,IMG_1965_c026,IMG_1965.jpg,expanded_isnet,IMG_2027_r01_c02.jpg,IMG_2027.jpg,30,170,29,18,20260917
truffle_manhattan_0052,data/synthetic_slots/v1/dataset/images/train/truffle_manhattan/truffle_manhattan_0052.jpg,train,occupied,truffle_manhattan,Manhattan,IMG_1965_c026,IMG_1965.jpg,expanded_isnet,IMG_2033_r05_c05.jpg,IMG_2033.jpg,50,170,40,28,20260917
truffle_manhattan_0053,data/synthetic_slots/v1/dataset/images/train/truffle_manhattan/truffle_manhattan_0053.jpg,train,occupied,truffle_manhattan,Manhattan,IMG_1965_c026,IMG_1965.jpg,expanded_isnet,IMG_2021_r03_c02.jpg,IMG_2021.jpg,6,167,32,21,20260917
truffle_manhattan_0054,data/synthetic_slots/v1/dataset/images/train/truffle_manhattan/truffle_manhattan_0054.jpg,train,occupied,truffle_manhattan,Manhattan,IMG_1965_c026,IMG_1965.jpg,expanded_isnet,IMG_2025_r03_c03.jpg,IMG_2025.jpg,16,168,27,37,20260917
truffle_manhattan_0055,data/synthetic_slots/v1/dataset/images/train/truffle_manhattan/truffle_manhattan_0055.jpg,train,occupied,truffle_manhattan,Manhattan,IMG_1965_c026,IMG_1965.jpg,expanded_isnet,IMG_2029_r06_c01.jpg,IMG_2029.jpg,30,145,50,44,20260917
truffle_manhattan_0056,data/synthetic_slots/v1/dataset/images/train/truffle_manhattan/truffle_manhattan_0056.jpg,train,occupied,truffle_manhattan,Manhattan,IMG_1965_c026,IMG_1965.jpg,expanded_isnet,IMG_2033_r01_c03.jpg,IMG_2033.jpg,50,165,30,26,20260917
truffle_manhattan_0057,data/synthetic_slots/v1/dataset/images/train/truffle_manhattan/truffle_manhattan_0057.jpg,train,occupied,truffle_manhattan,Manhattan,IMG_1965_c026,IMG_1965.jpg,expanded_isnet,IMG_2021_r01_c02.jpg,IMG_2021.jpg,6,178,37,28,20260917
truffle_manhattan_0058,data/synthetic_slots/v1/dataset/images/train/truffle_manhattan/truffle_manhattan_0058.jpg,train,occupied,truffle_manhattan,Manhattan,IMG_1965_c026,IMG_1965.jpg,expanded_isnet,IMG_2022_r01_c03.jpg,IMG_2022.jpg,16,175,32,21,20260917
truffle_manhattan_0059,data/synthetic_slots/v1/dataset/images/train/truffle_manhattan/truffle_manhattan_0059.jpg,train,occupied,truffle_manhattan,Manhattan,IMG_1965_c026,IMG_1965.jpg,expanded_isnet,IMG_2028_r04_c05.jpg,IMG_2028.jpg,30,175,37,18,20260917
truffle_manhattan_0060,data/synthetic_slots/v1/dataset/images/train/truffle_manhattan/truffle_manhattan_0060.jpg,train,occupied,truffle_manhattan,Manhattan,IMG_1965_c026,IMG_1965.jpg,expanded_isnet,IMG_2031_r06_c02.jpg,IMG_2031.jpg,50,147,36,38,20260917
truffle_manhattan_0061,data/synthetic_slots/v1/dataset/images/train/truffle_manhattan/truffle_manhattan_0061.jpg,train,occupied,truffle_manhattan,Manhattan,IMG_1965_c026,IMG_1965.jpg,expanded_isnet,IMG_2019_r02_c01.jpg,IMG_2019.jpg,6,169,41,27,20260917
truffle_manhattan_0062,data/synthetic_slots/v1/dataset/images/train/truffle_manhattan/truffle_manhattan_0062.jpg,train,occupied,truffle_manhattan,Manhattan,IMG_1965_c026,IMG_1965.jpg,expanded_isnet,IMG_2025_r03_c01.jpg,IMG_2025.jpg,16,182,28,29,20260917
truffle_manhattan_0063,data/synthetic_slots/v1/dataset/images/train/truffle_manhattan/truffle_manhattan_0063.jpg,train,occupied,truffle_manhattan,Manhattan,IMG_1965_c026,IMG_1965.jpg,expanded_isnet,IMG_2027_r04_c05.jpg,IMG_2027.jpg,30,184,22,13,20260917
truffle_manhattan_0064,data/synthetic_slots/v1/dataset/images/train/truffle_manhattan/truffle_manhattan_0064.jpg,train,occupied,truffle_manhattan,Manhattan,IMG_1965_c026,IMG_1965.jpg,expanded_isnet,IMG_2031_r02_c05.jpg,IMG_2031.jpg,50,173,33,34,20260917
truffle_manhattan_0065,data/synthetic_slots/v1/dataset/images/train/truffle_manhattan/truffle_manhattan_0065.jpg,train,occupied,truffle_manhattan,Manhattan,IMG_1965_c026,IMG_1965.jpg,expanded_isnet,IMG_2021_r03_c01.jpg,IMG_2021.jpg,6,148,37,37,20260917
truffle_manhattan_0066,data/synthetic_slots/v1/dataset/images/train/truffle_manhattan/truffle_manhattan_0066.jpg,train,occupied,truffle_manhattan,Manhattan,IMG_1965_c026,IMG_1965.jpg,expanded_isnet,IMG_2026_r03_c03.jpg,IMG_2026.jpg,16,175,36,31,20260917
truffle_manhattan_0067,data/synthetic_slots/v1/dataset/images/train/truffle_manhattan/truffle_manhattan_0067.jpg,train,occupied,truffle_manhattan,Manhattan,IMG_1965_c026,IMG_1965.jpg,expanded_isnet,IMG_2027_r02_c03.jpg,IMG_2027.jpg,30,184,19,29,20260917
truffle_manhattan_0068,data/synthetic_slots/v1/dataset/images/train/truffle_manhattan/truffle_manhattan_0068.jpg,train,occupied,truffle_manhattan,Manhattan,IMG_1965_c026,IMG_1965.jpg,expanded_isnet,IMG_2033_r02_c02.jpg,IMG_2033.jpg,50,182,30,25,20260917
truffle_manhattan_0069,data/synthetic_slots/v1/dataset/images/train/truffle_manhattan/truffle_manhattan_0069.jpg,train,occupied,truffle_manhattan,Manhattan,IMG_1965_c026,IMG_1965.jpg,expanded_isnet,IMG_2021_r03_c02.jpg,IMG_2021.jpg,6,179,21,26,20260917
truffle_manhattan_0070,data/synthetic_slots/v1/dataset/images/train/truffle_manhattan/truffle_manhattan_0070.jpg,train,occupied,truffle_manhattan,Manhattan,IMG_1965_c026,IMG_1965.jpg,expanded_isnet,IMG_2025_r01_c03.jpg,IMG_2025.jpg,16,167,41,23,20260917
truffle_manhattan_0071,data/synthetic_slots/v1/dataset/images/train/truffle_manhattan/truffle_manhattan_0071.jpg,train,occupied,truffle_manhattan,Manhattan,IMG_1965_c026,IMG_1965.jpg,expanded_isnet,IMG_2028_r04_c03.jpg,IMG_2028.jpg,30,148,50,29,20260917
truffle_manhattan_0072,data/synthetic_slots/v1/dataset/images/train/truffle_manhattan/truffle_manhattan_0072.jpg,train,occupied,truffle_manhattan,Manhattan,IMG_1965_c026,IMG_1965.jpg,expanded_isnet,IMG_2031_r08_c01.jpg,IMG_2031.jpg,50,177,25,28,20260917
truffle_manhattan_0073,data/synthetic_slots/v1/dataset/images/train/truffle_manhattan/truffle_manhattan_0073.jpg,train,occupied,truffle_manhattan,Manhattan,IMG_1965_c026,IMG_1965.jpg,expanded_isnet,IMG_2019_r01_c01.jpg,IMG_2019.jpg,6,178,27,17,20260917
truffle_manhattan_0074,data/synthetic_slots/v1/dataset/images/train/truffle_manhattan/truffle_manhattan_0074.jpg,train,occupied,truffle_manhattan,Manhattan,IMG_1965_c026,IMG_1965.jpg,expanded_isnet,IMG_2025_r01_c02.jpg,IMG_2025.jpg,16,161,27,26,20260917
truffle_manhattan_0075,data/synthetic_slots/v1/dataset/images/train/truffle_manhattan/truffle_manhattan_0075.jpg,train,occupied,truffle_manhattan,Manhattan,IMG_1965_c026,IMG_1965.jpg,expanded_isnet,IMG_2029_r02_c01.jpg,IMG_2029.jpg,30,148,38,32,20260917
truffle_manhattan_0076,data/synthetic_slots/v1/dataset/images/train/truffle_manhattan/truffle_manhattan_0076.jpg,train,occupied,truffle_manhattan,Manhattan,IMG_1965_c026,IMG_1965.jpg,expanded_isnet,IMG_2032_r01_c02.jpg,IMG_2032.jpg,50,161,41,24,20260917
truffle_manhattan_0077,data/synthetic_slots/v1/dataset/images/train/truffle_manhattan/truffle_manhattan_0077.jpg,train,occupied,truffle_manhattan,Manhattan,IMG_1965_c026,IMG_1965.jpg,expanded_isnet,IMG_2019_r01_c02.jpg,IMG_2019.jpg,6,174,31,26,20260917
truffle_manhattan_0078,data/synthetic_slots/v1/dataset/images/train/truffle_manhattan/truffle_manhattan_0078.jpg,train,occupied,truffle_manhattan,Manhattan,IMG_1965_c026,IMG_1965.jpg,expanded_isnet,IMG_2025_r03_c01.jpg,IMG_2025.jpg,16,179,36,20,20260917
truffle_manhattan_0079,data/synthetic_slots/v1/dataset/images/train/truffle_manhattan/truffle_manhattan_0079.jpg,train,occupied,truffle_manhattan,Manhattan,IMG_1965_c026,IMG_1965.jpg,expanded_isnet,IMG_2029_r05_c05.jpg,IMG_2029.jpg,30,152,43,39,20260917
truffle_manhattan_0080,data/synthetic_slots/v1/dataset/images/train/truffle_manhattan/truffle_manhattan_0080.jpg,train,occupied,truffle_manhattan,Manhattan,IMG_1965_c026,IMG_1965.jpg,expanded_isnet,IMG_2032_r01_c03.jpg,IMG_2032.jpg,50,160,30,39,20260917
truffle_manhattan_0081,data/synthetic_slots/v1/dataset/images/validation/truffle_manhattan/truffle_manhattan_0081.jpg,validation,occupied,truffle_manhattan,Manhattan,IMG_1965_c026,IMG_1965.jpg,expanded_isnet,IMG_2020_r02_c02.jpg,IMG_2020.jpg,6,159,37,32,20260917
truffle_manhattan_0082,data/synthetic_slots/v1/dataset/images/validation/truffle_manhattan/truffle_manhattan_0082.jpg,validation,occupied,truffle_manhattan,Manhattan,IMG_1965_c026,IMG_1965.jpg,expanded_isnet,IMG_2023_r01_c02.jpg,IMG_2023.jpg,16,181,28,28,20260917
truffle_manhattan_0083,data/synthetic_slots/v1/dataset/images/validation/truffle_manhattan/truffle_manhattan_0083.jpg,validation,occupied,truffle_manhattan,Manhattan,IMG_1965_c026,IMG_1965.jpg,expanded_isnet,IMG_2030_r05_c03.jpg,IMG_2030.jpg,30,154,38,28,20260917
truffle_manhattan_0084,data/synthetic_slots/v1/dataset/images/validation/truffle_manhattan/truffle_manhattan_0084.jpg,validation,occupied,truffle_manhattan,Manhattan,IMG_1965_c026,IMG_1965.jpg,expanded_isnet,IMG_2034_r02_c04.jpg,IMG_2034.jpg,50,157,41,24,20260917
truffle_manhattan_0085,data/synthetic_slots/v1/dataset/images/validation/truffle_manhattan/truffle_manhattan_0085.jpg,validation,occupied,truffle_manhattan,Manhattan,IMG_1965_c026,IMG_1965.jpg,expanded_isnet,IMG_2020_r02_c02.jpg,IMG_2020.jpg,6,180,35,31,20260917
truffle_manhattan_0086,data/synthetic_slots/v1/dataset/images/validation/truffle_manhattan/truffle_manhattan_0086.jpg,validation,occupied,truffle_manhattan,Manhattan,IMG_1965_c026,IMG_1965.jpg,expanded_isnet,IMG_2023_r03_c04.jpg,IMG_2023.jpg,16,164,44,37,20260917
truffle_manhattan_0087,data/synthetic_slots/v1/dataset/images/validation/truffle_manhattan/truffle_manhattan_0087.jpg,validation,occupied,truffle_manhattan,Manhattan,IMG_1965_c026,IMG_1965.jpg,expanded_isnet,IMG_2030_r03_c03.jpg,IMG_2030.jpg,30,165,31,26,20260917
truffle_manhattan_0088,data/synthetic_slots/v1/dataset/images/validation/truffle_manhattan/truffle_manhattan_0088.jpg,validation,occupied,truffle_manhattan,Manhattan,IMG_1965_c026,IMG_1965.jpg,expanded_isnet,IMG_2034_r06_c05.jpg,IMG_2034.jpg,50,146,47,37,20260917
truffle_manhattan_0089,data/synthetic_slots/v1/dataset/images/validation/truffle_manhattan/truffle_manhattan_0089.jpg,validation,occupied,truffle_manhattan,Manhattan,IMG_1965_c026,IMG_1965.jpg,expanded_isnet,IMG_2020_r01_c01.jpg,IMG_2020.jpg,6,149,51,35,20260917
truffle_manhattan_0090,data/synthetic_slots/v1/dataset/images/validation/truffle_manhattan/truffle_manhattan_0090.jpg,validation,occupied,truffle_manhattan,Manhattan,IMG_1965_c026,IMG_1965.jpg,expanded_isnet,IMG_2023_r02_c04.jpg,IMG_2023.jpg,16,164,42,28,20260917
truffle_manhattan_0091,data/synthetic_slots/v1/dataset/images/validation/truffle_manhattan/truffle_manhattan_0091.jpg,validation,occupied,truffle_manhattan,Manhattan,IMG_1965_c026,IMG_1965.jpg,expanded_isnet,IMG_2030_r06_c04.jpg,IMG_2030.jpg,30,181,35,15,20260917
truffle_manhattan_0092,data/synthetic_slots/v1/dataset/images/validation/truffle_manhattan/truffle_manhattan_0092.jpg,validation,occupied,truffle_manhattan,Manhattan,IMG_1965_c026,IMG_1965.jpg,expanded_isnet,IMG_2034_r07_c02.jpg,IMG_2034.jpg,50,152,38,36,20260917
truffle_manhattan_0093,data/synthetic_slots/v1/dataset/images/validation/truffle_manhattan/truffle_manhattan_0093.jpg,validation,occupied,truffle_manhattan,Manhattan,IMG_1965_c026,IMG_1965.jpg,expanded_isnet,IMG_2020_r03_c01.jpg,IMG_2020.jpg,6,151,51,32,20260917
truffle_manhattan_0094,data/synthetic_slots/v1/dataset/images/validation/truffle_manhattan/truffle_manhattan_0094.jpg,validation,occupied,truffle_manhattan,Manhattan,IMG_1965_c026,IMG_1965.jpg,expanded_isnet,IMG_2023_r02_c01.jpg,IMG_2023.jpg,16,149,45,39,20260917
truffle_manhattan_0095,data/synthetic_slots/v1/dataset/images/validation/truffle_manhattan/truffle_manhattan_0095.jpg,validation,occupied,truffle_manhattan,Manhattan,IMG_1965_c026,IMG_1965.jpg,expanded_isnet,IMG_2030_r06_c02.jpg,IMG_2030.jpg,30,146,48,35,20260917
truffle_manhattan_0096,data/synthetic_slots/v1/dataset/images/validation/truffle_manhattan/truffle_manhattan_0096.jpg,validation,occupied,truffle_manhattan,Manhattan,IMG_1965_c026,IMG_1965.jpg,expanded_isnet,IMG_2034_r10_c04.jpg,IMG_2034.jpg,50,170,37,27,20260917
truffle_manhattan_0097,data/synthetic_slots/v1/dataset/images/validation/truffle_manhattan/truffle_manhattan_0097.jpg,validation,occupied,truffle_manhattan,Manhattan,IMG_1965_c026,IMG_1965.jpg,expanded_isnet,IMG_2020_r01_c02.jpg,IMG_2020.jpg,6,151,49,37,20260917
truffle_manhattan_0098,data/synthetic_slots/v1/dataset/images/validation/truffle_manhattan/truffle_manhattan_0098.jpg,validation,occupied,truffle_manhattan,Manhattan,IMG_1965_c026,IMG_1965.jpg,expanded_isnet,IMG_2023_r01_c01.jpg,IMG_2023.jpg,16,147,46,33,20260917
truffle_manhattan_0099,data/synthetic_slots/v1/dataset/images/validation/truffle_manhattan/truffle_manhattan_0099.jpg,validation,occupied,truffle_manhattan,Manhattan,IMG_1965_c026,IMG_1965.jpg,expanded_isnet,IMG_2030_r02_c04.jpg,IMG_2030.jpg,30,184,29,29,20260917
truffle_manhattan_0100,data/synthetic_slots/v1/dataset/images/validation/truffle_manhattan/truffle_manhattan_0100.jpg,validation,occupied,truffle_manhattan,Manhattan,IMG_1965_c026,IMG_1965.jpg,expanded_isnet,IMG_2034_r10_c01.jpg,IMG_2034.jpg,50,155,36,39,20260917
truffle_maple_cream_0001,data/synthetic_slots/v1/dataset/images/train/truffle_maple_cream/truffle_maple_cream_0001.jpg,train,occupied,truffle_maple_cream,Maple Cream,IMG_1986_c001,IMG_1986.jpg,manual_polygon,IMG_2019_r02_c01.jpg,IMG_2019.jpg,6,159,44,37,20260917
truffle_maple_cream_0002,data/synthetic_slots/v1/dataset/images/train/truffle_maple_cream/truffle_maple_cream_0002.jpg,train,occupied,truffle_maple_cream,Maple Cream,IMG_1986_c001,IMG_1986.jpg,manual_polygon,IMG_2026_r04_c04.jpg,IMG_2026.jpg,16,165,31,28,20260917
truffle_maple_cream_0003,data/synthetic_slots/v1/dataset/images/train/truffle_maple_cream/truffle_maple_cream_0003.jpg,train,occupied,truffle_maple_cream,Maple Cream,IMG_1986_c001,IMG_1986.jpg,manual_polygon,IMG_2027_r02_c04.jpg,IMG_2027.jpg,30,173,35,28,20260917
truffle_maple_cream_0004,data/synthetic_slots/v1/dataset/images/train/truffle_maple_cream/truffle_maple_cream_0004.jpg,train,occupied,truffle_maple_cream,Maple Cream,IMG_1986_c001,IMG_1986.jpg,manual_polygon,IMG_2031_r05_c05.jpg,IMG_2031.jpg,50,175,38,24,20260917
truffle_maple_cream_0005,data/synthetic_slots/v1/dataset/images/train/truffle_maple_cream/truffle_maple_cream_0005.jpg,train,occupied,truffle_maple_cream,Maple Cream,IMG_1986_c001,IMG_1986.jpg,manual_polygon,IMG_2021_r03_c01.jpg,IMG_2021.jpg,6,176,38,16,20260917
truffle_maple_cream_0006,data/synthetic_slots/v1/dataset/images/train/truffle_maple_cream/truffle_maple_cream_0006.jpg,train,occupied,truffle_maple_cream,Maple Cream,IMG_1986_c001,IMG_1986.jpg,manual_polygon,IMG_2024_r01_c01.jpg,IMG_2024.jpg,16,180,19,29,20260917
truffle_maple_cream_0007,data/synthetic_slots/v1/dataset/images/train/truffle_maple_cream/truffle_maple_cream_0007.jpg,train,occupied,truffle_maple_cream,Maple Cream,IMG_1986_c001,IMG_1986.jpg,manual_polygon,IMG_2028_r02_c01.jpg,IMG_2028.jpg,30,183,24,20,20260917
truffle_maple_cream_0008,data/synthetic_slots/v1/dataset/images/train/truffle_maple_cream/truffle_maple_cream_0008.jpg,train,occupied,truffle_maple_cream,Maple Cream,IMG_1986_c001,IMG_1986.jpg,manual_polygon,IMG_2031_r07_c01.jpg,IMG_2031.jpg,50,185,22,26,20260917
truffle_maple_cream_0009,data/synthetic_slots/v1/dataset/images/train/truffle_maple_cream/truffle_maple_cream_0009.jpg,train,occupied,truffle_maple_cream,Maple Cream,IMG_1986_c001,IMG_1986.jpg,manual_polygon,IMG_2021_r02_c02.jpg,IMG_2021.jpg,6,155,42,33,20260917
truffle_maple_cream_0010,data/synthetic_slots/v1/dataset/images/train/truffle_maple_cream/truffle_maple_cream_0010.jpg,train,occupied,truffle_maple_cream,Maple Cream,IMG_1986_c001,IMG_1986.jpg,manual_polygon,IMG_2026_r03_c01.jpg,IMG_2026.jpg,16,169,28,34,20260917
truffle_maple_cream_0011,data/synthetic_slots/v1/dataset/images/train/truffle_maple_cream/truffle_maple_cream_0011.jpg,train,occupied,truffle_maple_cream,Maple Cream,IMG_1986_c001,IMG_1986.jpg,manual_polygon,IMG_2028_r03_c01.jpg,IMG_2028.jpg,30,178,24,23,20260917
truffle_maple_cream_0012,data/synthetic_slots/v1/dataset/images/train/truffle_maple_cream/truffle_maple_cream_0012.jpg,train,occupied,truffle_maple_cream,Maple Cream,IMG_1986_c001,IMG_1986.jpg,manual_polygon,IMG_2031_r08_c01.jpg,IMG_2031.jpg,50,157,45,24,20260917
truffle_maple_cream_0013,data/synthetic_slots/v1/dataset/images/train/truffle_maple_cream/truffle_maple_cream_0013.jpg,train,occupied,truffle_maple_cream,Maple Cream,IMG_1986_c001,IMG_1986.jpg,manual_polygon,IMG_2019_r02_c02.jpg,IMG_2019.jpg,6,178,24,19,20260917
truffle_maple_cream_0014,data/synthetic_slots/v1/dataset/images/train/truffle_maple_cream/truffle_maple_cream_0014.jpg,train,occupied,truffle_maple_cream,Maple Cream,IMG_1986_c001,IMG_1986.jpg,manual_polygon,IMG_2024_r01_c01.jpg,IMG_2024.jpg,16,169,29,23,20260917
truffle_maple_cream_0015,data/synthetic_slots/v1/dataset/images/train/truffle_maple_cream/truffle_maple_cream_0015.jpg,train,occupied,truffle_maple_cream,Maple Cream,IMG_1986_c001,IMG_1986.jpg,manual_polygon,IMG_2027_r01_c04.jpg,IMG_2027.jpg,30,175,35,22,20260917
truffle_maple_cream_0016,data/synthetic_slots/v1/dataset/images/train/truffle_maple_cream/truffle_maple_cream_0016.jpg,train,occupied,truffle_maple_cream,Maple Cream,IMG_1986_c001,IMG_1986.jpg,manual_polygon,IMG_2031_r02_c05.jpg,IMG_2031.jpg,50,156,31,31,20260917
truffle_maple_cream_0017,data/synthetic_slots/v1/dataset/images/train/truffle_maple_cream/truffle_maple_cream_0017.jpg,train,occupied,truffle_maple_cream,Maple Cream,IMG_1986_c001,IMG_1986.jpg,manual_polygon,IMG_2021_r01_c01.jpg,IMG_2021.jpg,6,156,40,40,20260917
truffle_maple_cream_0018,data/synthetic_slots/v1/dataset/images/train/truffle_maple_cream/truffle_maple_cream_0018.jpg,train,occupied,truffle_maple_cream,Maple Cream,IMG_1986_c001,IMG_1986.jpg,manual_polygon,IMG_2024_r03_c03.jpg,IMG_2024.jpg,16,158,38,24,20260917
truffle_maple_cream_0019,data/synthetic_slots/v1/dataset/images/train/truffle_maple_cream/truffle_maple_cream_0019.jpg,train,occupied,truffle_maple_cream,Maple Cream,IMG_1986_c001,IMG_1986.jpg,manual_polygon,IMG_2028_r02_c04.jpg,IMG_2028.jpg,30,182,18,24,20260917
truffle_maple_cream_0020,data/synthetic_slots/v1/dataset/images/train/truffle_maple_cream/truffle_maple_cream_0020.jpg,train,occupied,truffle_maple_cream,Maple Cream,IMG_1986_c001,IMG_1986.jpg,manual_polygon,IMG_2031_r06_c01.jpg,IMG_2031.jpg,50,166,34,36,20260917
truffle_maple_cream_0021,data/synthetic_slots/v1/dataset/images/train/truffle_maple_cream/truffle_maple_cream_0021.jpg,train,occupied,truffle_maple_cream,Maple Cream,IMG_1986_c001,IMG_1986.jpg,manual_polygon,IMG_2021_r01_c01.jpg,IMG_2021.jpg,6,145,37,34,20260917
truffle_maple_cream_0022,data/synthetic_slots/v1/dataset/images/train/truffle_maple_cream/truffle_maple_cream_0022.jpg,train,occupied,truffle_maple_cream,Maple Cream,IMG_1986_c001,IMG_1986.jpg,manual_polygon,IMG_2022_r02_c03.jpg,IMG_2022.jpg,16,165,33,23,20260917
truffle_maple_cream_0023,data/synthetic_slots/v1/dataset/images/train/truffle_maple_cream/truffle_maple_cream_0023.jpg,train,occupied,truffle_maple_cream,Maple Cream,IMG_1986_c001,IMG_1986.jpg,manual_polygon,IMG_2028_r04_c03.jpg,IMG_2028.jpg,30,154,42,33,20260917
truffle_maple_cream_0024,data/synthetic_slots/v1/dataset/images/train/truffle_maple_cream/truffle_maple_cream_0024.jpg,train,occupied,truffle_maple_cream,Maple Cream,IMG_1986_c001,IMG_1986.jpg,manual_polygon,IMG_2032_r03_c05.jpg,IMG_2032.jpg,50,155,43,28,20260917
truffle_maple_cream_0025,data/synthetic_slots/v1/dataset/images/train/truffle_maple_cream/truffle_maple_cream_0025.jpg,train,occupied,truffle_maple_cream,Maple Cream,IMG_1986_c001,IMG_1986.jpg,manual_polygon,IMG_2021_r02_c02.jpg,IMG_2021.jpg,6,166,44,20,20260917
truffle_maple_cream_0026,data/synthetic_slots/v1/dataset/images/train/truffle_maple_cream/truffle_maple_cream_0026.jpg,train,occupied,truffle_maple_cream,Maple Cream,IMG_1986_c001,IMG_1986.jpg,manual_polygon,IMG_2025_r04_c04.jpg,IMG_2025.jpg,16,155,45,43,20260917
truffle_maple_cream_0027,data/synthetic_slots/v1/dataset/images/train/truffle_maple_cream/truffle_maple_cream_0027.jpg,train,occupied,truffle_maple_cream,Maple Cream,IMG_1986_c001,IMG_1986.jpg,manual_polygon,IMG_2029_r04_c02.jpg,IMG_2029.jpg,30,145,37,36,20260917
truffle_maple_cream_0028,data/synthetic_slots/v1/dataset/images/train/truffle_maple_cream/truffle_maple_cream_0028.jpg,train,occupied,truffle_maple_cream,Maple Cream,IMG_1986_c001,IMG_1986.jpg,manual_polygon,IMG_2031_r07_c03.jpg,IMG_2031.jpg,50,168,41,25,20260917
truffle_maple_cream_0029,data/synthetic_slots/v1/dataset/images/train/truffle_maple_cream/truffle_maple_cream_0029.jpg,train,occupied,truffle_maple_cream,Maple Cream,IMG_1986_c001,IMG_1986.jpg,manual_polygon,IMG_2019_r03_c02.jpg,IMG_2019.jpg,6,156,45,25,20260917
truffle_maple_cream_0030,data/synthetic_slots/v1/dataset/images/train/truffle_maple_cream/truffle_maple_cream_0030.jpg,train,occupied,truffle_maple_cream,Maple Cream,IMG_1986_c001,IMG_1986.jpg,manual_polygon,IMG_2025_r03_c02.jpg,IMG_2025.jpg,16,176,26,25,20260917
truffle_maple_cream_0031,data/synthetic_slots/v1/dataset/images/train/truffle_maple_cream/truffle_maple_cream_0031.jpg,train,occupied,truffle_maple_cream,Maple Cream,IMG_1986_c001,IMG_1986.jpg,manual_polygon,IMG_2028_r06_c02.jpg,IMG_2028.jpg,30,158,33,32,20260917
truffle_maple_cream_0032,data/synthetic_slots/v1/dataset/images/train/truffle_maple_cream/truffle_maple_cream_0032.jpg,train,occupied,truffle_maple_cream,Maple Cream,IMG_1986_c001,IMG_1986.jpg,manual_polygon,IMG_2031_r03_c05.jpg,IMG_2031.jpg,50,147,36,29,20260917
truffle_maple_cream_0033,data/synthetic_slots/v1/dataset/images/train/truffle_maple_cream/truffle_maple_cream_0033.jpg,train,occupied,truffle_maple_cream,Maple Cream,IMG_1986_c001,IMG_1986.jpg,manual_polygon,IMG_2019_r01_c01.jpg,IMG_2019.jpg,6,174,29,22,20260917
truffle_maple_cream_0034,data/synthetic_slots/v1/dataset/images/train/truffle_maple_cream/truffle_maple_cream_0034.jpg,train,occupied,truffle_maple_cream,Maple Cream,IMG_1986_c001,IMG_1986.jpg,manual_polygon,IMG_2024_r03_c03.jpg,IMG_2024.jpg,16,171,40,17,20260917
truffle_maple_cream_0035,data/synthetic_slots/v1/dataset/images/train/truffle_maple_cream/truffle_maple_cream_0035.jpg,train,occupied,truffle_maple_cream,Maple Cream,IMG_1986_c001,IMG_1986.jpg,manual_polygon,IMG_2028_r02_c05.jpg,IMG_2028.jpg,30,156,46,33,20260917
truffle_maple_cream_0036,data/synthetic_slots/v1/dataset/images/train/truffle_maple_cream/truffle_maple_cream_0036.jpg,train,occupied,truffle_maple_cream,Maple Cream,IMG_1986_c001,IMG_1986.jpg,manual_polygon,IMG_2032_r07_c02.jpg,IMG_2032.jpg,50,178,20,29,20260917
truffle_maple_cream_0037,data/synthetic_slots/v1/dataset/images/train/truffle_maple_cream/truffle_maple_cream_0037.jpg,train,occupied,truffle_maple_cream,Maple Cream,IMG_1986_c001,IMG_1986.jpg,manual_polygon,IMG_2019_r03_c02.jpg,IMG_2019.jpg,6,152,47,39,20260917
truffle_maple_cream_0038,data/synthetic_slots/v1/dataset/images/train/truffle_maple_cream/truffle_maple_cream_0038.jpg,train,occupied,truffle_maple_cream,Maple Cream,IMG_1986_c001,IMG_1986.jpg,manual_polygon,IMG_2025_r02_c01.jpg,IMG_2025.jpg,16,149,43,32,20260917
truffle_maple_cream_0039,data/synthetic_slots/v1/dataset/images/train/truffle_maple_cream/truffle_maple_cream_0039.jpg,train,occupied,truffle_maple_cream,Maple Cream,IMG_1986_c001,IMG_1986.jpg,manual_polygon,IMG_2027_r05_c02.jpg,IMG_2027.jpg,30,150,49,46,20260917
truffle_maple_cream_0040,data/synthetic_slots/v1/dataset/images/train/truffle_maple_cream/truffle_maple_cream_0040.jpg,train,occupied,truffle_maple_cream,Maple Cream,IMG_1986_c001,IMG_1986.jpg,manual_polygon,IMG_2033_r02_c05.jpg,IMG_2033.jpg,50,148,38,44,20260917
truffle_maple_cream_0041,data/synthetic_slots/v1/dataset/images/train/truffle_maple_cream/truffle_maple_cream_0041.jpg,train,occupied,truffle_maple_cream,Maple Cream,IMG_1986_c001,IMG_1986.jpg,manual_polygon,IMG_2019_r01_c01.jpg,IMG_2019.jpg,6,156,45,32,20260917
truffle_maple_cream_0042,data/synthetic_slots/v1/dataset/images/train/truffle_maple_cream/truffle_maple_cream_0042.jpg,train,occupied,truffle_maple_cream,Maple Cream,IMG_1986_c001,IMG_1986.jpg,manual_polygon,IMG_2026_r03_c02.jpg,IMG_2026.jpg,16,152,38,32,20260917
truffle_maple_cream_0043,data/synthetic_slots/v1/dataset/images/train/truffle_maple_cream/truffle_maple_cream_0043.jpg,train,occupied,truffle_maple_cream,Maple Cream,IMG_1986_c001,IMG_1986.jpg,manual_polygon,IMG_2027_r04_c02.jpg,IMG_2027.jpg,30,172,28,23,20260917
truffle_maple_cream_0044,data/synthetic_slots/v1/dataset/images/train/truffle_maple_cream/truffle_maple_cream_0044.jpg,train,occupied,truffle_maple_cream,Maple Cream,IMG_1986_c001,IMG_1986.jpg,manual_polygon,IMG_2033_r06_c04.jpg,IMG_2033.jpg,50,176,28,17,20260917
truffle_maple_cream_0045,data/synthetic_slots/v1/dataset/images/train/truffle_maple_cream/truffle_maple_cream_0045.jpg,train,occupied,truffle_maple_cream,Maple Cream,IMG_1986_c001,IMG_1986.jpg,manual_polygon,IMG_2019_r01_c02.jpg,IMG_2019.jpg,6,149,40,36,20260917
truffle_maple_cream_0046,data/synthetic_slots/v1/dataset/images/train/truffle_maple_cream/truffle_maple_cream_0046.jpg,train,occupied,truffle_maple_cream,Maple Cream,IMG_1986_c001,IMG_1986.jpg,manual_polygon,IMG_2025_r04_c01.jpg,IMG_2025.jpg,16,177,30,23,20260917
truffle_maple_cream_0047,data/synthetic_slots/v1/dataset/images/train/truffle_maple_cream/truffle_maple_cream_0047.jpg,train,occupied,truffle_maple_cream,Maple Cream,IMG_1986_c001,IMG_1986.jpg,manual_polygon,IMG_2028_r04_c04.jpg,IMG_2028.jpg,30,150,42,31,20260917
truffle_maple_cream_0048,data/synthetic_slots/v1/dataset/images/train/truffle_maple_cream/truffle_maple_cream_0048.jpg,train,occupied,truffle_maple_cream,Maple Cream,IMG_1986_c001,IMG_1986.jpg,manual_polygon,IMG_2032_r02_c01.jpg,IMG_2032.jpg,50,162,28,24,20260917
truffle_maple_cream_0049,data/synthetic_slots/v1/dataset/images/train/truffle_maple_cream/truffle_maple_cream_0049.jpg,train,occupied,truffle_maple_cream,Maple Cream,IMG_1986_c001,IMG_1986.jpg,manual_polygon,IMG_2019_r01_c02.jpg,IMG_2019.jpg,6,163,34,24,20260917
truffle_maple_cream_0050,data/synthetic_slots/v1/dataset/images/train/truffle_maple_cream/truffle_maple_cream_0050.jpg,train,occupied,truffle_maple_cream,Maple Cream,IMG_1986_c001,IMG_1986.jpg,manual_polygon,IMG_2022_r03_c04.jpg,IMG_2022.jpg,16,150,36,32,20260917
truffle_maple_cream_0051,data/synthetic_slots/v1/dataset/images/train/truffle_maple_cream/truffle_maple_cream_0051.jpg,train,occupied,truffle_maple_cream,Maple Cream,IMG_1986_c001,IMG_1986.jpg,manual_polygon,IMG_2028_r02_c04.jpg,IMG_2028.jpg,30,179,32,29,20260917
truffle_maple_cream_0052,data/synthetic_slots/v1/dataset/images/train/truffle_maple_cream/truffle_maple_cream_0052.jpg,train,occupied,truffle_maple_cream,Maple Cream,IMG_1986_c001,IMG_1986.jpg,manual_polygon,IMG_2031_r04_c05.jpg,IMG_2031.jpg,50,184,26,20,20260917
truffle_maple_cream_0053,data/synthetic_slots/v1/dataset/images/train/truffle_maple_cream/truffle_maple_cream_0053.jpg,train,occupied,truffle_maple_cream,Maple Cream,IMG_1986_c001,IMG_1986.jpg,manual_polygon,IMG_2021_r01_c02.jpg,IMG_2021.jpg,6,152,32,34,20260917
truffle_maple_cream_0054,data/synthetic_slots/v1/dataset/images/train/truffle_maple_cream/truffle_maple_cream_0054.jpg,train,occupied,truffle_maple_cream,Maple Cream,IMG_1986_c001,IMG_1986.jpg,manual_polygon,IMG_2025_r01_c03.jpg,IMG_2025.jpg,16,157,36,42,20260917
truffle_maple_cream_0055,data/synthetic_slots/v1/dataset/images/train/truffle_maple_cream/truffle_maple_cream_0055.jpg,train,occupied,truffle_maple_cream,Maple Cream,IMG_1986_c001,IMG_1986.jpg,manual_polygon,IMG_2028_r01_c05.jpg,IMG_2028.jpg,30,149,42,28,20260917
truffle_maple_cream_0056,data/synthetic_slots/v1/dataset/images/train/truffle_maple_cream/truffle_maple_cream_0056.jpg,train,occupied,truffle_maple_cream,Maple Cream,IMG_1986_c001,IMG_1986.jpg,manual_polygon,IMG_2032_r01_c01.jpg,IMG_2032.jpg,50,157,32,30,20260917
truffle_maple_cream_0057,data/synthetic_slots/v1/dataset/images/train/truffle_maple_cream/truffle_maple_cream_0057.jpg,train,occupied,truffle_maple_cream,Maple Cream,IMG_1986_c001,IMG_1986.jpg,manual_polygon,IMG_2021_r01_c02.jpg,IMG_2021.jpg,6,163,28,36,20260917
truffle_maple_cream_0058,data/synthetic_slots/v1/dataset/images/train/truffle_maple_cream/truffle_maple_cream_0058.jpg,train,occupied,truffle_maple_cream,Maple Cream,IMG_1986_c001,IMG_1986.jpg,manual_polygon,IMG_2024_r02_c01.jpg,IMG_2024.jpg,16,169,36,26,20260917
truffle_maple_cream_0059,data/synthetic_slots/v1/dataset/images/train/truffle_maple_cream/truffle_maple_cream_0059.jpg,train,occupied,truffle_maple_cream,Maple Cream,IMG_1986_c001,IMG_1986.jpg,manual_polygon,IMG_2028_r02_c01.jpg,IMG_2028.jpg,30,182,20,14,20260917
truffle_maple_cream_0060,data/synthetic_slots/v1/dataset/images/train/truffle_maple_cream/truffle_maple_cream_0060.jpg,train,occupied,truffle_maple_cream,Maple Cream,IMG_1986_c001,IMG_1986.jpg,manual_polygon,IMG_2033_r06_c05.jpg,IMG_2033.jpg,50,172,23,21,20260917
truffle_maple_cream_0061,data/synthetic_slots/v1/dataset/images/train/truffle_maple_cream/truffle_maple_cream_0061.jpg,train,occupied,truffle_maple_cream,Maple Cream,IMG_1986_c001,IMG_1986.jpg,manual_polygon,IMG_2021_r02_c01.jpg,IMG_2021.jpg,6,164,37,30,20260917
truffle_maple_cream_0062,data/synthetic_slots/v1/dataset/images/train/truffle_maple_cream/truffle_maple_cream_0062.jpg,train,occupied,truffle_maple_cream,Maple Cream,IMG_1986_c001,IMG_1986.jpg,manual_polygon,IMG_2026_r04_c02.jpg,IMG_2026.jpg,16,161,34,31,20260917
truffle_maple_cream_0063,data/synthetic_slots/v1/dataset/images/train/truffle_maple_cream/truffle_maple_cream_0063.jpg,train,occupied,truffle_maple_cream,Maple Cream,IMG_1986_c001,IMG_1986.jpg,manual_polygon,IMG_2028_r05_c04.jpg,IMG_2028.jpg,30,160,38,36,20260917
truffle_maple_cream_0064,data/synthetic_slots/v1/dataset/images/train/truffle_maple_cream/truffle_maple_cream_0064.jpg,train,occupied,truffle_maple_cream,Maple Cream,IMG_1986_c001,IMG_1986.jpg,manual_polygon,IMG_2032_r01_c05.jpg,IMG_2032.jpg,50,175,30,26,20260917
truffle_maple_cream_0065,data/synthetic_slots/v1/dataset/images/train/truffle_maple_cream/truffle_maple_cream_0065.jpg,train,occupied,truffle_maple_cream,Maple Cream,IMG_1986_c001,IMG_1986.jpg,manual_polygon,IMG_2021_r02_c02.jpg,IMG_2021.jpg,6,177,31,28,20260917
truffle_maple_cream_0066,data/synthetic_slots/v1/dataset/images/train/truffle_maple_cream/truffle_maple_cream_0066.jpg,train,occupied,truffle_maple_cream,Maple Cream,IMG_1986_c001,IMG_1986.jpg,manual_polygon,IMG_2024_r04_c04.jpg,IMG_2024.jpg,16,184,31,22,20260917
truffle_maple_cream_0067,data/synthetic_slots/v1/dataset/images/train/truffle_maple_cream/truffle_maple_cream_0067.jpg,train,occupied,truffle_maple_cream,Maple Cream,IMG_1986_c001,IMG_1986.jpg,manual_polygon,IMG_2027_r04_c02.jpg,IMG_2027.jpg,30,153,48,33,20260917
truffle_maple_cream_0068,data/synthetic_slots/v1/dataset/images/train/truffle_maple_cream/truffle_maple_cream_0068.jpg,train,occupied,truffle_maple_cream,Maple Cream,IMG_1986_c001,IMG_1986.jpg,manual_polygon,IMG_2031_r04_c05.jpg,IMG_2031.jpg,50,175,32,15,20260917
truffle_maple_cream_0069,data/synthetic_slots/v1/dataset/images/train/truffle_maple_cream/truffle_maple_cream_0069.jpg,train,occupied,truffle_maple_cream,Maple Cream,IMG_1986_c001,IMG_1986.jpg,manual_polygon,IMG_2019_r03_c01.jpg,IMG_2019.jpg,6,148,41,30,20260917
truffle_maple_cream_0070,data/synthetic_slots/v1/dataset/images/train/truffle_maple_cream/truffle_maple_cream_0070.jpg,train,occupied,truffle_maple_cream,Maple Cream,IMG_1986_c001,IMG_1986.jpg,manual_polygon,IMG_2022_r01_c04.jpg,IMG_2022.jpg,16,146,35,48,20260917
truffle_maple_cream_0071,data/synthetic_slots/v1/dataset/images/train/truffle_maple_cream/truffle_maple_cream_0071.jpg,train,occupied,truffle_maple_cream,Maple Cream,IMG_1986_c001,IMG_1986.jpg,manual_polygon,IMG_2029_r02_c02.jpg,IMG_2029.jpg,30,150,44,36,20260917
truffle_maple_cream_0072,data/synthetic_slots/v1/dataset/images/train/truffle_maple_cream/truffle_maple_cream_0072.jpg,train,occupied,truffle_maple_cream,Maple Cream,IMG_1986_c001,IMG_1986.jpg,manual_polygon,IMG_2032_r03_c04.jpg,IMG_2032.jpg,50,155,46,28,20260917
truffle_maple_cream_0073,data/synthetic_slots/v1/dataset/images/train/truffle_maple_cream/truffle_maple_cream_0073.jpg,train,occupied,truffle_maple_cream,Maple Cream,IMG_1986_c001,IMG_1986.jpg,manual_polygon,IMG_2019_r01_c01.jpg,IMG_2019.jpg,6,168,37,35,20260917
truffle_maple_cream_0074,data/synthetic_slots/v1/dataset/images/train/truffle_maple_cream/truffle_maple_cream_0074.jpg,train,occupied,truffle_maple_cream,Maple Cream,IMG_1986_c001,IMG_1986.jpg,manual_polygon,IMG_2025_r01_c04.jpg,IMG_2025.jpg,16,147,36,41,20260917
truffle_maple_cream_0075,data/synthetic_slots/v1/dataset/images/train/truffle_maple_cream/truffle_maple_cream_0075.jpg,train,occupied,truffle_maple_cream,Maple Cream,IMG_1986_c001,IMG_1986.jpg,manual_polygon,IMG_2027_r01_c02.jpg,IMG_2027.jpg,30,183,28,12,20260917
truffle_maple_cream_0076,data/synthetic_slots/v1/dataset/images/train/truffle_maple_cream/truffle_maple_cream_0076.jpg,train,occupied,truffle_maple_cream,Maple Cream,IMG_1986_c001,IMG_1986.jpg,manual_polygon,IMG_2032_r05_c04.jpg,IMG_2032.jpg,50,171,32,20,20260917
truffle_maple_cream_0077,data/synthetic_slots/v1/dataset/images/train/truffle_maple_cream/truffle_maple_cream_0077.jpg,train,occupied,truffle_maple_cream,Maple Cream,IMG_1986_c001,IMG_1986.jpg,manual_polygon,IMG_2019_r02_c02.jpg,IMG_2019.jpg,6,152,35,27,20260917
truffle_maple_cream_0078,data/synthetic_slots/v1/dataset/images/train/truffle_maple_cream/truffle_maple_cream_0078.jpg,train,occupied,truffle_maple_cream,Maple Cream,IMG_1986_c001,IMG_1986.jpg,manual_polygon,IMG_2025_r02_c03.jpg,IMG_2025.jpg,16,156,43,37,20260917
truffle_maple_cream_0079,data/synthetic_slots/v1/dataset/images/train/truffle_maple_cream/truffle_maple_cream_0079.jpg,train,occupied,truffle_maple_cream,Maple Cream,IMG_1986_c001,IMG_1986.jpg,manual_polygon,IMG_2028_r03_c05.jpg,IMG_2028.jpg,30,177,22,14,20260917
truffle_maple_cream_0080,data/synthetic_slots/v1/dataset/images/train/truffle_maple_cream/truffle_maple_cream_0080.jpg,train,occupied,truffle_maple_cream,Maple Cream,IMG_1986_c001,IMG_1986.jpg,manual_polygon,IMG_2033_r04_c04.jpg,IMG_2033.jpg,50,151,35,30,20260917
truffle_maple_cream_0081,data/synthetic_slots/v1/dataset/images/validation/truffle_maple_cream/truffle_maple_cream_0081.jpg,validation,occupied,truffle_maple_cream,Maple Cream,IMG_1986_c001,IMG_1986.jpg,manual_polygon,IMG_2020_r02_c01.jpg,IMG_2020.jpg,6,164,43,33,20260917
truffle_maple_cream_0082,data/synthetic_slots/v1/dataset/images/validation/truffle_maple_cream/truffle_maple_cream_0082.jpg,validation,occupied,truffle_maple_cream,Maple Cream,IMG_1986_c001,IMG_1986.jpg,manual_polygon,IMG_2023_r02_c01.jpg,IMG_2023.jpg,16,164,39,21,20260917
truffle_maple_cream_0083,data/synthetic_slots/v1/dataset/images/validation/truffle_maple_cream/truffle_maple_cream_0083.jpg,validation,occupied,truffle_maple_cream,Maple Cream,IMG_1986_c001,IMG_1986.jpg,manual_polygon,IMG_2030_r03_c03.jpg,IMG_2030.jpg,30,159,31,38,20260917
truffle_maple_cream_0084,data/synthetic_slots/v1/dataset/images/validation/truffle_maple_cream/truffle_maple_cream_0084.jpg,validation,occupied,truffle_maple_cream,Maple Cream,IMG_1986_c001,IMG_1986.jpg,manual_polygon,IMG_2034_r06_c05.jpg,IMG_2034.jpg,50,173,30,19,20260917
truffle_maple_cream_0085,data/synthetic_slots/v1/dataset/images/validation/truffle_maple_cream/truffle_maple_cream_0085.jpg,validation,occupied,truffle_maple_cream,Maple Cream,IMG_1986_c001,IMG_1986.jpg,manual_polygon,IMG_2020_r01_c01.jpg,IMG_2020.jpg,6,148,44,41,20260917
truffle_maple_cream_0086,data/synthetic_slots/v1/dataset/images/validation/truffle_maple_cream/truffle_maple_cream_0086.jpg,validation,occupied,truffle_maple_cream,Maple Cream,IMG_1986_c001,IMG_1986.jpg,manual_polygon,IMG_2023_r03_c01.jpg,IMG_2023.jpg,16,184,28,11,20260917
truffle_maple_cream_0087,data/synthetic_slots/v1/dataset/images/validation/truffle_maple_cream/truffle_maple_cream_0087.jpg,validation,occupied,truffle_maple_cream,Maple Cream,IMG_1986_c001,IMG_1986.jpg,manual_polygon,IMG_2030_r03_c05.jpg,IMG_2030.jpg,30,148,43,47,20260917
truffle_maple_cream_0088,data/synthetic_slots/v1/dataset/images/validation/truffle_maple_cream/truffle_maple_cream_0088.jpg,validation,occupied,truffle_maple_cream,Maple Cream,IMG_1986_c001,IMG_1986.jpg,manual_polygon,IMG_2034_r09_c05.jpg,IMG_2034.jpg,50,150,43,41,20260917
truffle_maple_cream_0089,data/synthetic_slots/v1/dataset/images/validation/truffle_maple_cream/truffle_maple_cream_0089.jpg,validation,occupied,truffle_maple_cream,Maple Cream,IMG_1986_c001,IMG_1986.jpg,manual_polygon,IMG_2020_r02_c01.jpg,IMG_2020.jpg,6,146,40,39,20260917
truffle_maple_cream_0090,data/synthetic_slots/v1/dataset/images/validation/truffle_maple_cream/truffle_maple_cream_0090.jpg,validation,occupied,truffle_maple_cream,Maple Cream,IMG_1986_c001,IMG_1986.jpg,manual_polygon,IMG_2023_r03_c01.jpg,IMG_2023.jpg,16,150,38,46,20260917
truffle_maple_cream_0091,data/synthetic_slots/v1/dataset/images/validation/truffle_maple_cream/truffle_maple_cream_0091.jpg,validation,occupied,truffle_maple_cream,Maple Cream,IMG_1986_c001,IMG_1986.jpg,manual_polygon,IMG_2030_r03_c03.jpg,IMG_2030.jpg,30,171,39,31,20260917
truffle_maple_cream_0092,data/synthetic_slots/v1/dataset/images/validation/truffle_maple_cream/truffle_maple_cream_0092.jpg,validation,occupied,truffle_maple_cream,Maple Cream,IMG_1986_c001,IMG_1986.jpg,manual_polygon,IMG_2034_r01_c05.jpg,IMG_2034.jpg,50,161,34,26,20260917
truffle_maple_cream_0093,data/synthetic_slots/v1/dataset/images/validation/truffle_maple_cream/truffle_maple_cream_0093.jpg,validation,occupied,truffle_maple_cream,Maple Cream,IMG_1986_c001,IMG_1986.jpg,manual_polygon,IMG_2020_r02_c02.jpg,IMG_2020.jpg,6,156,35,32,20260917
truffle_maple_cream_0094,data/synthetic_slots/v1/dataset/images/validation/truffle_maple_cream/truffle_maple_cream_0094.jpg,validation,occupied,truffle_maple_cream,Maple Cream,IMG_1986_c001,IMG_1986.jpg,manual_polygon,IMG_2023_r02_c02.jpg,IMG_2023.jpg,16,180,27,24,20260917
truffle_maple_cream_0095,data/synthetic_slots/v1/dataset/images/validation/truffle_maple_cream/truffle_maple_cream_0095.jpg,validation,occupied,truffle_maple_cream,Maple Cream,IMG_1986_c001,IMG_1986.jpg,manual_polygon,IMG_2030_r02_c01.jpg,IMG_2030.jpg,30,170,41,25,20260917
truffle_maple_cream_0096,data/synthetic_slots/v1/dataset/images/validation/truffle_maple_cream/truffle_maple_cream_0096.jpg,validation,occupied,truffle_maple_cream,Maple Cream,IMG_1986_c001,IMG_1986.jpg,manual_polygon,IMG_2034_r06_c05.jpg,IMG_2034.jpg,50,153,32,33,20260917
truffle_maple_cream_0097,data/synthetic_slots/v1/dataset/images/validation/truffle_maple_cream/truffle_maple_cream_0097.jpg,validation,occupied,truffle_maple_cream,Maple Cream,IMG_1986_c001,IMG_1986.jpg,manual_polygon,IMG_2020_r02_c02.jpg,IMG_2020.jpg,6,163,32,24,20260917
truffle_maple_cream_0098,data/synthetic_slots/v1/dataset/images/validation/truffle_maple_cream/truffle_maple_cream_0098.jpg,validation,occupied,truffle_maple_cream,Maple Cream,IMG_1986_c001,IMG_1986.jpg,manual_polygon,IMG_2023_r01_c01.jpg,IMG_2023.jpg,16,174,34,19,20260917
truffle_maple_cream_0099,data/synthetic_slots/v1/dataset/images/validation/truffle_maple_cream/truffle_maple_cream_0099.jpg,validation,occupied,truffle_maple_cream,Maple Cream,IMG_1986_c001,IMG_1986.jpg,manual_polygon,IMG_2030_r05_c02.jpg,IMG_2030.jpg,30,183,25,15,20260917
truffle_maple_cream_0100,data/synthetic_slots/v1/dataset/images/validation/truffle_maple_cream/truffle_maple_cream_0100.jpg,validation,occupied,truffle_maple_cream,Maple Cream,IMG_1986_c001,IMG_1986.jpg,manual_polygon,IMG_2034_r02_c03.jpg,IMG_2034.jpg,50,156,47,26,20260917
truffle_peanut_butter_caramel_0001,data/synthetic_slots/v1/dataset/images/train/truffle_peanut_butter_caramel/truffle_peanut_butter_caramel_0001.jpg,train,occupied,truffle_peanut_butter_caramel,Peanut Butter Caramel,IMG_1966_c012,IMG_1966.jpg,expanded_u2net,IMG_2019_r01_c02.jpg,IMG_2019.jpg,6,174,17,32,20260917
truffle_peanut_butter_caramel_0002,data/synthetic_slots/v1/dataset/images/train/truffle_peanut_butter_caramel/truffle_peanut_butter_caramel_0002.jpg,train,occupied,truffle_peanut_butter_caramel,Peanut Butter Caramel,IMG_1966_c012,IMG_1966.jpg,expanded_u2net,IMG_2022_r04_c04.jpg,IMG_2022.jpg,16,176,19,25,20260917
truffle_peanut_butter_caramel_0003,data/synthetic_slots/v1/dataset/images/train/truffle_peanut_butter_caramel/truffle_peanut_butter_caramel_0003.jpg,train,occupied,truffle_peanut_butter_caramel,Peanut Butter Caramel,IMG_1966_c012,IMG_1966.jpg,expanded_u2net,IMG_2029_r01_c03.jpg,IMG_2029.jpg,30,146,47,38,20260917
truffle_peanut_butter_caramel_0004,data/synthetic_slots/v1/dataset/images/train/truffle_peanut_butter_caramel/truffle_peanut_butter_caramel_0004.jpg,train,occupied,truffle_peanut_butter_caramel,Peanut Butter Caramel,IMG_1966_c012,IMG_1966.jpg,expanded_u2net,IMG_2031_r08_c03.jpg,IMG_2031.jpg,50,169,20,24,20260917
truffle_peanut_butter_caramel_0005,data/synthetic_slots/v1/dataset/images/train/truffle_peanut_butter_caramel/truffle_peanut_butter_caramel_0005.jpg,train,occupied,truffle_peanut_butter_caramel,Peanut Butter Caramel,IMG_1966_c012,IMG_1966.jpg,expanded_u2net,IMG_2019_r02_c01.jpg,IMG_2019.jpg,6,179,31,21,20260917
truffle_peanut_butter_caramel_0006,data/synthetic_slots/v1/dataset/images/train/truffle_peanut_butter_caramel/truffle_peanut_butter_caramel_0006.jpg,train,occupied,truffle_peanut_butter_caramel,Peanut Butter Caramel,IMG_1966_c012,IMG_1966.jpg,expanded_u2net,IMG_2026_r03_c04.jpg,IMG_2026.jpg,16,178,22,31,20260917
truffle_peanut_butter_caramel_0007,data/synthetic_slots/v1/dataset/images/train/truffle_peanut_butter_caramel/truffle_peanut_butter_caramel_0007.jpg,train,occupied,truffle_peanut_butter_caramel,Peanut Butter Caramel,IMG_1966_c012,IMG_1966.jpg,expanded_u2net,IMG_2027_r05_c02.jpg,IMG_2027.jpg,30,163,23,23,20260917
truffle_peanut_butter_caramel_0008,data/synthetic_slots/v1/dataset/images/train/truffle_peanut_butter_caramel/truffle_peanut_butter_caramel_0008.jpg,train,occupied,truffle_peanut_butter_caramel,Peanut Butter Caramel,IMG_1966_c012,IMG_1966.jpg,expanded_u2net,IMG_2033_r06_c05.jpg,IMG_2033.jpg,50,174,26,34,20260917
truffle_peanut_butter_caramel_0009,data/synthetic_slots/v1/dataset/images/train/truffle_peanut_butter_caramel/truffle_peanut_butter_caramel_0009.jpg,train,occupied,truffle_peanut_butter_caramel,Peanut Butter Caramel,IMG_1966_c012,IMG_1966.jpg,expanded_u2net,IMG_2019_r02_c01.jpg,IMG_2019.jpg,6,156,28,42,20260917
truffle_peanut_butter_caramel_0010,data/synthetic_slots/v1/dataset/images/train/truffle_peanut_butter_caramel/truffle_peanut_butter_caramel_0010.jpg,train,occupied,truffle_peanut_butter_caramel,Peanut Butter Caramel,IMG_1966_c012,IMG_1966.jpg,expanded_u2net,IMG_2025_r03_c02.jpg,IMG_2025.jpg,16,159,36,23,20260917
truffle_peanut_butter_caramel_0011,data/synthetic_slots/v1/dataset/images/train/truffle_peanut_butter_caramel/truffle_peanut_butter_caramel_0011.jpg,train,occupied,truffle_peanut_butter_caramel,Peanut Butter Caramel,IMG_1966_c012,IMG_1966.jpg,expanded_u2net,IMG_2029_r01_c01.jpg,IMG_2029.jpg,30,147,33,41,20260917
truffle_peanut_butter_caramel_0012,data/synthetic_slots/v1/dataset/images/train/truffle_peanut_butter_caramel/truffle_peanut_butter_caramel_0012.jpg,train,occupied,truffle_peanut_butter_caramel,Peanut Butter Caramel,IMG_1966_c012,IMG_1966.jpg,expanded_u2net,IMG_2032_r07_c04.jpg,IMG_2032.jpg,50,158,41,26,20260917
truffle_peanut_butter_caramel_0013,data/synthetic_slots/v1/dataset/images/train/truffle_peanut_butter_caramel/truffle_peanut_butter_caramel_0013.jpg,train,occupied,truffle_peanut_butter_caramel,Peanut Butter Caramel,IMG_1966_c012,IMG_1966.jpg,expanded_u2net,IMG_2021_r02_c01.jpg,IMG_2021.jpg,6,151,46,27,20260917
truffle_peanut_butter_caramel_0014,data/synthetic_slots/v1/dataset/images/train/truffle_peanut_butter_caramel/truffle_peanut_butter_caramel_0014.jpg,train,occupied,truffle_peanut_butter_caramel,Peanut Butter Caramel,IMG_1966_c012,IMG_1966.jpg,expanded_u2net,IMG_2024_r04_c02.jpg,IMG_2024.jpg,16,177,27,16,20260917
truffle_peanut_butter_caramel_0015,data/synthetic_slots/v1/dataset/images/train/truffle_peanut_butter_caramel/truffle_peanut_butter_caramel_0015.jpg,train,occupied,truffle_peanut_butter_caramel,Peanut Butter Caramel,IMG_1966_c012,IMG_1966.jpg,expanded_u2net,IMG_2028_r04_c02.jpg,IMG_2028.jpg,30,162,30,31,20260917
truffle_peanut_butter_caramel_0016,data/synthetic_slots/v1/dataset/images/train/truffle_peanut_butter_caramel/truffle_peanut_butter_caramel_0016.jpg,train,occupied,truffle_peanut_butter_caramel,Peanut Butter Caramel,IMG_1966_c012,IMG_1966.jpg,expanded_u2net,IMG_2032_r10_c03.jpg,IMG_2032.jpg,50,180,22,15,20260917
truffle_peanut_butter_caramel_0017,data/synthetic_slots/v1/dataset/images/train/truffle_peanut_butter_caramel/truffle_peanut_butter_caramel_0017.jpg,train,occupied,truffle_peanut_butter_caramel,Peanut Butter Caramel,IMG_1966_c012,IMG_1966.jpg,expanded_u2net,IMG_2021_r02_c02.jpg,IMG_2021.jpg,6,173,31,34,20260917
truffle_peanut_butter_caramel_0018,data/synthetic_slots/v1/dataset/images/train/truffle_peanut_butter_caramel/truffle_peanut_butter_caramel_0018.jpg,train,occupied,truffle_peanut_butter_caramel,Peanut Butter Caramel,IMG_1966_c012,IMG_1966.jpg,expanded_u2net,IMG_2022_r03_c01.jpg,IMG_2022.jpg,16,147,35,41,20260917
truffle_peanut_butter_caramel_0019,data/synthetic_slots/v1/dataset/images/train/truffle_peanut_butter_caramel/truffle_peanut_butter_caramel_0019.jpg,train,occupied,truffle_peanut_butter_caramel,Peanut Butter Caramel,IMG_1966_c012,IMG_1966.jpg,expanded_u2net,IMG_2027_r01_c03.jpg,IMG_2027.jpg,30,175,29,21,20260917
truffle_peanut_butter_caramel_0020,data/synthetic_slots/v1/dataset/images/train/truffle_peanut_butter_caramel/truffle_peanut_butter_caramel_0020.jpg,train,occupied,truffle_peanut_butter_caramel,Peanut Butter Caramel,IMG_1966_c012,IMG_1966.jpg,expanded_u2net,IMG_2032_r08_c02.jpg,IMG_2032.jpg,50,173,17,33,20260917
truffle_peanut_butter_caramel_0021,data/synthetic_slots/v1/dataset/images/train/truffle_peanut_butter_caramel/truffle_peanut_butter_caramel_0021.jpg,train,occupied,truffle_peanut_butter_caramel,Peanut Butter Caramel,IMG_1966_c012,IMG_1966.jpg,expanded_u2net,IMG_2019_r02_c02.jpg,IMG_2019.jpg,6,157,32,35,20260917
truffle_peanut_butter_caramel_0022,data/synthetic_slots/v1/dataset/images/train/truffle_peanut_butter_caramel/truffle_peanut_butter_caramel_0022.jpg,train,occupied,truffle_peanut_butter_caramel,Peanut Butter Caramel,IMG_1966_c012,IMG_1966.jpg,expanded_u2net,IMG_2025_r01_c03.jpg,IMG_2025.jpg,16,151,36,29,20260917
truffle_peanut_butter_caramel_0023,data/synthetic_slots/v1/dataset/images/train/truffle_peanut_butter_caramel/truffle_peanut_butter_caramel_0023.jpg,train,occupied,truffle_peanut_butter_caramel,Peanut Butter Caramel,IMG_1966_c012,IMG_1966.jpg,expanded_u2net,IMG_2027_r01_c05.jpg,IMG_2027.jpg,30,162,29,37,20260917
truffle_peanut_butter_caramel_0024,data/synthetic_slots/v1/dataset/images/train/truffle_peanut_butter_caramel/truffle_peanut_butter_caramel_0024.jpg,train,occupied,truffle_peanut_butter_caramel,Peanut Butter Caramel,IMG_1966_c012,IMG_1966.jpg,expanded_u2net,IMG_2033_r03_c01.jpg,IMG_2033.jpg,50,176,23,26,20260917
truffle_peanut_butter_caramel_0025,data/synthetic_slots/v1/dataset/images/train/truffle_peanut_butter_caramel/truffle_peanut_butter_caramel_0025.jpg,train,occupied,truffle_peanut_butter_caramel,Peanut Butter Caramel,IMG_1966_c012,IMG_1966.jpg,expanded_u2net,IMG_2021_r02_c02.jpg,IMG_2021.jpg,6,175,19,18,20260917
truffle_peanut_butter_caramel_0026,data/synthetic_slots/v1/dataset/images/train/truffle_peanut_butter_caramel/truffle_peanut_butter_caramel_0026.jpg,train,occupied,truffle_peanut_butter_caramel,Peanut Butter Caramel,IMG_1966_c012,IMG_1966.jpg,expanded_u2net,IMG_2026_r04_c03.jpg,IMG_2026.jpg,16,173,35,28,20260917
truffle_peanut_butter_caramel_0027,data/synthetic_slots/v1/dataset/images/train/truffle_peanut_butter_caramel/truffle_peanut_butter_caramel_0027.jpg,train,occupied,truffle_peanut_butter_caramel,Peanut Butter Caramel,IMG_1966_c012,IMG_1966.jpg,expanded_u2net,IMG_2029_r05_c01.jpg,IMG_2029.jpg,30,165,22,28,20260917
truffle_peanut_butter_caramel_0028,data/synthetic_slots/v1/dataset/images/train/truffle_peanut_butter_caramel/truffle_peanut_butter_caramel_0028.jpg,train,occupied,truffle_peanut_butter_caramel,Peanut Butter Caramel,IMG_1966_c012,IMG_1966.jpg,expanded_u2net,IMG_2031_r02_c04.jpg,IMG_2031.jpg,50,181,30,23,20260917
truffle_peanut_butter_caramel_0029,data/synthetic_slots/v1/dataset/images/train/truffle_peanut_butter_caramel/truffle_peanut_butter_caramel_0029.jpg,train,occupied,truffle_peanut_butter_caramel,Peanut Butter Caramel,IMG_1966_c012,IMG_1966.jpg,expanded_u2net,IMG_2021_r02_c02.jpg,IMG_2021.jpg,6,175,21,27,20260917
truffle_peanut_butter_caramel_0030,data/synthetic_slots/v1/dataset/images/train/truffle_peanut_butter_caramel/truffle_peanut_butter_caramel_0030.jpg,train,occupied,truffle_peanut_butter_caramel,Peanut Butter Caramel,IMG_1966_c012,IMG_1966.jpg,expanded_u2net,IMG_2022_r02_c04.jpg,IMG_2022.jpg,16,174,29,27,20260917
truffle_peanut_butter_caramel_0031,data/synthetic_slots/v1/dataset/images/train/truffle_peanut_butter_caramel/truffle_peanut_butter_caramel_0031.jpg,train,occupied,truffle_peanut_butter_caramel,Peanut Butter Caramel,IMG_1966_c012,IMG_1966.jpg,expanded_u2net,IMG_2027_r01_c04.jpg,IMG_2027.jpg,30,147,37,40,20260917
truffle_peanut_butter_caramel_0032,data/synthetic_slots/v1/dataset/images/train/truffle_peanut_butter_caramel/truffle_peanut_butter_caramel_0032.jpg,train,occupied,truffle_peanut_butter_caramel,Peanut Butter Caramel,IMG_1966_c012,IMG_1966.jpg,expanded_u2net,IMG_2032_r05_c01.jpg,IMG_2032.jpg,50,151,38,27,20260917
truffle_peanut_butter_caramel_0033,data/synthetic_slots/v1/dataset/images/train/truffle_peanut_butter_caramel/truffle_peanut_butter_caramel_0033.jpg,train,occupied,truffle_peanut_butter_caramel,Peanut Butter Caramel,IMG_1966_c012,IMG_1966.jpg,expanded_u2net,IMG_2019_r02_c01.jpg,IMG_2019.jpg,6,167,26,22,20260917
truffle_peanut_butter_caramel_0034,data/synthetic_slots/v1/dataset/images/train/truffle_peanut_butter_caramel/truffle_peanut_butter_caramel_0034.jpg,train,occupied,truffle_peanut_butter_caramel,Peanut Butter Caramel,IMG_1966_c012,IMG_1966.jpg,expanded_u2net,IMG_2022_r04_c02.jpg,IMG_2022.jpg,16,160,29,23,20260917
truffle_peanut_butter_caramel_0035,data/synthetic_slots/v1/dataset/images/train/truffle_peanut_butter_caramel/truffle_peanut_butter_caramel_0035.jpg,train,occupied,truffle_peanut_butter_caramel,Peanut Butter Caramel,IMG_1966_c012,IMG_1966.jpg,expanded_u2net,IMG_2027_r04_c05.jpg,IMG_2027.jpg,30,151,41,27,20260917
truffle_peanut_butter_caramel_0036,data/synthetic_slots/v1/dataset/images/train/truffle_peanut_butter_caramel/truffle_peanut_butter_caramel_0036.jpg,train,occupied,truffle_peanut_butter_caramel,Peanut Butter Caramel,IMG_1966_c012,IMG_1966.jpg,expanded_u2net,IMG_2031_r05_c02.jpg,IMG_2031.jpg,50,167,26,33,20260917
truffle_peanut_butter_caramel_0037,data/synthetic_slots/v1/dataset/images/train/truffle_peanut_butter_caramel/truffle_peanut_butter_caramel_0037.jpg,train,occupied,truffle_peanut_butter_caramel,Peanut Butter Caramel,IMG_1966_c012,IMG_1966.jpg,expanded_u2net,IMG_2019_r01_c01.jpg,IMG_2019.jpg,6,172,34,19,20260917
truffle_peanut_butter_caramel_0038,data/synthetic_slots/v1/dataset/images/train/truffle_peanut_butter_caramel/truffle_peanut_butter_caramel_0038.jpg,train,occupied,truffle_peanut_butter_caramel,Peanut Butter Caramel,IMG_1966_c012,IMG_1966.jpg,expanded_u2net,IMG_2026_r04_c03.jpg,IMG_2026.jpg,16,160,38,24,20260917
truffle_peanut_butter_caramel_0039,data/synthetic_slots/v1/dataset/images/train/truffle_peanut_butter_caramel/truffle_peanut_butter_caramel_0039.jpg,train,occupied,truffle_peanut_butter_caramel,Peanut Butter Caramel,IMG_1966_c012,IMG_1966.jpg,expanded_u2net,IMG_2027_r03_c05.jpg,IMG_2027.jpg,30,183,29,17,20260917
truffle_peanut_butter_caramel_0040,data/synthetic_slots/v1/dataset/images/train/truffle_peanut_butter_caramel/truffle_peanut_butter_caramel_0040.jpg,train,occupied,truffle_peanut_butter_caramel,Peanut Butter Caramel,IMG_1966_c012,IMG_1966.jpg,expanded_u2net,IMG_2031_r04_c04.jpg,IMG_2031.jpg,50,155,33,32,20260917
truffle_peanut_butter_caramel_0041,data/synthetic_slots/v1/dataset/images/train/truffle_peanut_butter_caramel/truffle_peanut_butter_caramel_0041.jpg,train,occupied,truffle_peanut_butter_caramel,Peanut Butter Caramel,IMG_1966_c012,IMG_1966.jpg,expanded_u2net,IMG_2021_r03_c01.jpg,IMG_2021.jpg,6,151,39,43,20260917
truffle_peanut_butter_caramel_0042,data/synthetic_slots/v1/dataset/images/train/truffle_peanut_butter_caramel/truffle_peanut_butter_caramel_0042.jpg,train,occupied,truffle_peanut_butter_caramel,Peanut Butter Caramel,IMG_1966_c012,IMG_1966.jpg,expanded_u2net,IMG_2024_r02_c01.jpg,IMG_2024.jpg,16,154,43,39,20260917
truffle_peanut_butter_caramel_0043,data/synthetic_slots/v1/dataset/images/train/truffle_peanut_butter_caramel/truffle_peanut_butter_caramel_0043.jpg,train,occupied,truffle_peanut_butter_caramel,Peanut Butter Caramel,IMG_1966_c012,IMG_1966.jpg,expanded_u2net,IMG_2028_r01_c05.jpg,IMG_2028.jpg,30,147,39,43,20260917
truffle_peanut_butter_caramel_0044,data/synthetic_slots/v1/dataset/images/train/truffle_peanut_butter_caramel/truffle_peanut_butter_caramel_0044.jpg,train,occupied,truffle_peanut_butter_caramel,Peanut Butter Caramel,IMG_1966_c012,IMG_1966.jpg,expanded_u2net,IMG_2032_r03_c05.jpg,IMG_2032.jpg,50,181,15,19,20260917
truffle_peanut_butter_caramel_0045,data/synthetic_slots/v1/dataset/images/train/truffle_peanut_butter_caramel/truffle_peanut_butter_caramel_0045.jpg,train,occupied,truffle_peanut_butter_caramel,Peanut Butter Caramel,IMG_1966_c012,IMG_1966.jpg,expanded_u2net,IMG_2021_r01_c02.jpg,IMG_2021.jpg,6,172,29,27,20260917
truffle_peanut_butter_caramel_0046,data/synthetic_slots/v1/dataset/images/train/truffle_peanut_butter_caramel/truffle_peanut_butter_caramel_0046.jpg,train,occupied,truffle_peanut_butter_caramel,Peanut Butter Caramel,IMG_1966_c012,IMG_1966.jpg,expanded_u2net,IMG_2024_r01_c01.jpg,IMG_2024.jpg,16,165,30,23,20260917
truffle_peanut_butter_caramel_0047,data/synthetic_slots/v1/dataset/images/train/truffle_peanut_butter_caramel/truffle_peanut_butter_caramel_0047.jpg,train,occupied,truffle_peanut_butter_caramel,Peanut Butter Caramel,IMG_1966_c012,IMG_1966.jpg,expanded_u2net,IMG_2027_r02_c04.jpg,IMG_2027.jpg,30,169,36,29,20260917
truffle_peanut_butter_caramel_0048,data/synthetic_slots/v1/dataset/images/train/truffle_peanut_butter_caramel/truffle_peanut_butter_caramel_0048.jpg,train,occupied,truffle_peanut_butter_caramel,Peanut Butter Caramel,IMG_1966_c012,IMG_1966.jpg,expanded_u2net,IMG_2031_r02_c03.jpg,IMG_2031.jpg,50,173,24,34,20260917
truffle_peanut_butter_caramel_0049,data/synthetic_slots/v1/dataset/images/train/truffle_peanut_butter_caramel/truffle_peanut_butter_caramel_0049.jpg,train,occupied,truffle_peanut_butter_caramel,Peanut Butter Caramel,IMG_1966_c012,IMG_1966.jpg,expanded_u2net,IMG_2019_r01_c02.jpg,IMG_2019.jpg,6,184,30,26,20260917
truffle_peanut_butter_caramel_0050,data/synthetic_slots/v1/dataset/images/train/truffle_peanut_butter_caramel/truffle_peanut_butter_caramel_0050.jpg,train,occupied,truffle_peanut_butter_caramel,Peanut Butter Caramel,IMG_1966_c012,IMG_1966.jpg,expanded_u2net,IMG_2024_r04_c04.jpg,IMG_2024.jpg,16,156,38,36,20260917
truffle_peanut_butter_caramel_0051,data/synthetic_slots/v1/dataset/images/train/truffle_peanut_butter_caramel/truffle_peanut_butter_caramel_0051.jpg,train,occupied,truffle_peanut_butter_caramel,Peanut Butter Caramel,IMG_1966_c012,IMG_1966.jpg,expanded_u2net,IMG_2027_r02_c03.jpg,IMG_2027.jpg,30,148,48,42,20260917
truffle_peanut_butter_caramel_0052,data/synthetic_slots/v1/dataset/images/train/truffle_peanut_butter_caramel/truffle_peanut_butter_caramel_0052.jpg,train,occupied,truffle_peanut_butter_caramel,Peanut Butter Caramel,IMG_1966_c012,IMG_1966.jpg,expanded_u2net,IMG_2031_r09_c03.jpg,IMG_2031.jpg,50,152,39,37,20260917
truffle_peanut_butter_caramel_0053,data/synthetic_slots/v1/dataset/images/train/truffle_peanut_butter_caramel/truffle_peanut_butter_caramel_0053.jpg,train,occupied,truffle_peanut_butter_caramel,Peanut Butter Caramel,IMG_1966_c012,IMG_1966.jpg,expanded_u2net,IMG_2021_r02_c01.jpg,IMG_2021.jpg,6,164,25,25,20260917
truffle_peanut_butter_caramel_0054,data/synthetic_slots/v1/dataset/images/train/truffle_peanut_butter_caramel/truffle_peanut_butter_caramel_0054.jpg,train,occupied,truffle_peanut_butter_caramel,Peanut Butter Caramel,IMG_1966_c012,IMG_1966.jpg,expanded_u2net,IMG_2024_r04_c04.jpg,IMG_2024.jpg,16,150,35,30,20260917
truffle_peanut_butter_caramel_0055,data/synthetic_slots/v1/dataset/images/train/truffle_peanut_butter_caramel/truffle_peanut_butter_caramel_0055.jpg,train,occupied,truffle_peanut_butter_caramel,Peanut Butter Caramel,IMG_1966_c012,IMG_1966.jpg,expanded_u2net,IMG_2029_r06_c05.jpg,IMG_2029.jpg,30,145,48,36,20260917
truffle_peanut_butter_caramel_0056,data/synthetic_slots/v1/dataset/images/train/truffle_peanut_butter_caramel/truffle_peanut_butter_caramel_0056.jpg,train,occupied,truffle_peanut_butter_caramel,Peanut Butter Caramel,IMG_1966_c012,IMG_1966.jpg,expanded_u2net,IMG_2032_r04_c03.jpg,IMG_2032.jpg,50,155,32,38,20260917
truffle_peanut_butter_caramel_0057,data/synthetic_slots/v1/dataset/images/train/truffle_peanut_butter_caramel/truffle_peanut_butter_caramel_0057.jpg,train,occupied,truffle_peanut_butter_caramel,Peanut Butter Caramel,IMG_1966_c012,IMG_1966.jpg,expanded_u2net,IMG_2019_r02_c02.jpg,IMG_2019.jpg,6,171,32,21,20260917
truffle_peanut_butter_caramel_0058,data/synthetic_slots/v1/dataset/images/train/truffle_peanut_butter_caramel/truffle_peanut_butter_caramel_0058.jpg,train,occupied,truffle_peanut_butter_caramel,Peanut Butter Caramel,IMG_1966_c012,IMG_1966.jpg,expanded_u2net,IMG_2025_r04_c03.jpg,IMG_2025.jpg,16,145,46,39,20260917
truffle_peanut_butter_caramel_0059,data/synthetic_slots/v1/dataset/images/train/truffle_peanut_butter_caramel/truffle_peanut_butter_caramel_0059.jpg,train,occupied,truffle_peanut_butter_caramel,Peanut Butter Caramel,IMG_1966_c012,IMG_1966.jpg,expanded_u2net,IMG_2028_r01_c02.jpg,IMG_2028.jpg,30,152,29,35,20260917
truffle_peanut_butter_caramel_0060,data/synthetic_slots/v1/dataset/images/train/truffle_peanut_butter_caramel/truffle_peanut_butter_caramel_0060.jpg,train,occupied,truffle_peanut_butter_caramel,Peanut Butter Caramel,IMG_1966_c012,IMG_1966.jpg,expanded_u2net,IMG_2033_r07_c05.jpg,IMG_2033.jpg,50,167,22,27,20260917
truffle_peanut_butter_caramel_0061,data/synthetic_slots/v1/dataset/images/train/truffle_peanut_butter_caramel/truffle_peanut_butter_caramel_0061.jpg,train,occupied,truffle_peanut_butter_caramel,Peanut Butter Caramel,IMG_1966_c012,IMG_1966.jpg,expanded_u2net,IMG_2019_r02_c01.jpg,IMG_2019.jpg,6,177,28,17,20260917
truffle_peanut_butter_caramel_0062,data/synthetic_slots/v1/dataset/images/train/truffle_peanut_butter_caramel/truffle_peanut_butter_caramel_0062.jpg,train,occupied,truffle_peanut_butter_caramel,Peanut Butter Caramel,IMG_1966_c012,IMG_1966.jpg,expanded_u2net,IMG_2025_r02_c03.jpg,IMG_2025.jpg,16,158,29,27,20260917
truffle_peanut_butter_caramel_0063,data/synthetic_slots/v1/dataset/images/train/truffle_peanut_butter_caramel/truffle_peanut_butter_caramel_0063.jpg,train,occupied,truffle_peanut_butter_caramel,Peanut Butter Caramel,IMG_1966_c012,IMG_1966.jpg,expanded_u2net,IMG_2027_r06_c02.jpg,IMG_2027.jpg,30,158,28,42,20260917
truffle_peanut_butter_caramel_0064,data/synthetic_slots/v1/dataset/images/train/truffle_peanut_butter_caramel/truffle_peanut_butter_caramel_0064.jpg,train,occupied,truffle_peanut_butter_caramel,Peanut Butter Caramel,IMG_1966_c012,IMG_1966.jpg,expanded_u2net,IMG_2031_r05_c05.jpg,IMG_2031.jpg,50,173,22,29,20260917
truffle_peanut_butter_caramel_0065,data/synthetic_slots/v1/dataset/images/train/truffle_peanut_butter_caramel/truffle_peanut_butter_caramel_0065.jpg,train,occupied,truffle_peanut_butter_caramel,Peanut Butter Caramel,IMG_1966_c012,IMG_1966.jpg,expanded_u2net,IMG_2021_r03_c01.jpg,IMG_2021.jpg,6,153,36,44,20260917
truffle_peanut_butter_caramel_0066,data/synthetic_slots/v1/dataset/images/train/truffle_peanut_butter_caramel/truffle_peanut_butter_caramel_0066.jpg,train,occupied,truffle_peanut_butter_caramel,Peanut Butter Caramel,IMG_1966_c012,IMG_1966.jpg,expanded_u2net,IMG_2024_r03_c01.jpg,IMG_2024.jpg,16,184,16,18,20260917
truffle_peanut_butter_caramel_0067,data/synthetic_slots/v1/dataset/images/train/truffle_peanut_butter_caramel/truffle_peanut_butter_caramel_0067.jpg,train,occupied,truffle_peanut_butter_caramel,Peanut Butter Caramel,IMG_1966_c012,IMG_1966.jpg,expanded_u2net,IMG_2028_r04_c04.jpg,IMG_2028.jpg,30,160,29,38,20260917
truffle_peanut_butter_caramel_0068,data/synthetic_slots/v1/dataset/images/train/truffle_peanut_butter_caramel/truffle_peanut_butter_caramel_0068.jpg,train,occupied,truffle_peanut_butter_caramel,Peanut Butter Caramel,IMG_1966_c012,IMG_1966.jpg,expanded_u2net,IMG_2032_r07_c02.jpg,IMG_2032.jpg,50,162,41,36,20260917
truffle_peanut_butter_caramel_0069,data/synthetic_slots/v1/dataset/images/train/truffle_peanut_butter_caramel/truffle_peanut_butter_caramel_0069.jpg,train,occupied,truffle_peanut_butter_caramel,Peanut Butter Caramel,IMG_1966_c012,IMG_1966.jpg,expanded_u2net,IMG_2019_r02_c02.jpg,IMG_2019.jpg,6,164,39,30,20260917
truffle_peanut_butter_caramel_0070,data/synthetic_slots/v1/dataset/images/train/truffle_peanut_butter_caramel/truffle_peanut_butter_caramel_0070.jpg,train,occupied,truffle_peanut_butter_caramel,Peanut Butter Caramel,IMG_1966_c012,IMG_1966.jpg,expanded_u2net,IMG_2026_r03_c01.jpg,IMG_2026.jpg,16,159,40,38,20260917
truffle_peanut_butter_caramel_0071,data/synthetic_slots/v1/dataset/images/train/truffle_peanut_butter_caramel/truffle_peanut_butter_caramel_0071.jpg,train,occupied,truffle_peanut_butter_caramel,Peanut Butter Caramel,IMG_1966_c012,IMG_1966.jpg,expanded_u2net,IMG_2028_r02_c05.jpg,IMG_2028.jpg,30,178,19,24,20260917
truffle_peanut_butter_caramel_0072,data/synthetic_slots/v1/dataset/images/train/truffle_peanut_butter_caramel/truffle_peanut_butter_caramel_0072.jpg,train,occupied,truffle_peanut_butter_caramel,Peanut Butter Caramel,IMG_1966_c012,IMG_1966.jpg,expanded_u2net,IMG_2033_r01_c02.jpg,IMG_2033.jpg,50,155,41,30,20260917
truffle_peanut_butter_caramel_0073,data/synthetic_slots/v1/dataset/images/train/truffle_peanut_butter_caramel/truffle_peanut_butter_caramel_0073.jpg,train,occupied,truffle_peanut_butter_caramel,Peanut Butter Caramel,IMG_1966_c012,IMG_1966.jpg,expanded_u2net,IMG_2021_r03_c01.jpg,IMG_2021.jpg,6,162,34,25,20260917
truffle_peanut_butter_caramel_0074,data/synthetic_slots/v1/dataset/images/train/truffle_peanut_butter_caramel/truffle_peanut_butter_caramel_0074.jpg,train,occupied,truffle_peanut_butter_caramel,Peanut Butter Caramel,IMG_1966_c012,IMG_1966.jpg,expanded_u2net,IMG_2022_r02_c03.jpg,IMG_2022.jpg,16,173,32,34,20260917
truffle_peanut_butter_caramel_0075,data/synthetic_slots/v1/dataset/images/train/truffle_peanut_butter_caramel/truffle_peanut_butter_caramel_0075.jpg,train,occupied,truffle_peanut_butter_caramel,Peanut Butter Caramel,IMG_1966_c012,IMG_1966.jpg,expanded_u2net,IMG_2027_r01_c03.jpg,IMG_2027.jpg,30,148,37,41,20260917
truffle_peanut_butter_caramel_0076,data/synthetic_slots/v1/dataset/images/train/truffle_peanut_butter_caramel/truffle_peanut_butter_caramel_0076.jpg,train,occupied,truffle_peanut_butter_caramel,Peanut Butter Caramel,IMG_1966_c012,IMG_1966.jpg,expanded_u2net,IMG_2033_r05_c05.jpg,IMG_2033.jpg,50,179,32,13,20260917
truffle_peanut_butter_caramel_0077,data/synthetic_slots/v1/dataset/images/train/truffle_peanut_butter_caramel/truffle_peanut_butter_caramel_0077.jpg,train,occupied,truffle_peanut_butter_caramel,Peanut Butter Caramel,IMG_1966_c012,IMG_1966.jpg,expanded_u2net,IMG_2021_r01_c01.jpg,IMG_2021.jpg,6,145,33,32,20260917
truffle_peanut_butter_caramel_0078,data/synthetic_slots/v1/dataset/images/train/truffle_peanut_butter_caramel/truffle_peanut_butter_caramel_0078.jpg,train,occupied,truffle_peanut_butter_caramel,Peanut Butter Caramel,IMG_1966_c012,IMG_1966.jpg,expanded_u2net,IMG_2025_r04_c01.jpg,IMG_2025.jpg,16,155,38,41,20260917
truffle_peanut_butter_caramel_0079,data/synthetic_slots/v1/dataset/images/train/truffle_peanut_butter_caramel/truffle_peanut_butter_caramel_0079.jpg,train,occupied,truffle_peanut_butter_caramel,Peanut Butter Caramel,IMG_1966_c012,IMG_1966.jpg,expanded_u2net,IMG_2027_r04_c04.jpg,IMG_2027.jpg,30,150,40,44,20260917
truffle_peanut_butter_caramel_0080,data/synthetic_slots/v1/dataset/images/train/truffle_peanut_butter_caramel/truffle_peanut_butter_caramel_0080.jpg,train,occupied,truffle_peanut_butter_caramel,Peanut Butter Caramel,IMG_1966_c012,IMG_1966.jpg,expanded_u2net,IMG_2031_r09_c03.jpg,IMG_2031.jpg,50,156,31,25,20260917
truffle_peanut_butter_caramel_0081,data/synthetic_slots/v1/dataset/images/validation/truffle_peanut_butter_caramel/truffle_peanut_butter_caramel_0081.jpg,validation,occupied,truffle_peanut_butter_caramel,Peanut Butter Caramel,IMG_1966_c012,IMG_1966.jpg,expanded_u2net,IMG_2020_r01_c01.jpg,IMG_2020.jpg,6,182,19,12,20260917
truffle_peanut_butter_caramel_0082,data/synthetic_slots/v1/dataset/images/validation/truffle_peanut_butter_caramel/truffle_peanut_butter_caramel_0082.jpg,validation,occupied,truffle_peanut_butter_caramel,Peanut Butter Caramel,IMG_1966_c012,IMG_1966.jpg,expanded_u2net,IMG_2023_r03_c02.jpg,IMG_2023.jpg,16,163,36,33,20260917
truffle_peanut_butter_caramel_0083,data/synthetic_slots/v1/dataset/images/validation/truffle_peanut_butter_caramel/truffle_peanut_butter_caramel_0083.jpg,validation,occupied,truffle_peanut_butter_caramel,Peanut Butter Caramel,IMG_1966_c012,IMG_1966.jpg,expanded_u2net,IMG_2030_r04_c04.jpg,IMG_2030.jpg,30,169,23,36,20260917
truffle_peanut_butter_caramel_0084,data/synthetic_slots/v1/dataset/images/validation/truffle_peanut_butter_caramel/truffle_peanut_butter_caramel_0084.jpg,validation,occupied,truffle_peanut_butter_caramel,Peanut Butter Caramel,IMG_1966_c012,IMG_1966.jpg,expanded_u2net,IMG_2034_r07_c01.jpg,IMG_2034.jpg,50,154,31,28,20260917
truffle_peanut_butter_caramel_0085,data/synthetic_slots/v1/dataset/images/validation/truffle_peanut_butter_caramel/truffle_peanut_butter_caramel_0085.jpg,validation,occupied,truffle_peanut_butter_caramel,Peanut Butter Caramel,IMG_1966_c012,IMG_1966.jpg,expanded_u2net,IMG_2020_r02_c02.jpg,IMG_2020.jpg,6,182,32,14,20260917
truffle_peanut_butter_caramel_0086,data/synthetic_slots/v1/dataset/images/validation/truffle_peanut_butter_caramel/truffle_peanut_butter_caramel_0086.jpg,validation,occupied,truffle_peanut_butter_caramel,Peanut Butter Caramel,IMG_1966_c012,IMG_1966.jpg,expanded_u2net,IMG_2023_r02_c03.jpg,IMG_2023.jpg,16,145,41,44,20260917
truffle_peanut_butter_caramel_0087,data/synthetic_slots/v1/dataset/images/validation/truffle_peanut_butter_caramel/truffle_peanut_butter_caramel_0087.jpg,validation,occupied,truffle_peanut_butter_caramel,Peanut Butter Caramel,IMG_1966_c012,IMG_1966.jpg,expanded_u2net,IMG_2030_r04_c03.jpg,IMG_2030.jpg,30,149,40,43,20260917
truffle_peanut_butter_caramel_0088,data/synthetic_slots/v1/dataset/images/validation/truffle_peanut_butter_caramel/truffle_peanut_butter_caramel_0088.jpg,validation,occupied,truffle_peanut_butter_caramel,Peanut Butter Caramel,IMG_1966_c012,IMG_1966.jpg,expanded_u2net,IMG_2034_r06_c03.jpg,IMG_2034.jpg,50,158,34,29,20260917
truffle_peanut_butter_caramel_0089,data/synthetic_slots/v1/dataset/images/validation/truffle_peanut_butter_caramel/truffle_peanut_butter_caramel_0089.jpg,validation,occupied,truffle_peanut_butter_caramel,Peanut Butter Caramel,IMG_1966_c012,IMG_1966.jpg,expanded_u2net,IMG_2020_r01_c02.jpg,IMG_2020.jpg,6,165,35,33,20260917
truffle_peanut_butter_caramel_0090,data/synthetic_slots/v1/dataset/images/validation/truffle_peanut_butter_caramel/truffle_peanut_butter_caramel_0090.jpg,validation,occupied,truffle_peanut_butter_caramel,Peanut Butter Caramel,IMG_1966_c012,IMG_1966.jpg,expanded_u2net,IMG_2023_r03_c01.jpg,IMG_2023.jpg,16,154,32,36,20260917
truffle_peanut_butter_caramel_0091,data/synthetic_slots/v1/dataset/images/validation/truffle_peanut_butter_caramel/truffle_peanut_butter_caramel_0091.jpg,validation,occupied,truffle_peanut_butter_caramel,Peanut Butter Caramel,IMG_1966_c012,IMG_1966.jpg,expanded_u2net,IMG_2030_r06_c05.jpg,IMG_2030.jpg,30,179,19,25,20260917
truffle_peanut_butter_caramel_0092,data/synthetic_slots/v1/dataset/images/validation/truffle_peanut_butter_caramel/truffle_peanut_butter_caramel_0092.jpg,validation,occupied,truffle_peanut_butter_caramel,Peanut Butter Caramel,IMG_1966_c012,IMG_1966.jpg,expanded_u2net,IMG_2034_r10_c01.jpg,IMG_2034.jpg,50,181,24,28,20260917
truffle_peanut_butter_caramel_0093,data/synthetic_slots/v1/dataset/images/validation/truffle_peanut_butter_caramel/truffle_peanut_butter_caramel_0093.jpg,validation,occupied,truffle_peanut_butter_caramel,Peanut Butter Caramel,IMG_1966_c012,IMG_1966.jpg,expanded_u2net,IMG_2020_r02_c01.jpg,IMG_2020.jpg,6,163,23,26,20260917
truffle_peanut_butter_caramel_0094,data/synthetic_slots/v1/dataset/images/validation/truffle_peanut_butter_caramel/truffle_peanut_butter_caramel_0094.jpg,validation,occupied,truffle_peanut_butter_caramel,Peanut Butter Caramel,IMG_1966_c012,IMG_1966.jpg,expanded_u2net,IMG_2023_r01_c04.jpg,IMG_2023.jpg,16,183,20,18,20260917
truffle_peanut_butter_caramel_0095,data/synthetic_slots/v1/dataset/images/validation/truffle_peanut_butter_caramel/truffle_peanut_butter_caramel_0095.jpg,validation,occupied,truffle_peanut_butter_caramel,Peanut Butter Caramel,IMG_1966_c012,IMG_1966.jpg,expanded_u2net,IMG_2030_r02_c01.jpg,IMG_2030.jpg,30,167,23,22,20260917
truffle_peanut_butter_caramel_0096,data/synthetic_slots/v1/dataset/images/validation/truffle_peanut_butter_caramel/truffle_peanut_butter_caramel_0096.jpg,validation,occupied,truffle_peanut_butter_caramel,Peanut Butter Caramel,IMG_1966_c012,IMG_1966.jpg,expanded_u2net,IMG_2034_r03_c05.jpg,IMG_2034.jpg,50,145,40,38,20260917
truffle_peanut_butter_caramel_0097,data/synthetic_slots/v1/dataset/images/validation/truffle_peanut_butter_caramel/truffle_peanut_butter_caramel_0097.jpg,validation,occupied,truffle_peanut_butter_caramel,Peanut Butter Caramel,IMG_1966_c012,IMG_1966.jpg,expanded_u2net,IMG_2020_r03_c01.jpg,IMG_2020.jpg,6,182,17,29,20260917
truffle_peanut_butter_caramel_0098,data/synthetic_slots/v1/dataset/images/validation/truffle_peanut_butter_caramel/truffle_peanut_butter_caramel_0098.jpg,validation,occupied,truffle_peanut_butter_caramel,Peanut Butter Caramel,IMG_1966_c012,IMG_1966.jpg,expanded_u2net,IMG_2023_r03_c03.jpg,IMG_2023.jpg,16,170,26,28,20260917
truffle_peanut_butter_caramel_0099,data/synthetic_slots/v1/dataset/images/validation/truffle_peanut_butter_caramel/truffle_peanut_butter_caramel_0099.jpg,validation,occupied,truffle_peanut_butter_caramel,Peanut Butter Caramel,IMG_1966_c012,IMG_1966.jpg,expanded_u2net,IMG_2030_r02_c01.jpg,IMG_2030.jpg,30,170,29,26,20260917
truffle_peanut_butter_caramel_0100,data/synthetic_slots/v1/dataset/images/validation/truffle_peanut_butter_caramel/truffle_peanut_butter_caramel_0100.jpg,validation,occupied,truffle_peanut_butter_caramel,Peanut Butter Caramel,IMG_1966_c012,IMG_1966.jpg,expanded_u2net,IMG_2034_r04_c03.jpg,IMG_2034.jpg,50,177,16,16,20260917
truffle_pineapple_moscato_0001,data/synthetic_slots/v1/dataset/images/train/truffle_pineapple_moscato/truffle_pineapple_moscato_0001.jpg,train,occupied,truffle_pineapple_moscato,Pineapple & Moscato,IMG_1997_c016,IMG_1997.jpg,expanded_u2net,IMG_2019_r01_c01.jpg,IMG_2019.jpg,6,180,27,24,20260917
truffle_pineapple_moscato_0002,data/synthetic_slots/v1/dataset/images/train/truffle_pineapple_moscato/truffle_pineapple_moscato_0002.jpg,train,occupied,truffle_pineapple_moscato,Pineapple & Moscato,IMG_1997_c016,IMG_1997.jpg,expanded_u2net,IMG_2024_r04_c03.jpg,IMG_2024.jpg,16,162,35,41,20260917
truffle_pineapple_moscato_0003,data/synthetic_slots/v1/dataset/images/train/truffle_pineapple_moscato/truffle_pineapple_moscato_0003.jpg,train,occupied,truffle_pineapple_moscato,Pineapple & Moscato,IMG_1997_c016,IMG_1997.jpg,expanded_u2net,IMG_2027_r04_c02.jpg,IMG_2027.jpg,30,153,36,49,20260917
truffle_pineapple_moscato_0004,data/synthetic_slots/v1/dataset/images/train/truffle_pineapple_moscato/truffle_pineapple_moscato_0004.jpg,train,occupied,truffle_pineapple_moscato,Pineapple & Moscato,IMG_1997_c016,IMG_1997.jpg,expanded_u2net,IMG_2032_r02_c05.jpg,IMG_2032.jpg,50,161,27,42,20260917
truffle_pineapple_moscato_0005,data/synthetic_slots/v1/dataset/images/train/truffle_pineapple_moscato/truffle_pineapple_moscato_0005.jpg,train,occupied,truffle_pineapple_moscato,Pineapple & Moscato,IMG_1997_c016,IMG_1997.jpg,expanded_u2net,IMG_2021_r01_c02.jpg,IMG_2021.jpg,6,172,25,38,20260917
truffle_pineapple_moscato_0006,data/synthetic_slots/v1/dataset/images/train/truffle_pineapple_moscato/truffle_pineapple_moscato_0006.jpg,train,occupied,truffle_pineapple_moscato,Pineapple & Moscato,IMG_1997_c016,IMG_1997.jpg,expanded_u2net,IMG_2024_r04_c02.jpg,IMG_2024.jpg,16,155,39,35,20260917
truffle_pineapple_moscato_0007,data/synthetic_slots/v1/dataset/images/train/truffle_pineapple_moscato/truffle_pineapple_moscato_0007.jpg,train,occupied,truffle_pineapple_moscato,Pineapple & Moscato,IMG_1997_c016,IMG_1997.jpg,expanded_u2net,IMG_2028_r05_c03.jpg,IMG_2028.jpg,30,175,32,31,20260917
truffle_pineapple_moscato_0008,data/synthetic_slots/v1/dataset/images/train/truffle_pineapple_moscato/truffle_pineapple_moscato_0008.jpg,train,occupied,truffle_pineapple_moscato,Pineapple & Moscato,IMG_1997_c016,IMG_1997.jpg,expanded_u2net,IMG_2031_r03_c03.jpg,IMG_2031.jpg,50,175,19,28,20260917
truffle_pineapple_moscato_0009,data/synthetic_slots/v1/dataset/images/train/truffle_pineapple_moscato/truffle_pineapple_moscato_0009.jpg,train,occupied,truffle_pineapple_moscato,Pineapple & Moscato,IMG_1997_c016,IMG_1997.jpg,expanded_u2net,IMG_2019_r03_c02.jpg,IMG_2019.jpg,6,146,39,47,20260917
truffle_pineapple_moscato_0010,data/synthetic_slots/v1/dataset/images/train/truffle_pineapple_moscato/truffle_pineapple_moscato_0010.jpg,train,occupied,truffle_pineapple_moscato,Pineapple & Moscato,IMG_1997_c016,IMG_1997.jpg,expanded_u2net,IMG_2022_r01_c03.jpg,IMG_2022.jpg,16,166,21,39,20260917
truffle_pineapple_moscato_0011,data/synthetic_slots/v1/dataset/images/train/truffle_pineapple_moscato/truffle_pineapple_moscato_0011.jpg,train,occupied,truffle_pineapple_moscato,Pineapple & Moscato,IMG_1997_c016,IMG_1997.jpg,expanded_u2net,IMG_2027_r02_c04.jpg,IMG_2027.jpg,30,160,28,39,20260917
truffle_pineapple_moscato_0012,data/synthetic_slots/v1/dataset/images/train/truffle_pineapple_moscato/truffle_pineapple_moscato_0012.jpg,train,occupied,truffle_pineapple_moscato,Pineapple & Moscato,IMG_1997_c016,IMG_1997.jpg,expanded_u2net,IMG_2031_r09_c04.jpg,IMG_2031.jpg,50,165,27,36,20260917
truffle_pineapple_moscato_0013,data/synthetic_slots/v1/dataset/images/train/truffle_pineapple_moscato/truffle_pineapple_moscato_0013.jpg,train,occupied,truffle_pineapple_moscato,Pineapple & Moscato,IMG_1997_c016,IMG_1997.jpg,expanded_u2net,IMG_2021_r01_c02.jpg,IMG_2021.jpg,6,182,27,24,20260917
truffle_pineapple_moscato_0014,data/synthetic_slots/v1/dataset/images/train/truffle_pineapple_moscato/truffle_pineapple_moscato_0014.jpg,train,occupied,truffle_pineapple_moscato,Pineapple & Moscato,IMG_1997_c016,IMG_1997.jpg,expanded_u2net,IMG_2026_r02_c02.jpg,IMG_2026.jpg,16,147,40,38,20260917
truffle_pineapple_moscato_0015,data/synthetic_slots/v1/dataset/images/train/truffle_pineapple_moscato/truffle_pineapple_moscato_0015.jpg,train,occupied,truffle_pineapple_moscato,Pineapple & Moscato,IMG_1997_c016,IMG_1997.jpg,expanded_u2net,IMG_2027_r06_c03.jpg,IMG_2027.jpg,30,145,39,51,20260917
truffle_pineapple_moscato_0016,data/synthetic_slots/v1/dataset/images/train/truffle_pineapple_moscato/truffle_pineapple_moscato_0016.jpg,train,occupied,truffle_pineapple_moscato,Pineapple & Moscato,IMG_1997_c016,IMG_1997.jpg,expanded_u2net,IMG_2033_r10_c01.jpg,IMG_2033.jpg,50,156,32,34,20260917
truffle_pineapple_moscato_0017,data/synthetic_slots/v1/dataset/images/train/truffle_pineapple_moscato/truffle_pineapple_moscato_0017.jpg,train,occupied,truffle_pineapple_moscato,Pineapple & Moscato,IMG_1997_c016,IMG_1997.jpg,expanded_u2net,IMG_2021_r01_c02.jpg,IMG_2021.jpg,6,166,35,27,20260917
truffle_pineapple_moscato_0018,data/synthetic_slots/v1/dataset/images/train/truffle_pineapple_moscato/truffle_pineapple_moscato_0018.jpg,train,occupied,truffle_pineapple_moscato,Pineapple & Moscato,IMG_1997_c016,IMG_1997.jpg,expanded_u2net,IMG_2026_r03_c01.jpg,IMG_2026.jpg,16,183,21,28,20260917
truffle_pineapple_moscato_0019,data/synthetic_slots/v1/dataset/images/train/truffle_pineapple_moscato/truffle_pineapple_moscato_0019.jpg,train,occupied,truffle_pineapple_moscato,Pineapple & Moscato,IMG_1997_c016,IMG_1997.jpg,expanded_u2net,IMG_2029_r06_c04.jpg,IMG_2029.jpg,30,180,19,26,20260917
truffle_pineapple_moscato_0020,data/synthetic_slots/v1/dataset/images/train/truffle_pineapple_moscato/truffle_pineapple_moscato_0020.jpg,train,occupied,truffle_pineapple_moscato,Pineapple & Moscato,IMG_1997_c016,IMG_1997.jpg,expanded_u2net,IMG_2033_r02_c05.jpg,IMG_2033.jpg,50,167,37,25,20260917
truffle_pineapple_moscato_0021,data/synthetic_slots/v1/dataset/images/train/truffle_pineapple_moscato/truffle_pineapple_moscato_0021.jpg,train,occupied,truffle_pineapple_moscato,Pineapple & Moscato,IMG_1997_c016,IMG_1997.jpg,expanded_u2net,IMG_2019_r03_c01.jpg,IMG_2019.jpg,6,175,19,28,20260917
truffle_pineapple_moscato_0022,data/synthetic_slots/v1/dataset/images/train/truffle_pineapple_moscato/truffle_pineapple_moscato_0022.jpg,train,occupied,truffle_pineapple_moscato,Pineapple & Moscato,IMG_1997_c016,IMG_1997.jpg,expanded_u2net,IMG_2022_r03_c03.jpg,IMG_2022.jpg,16,145,47,48,20260917
truffle_pineapple_moscato_0023,data/synthetic_slots/v1/dataset/images/train/truffle_pineapple_moscato/truffle_pineapple_moscato_0023.jpg,train,occupied,truffle_pineapple_moscato,Pineapple & Moscato,IMG_1997_c016,IMG_1997.jpg,expanded_u2net,IMG_2028_r06_c05.jpg,IMG_2028.jpg,30,184,12,35,20260917
truffle_pineapple_moscato_0024,data/synthetic_slots/v1/dataset/images/train/truffle_pineapple_moscato/truffle_pineapple_moscato_0024.jpg,train,occupied,truffle_pineapple_moscato,Pineapple & Moscato,IMG_1997_c016,IMG_1997.jpg,expanded_u2net,IMG_2033_r08_c05.jpg,IMG_2033.jpg,50,165,33,43,20260917
truffle_pineapple_moscato_0025,data/synthetic_slots/v1/dataset/images/train/truffle_pineapple_moscato/truffle_pineapple_moscato_0025.jpg,train,occupied,truffle_pineapple_moscato,Pineapple & Moscato,IMG_1997_c016,IMG_1997.jpg,expanded_u2net,IMG_2019_r01_c02.jpg,IMG_2019.jpg,6,153,28,46,20260917
truffle_pineapple_moscato_0026,data/synthetic_slots/v1/dataset/images/train/truffle_pineapple_moscato/truffle_pineapple_moscato_0026.jpg,train,occupied,truffle_pineapple_moscato,Pineapple & Moscato,IMG_1997_c016,IMG_1997.jpg,expanded_u2net,IMG_2026_r04_c01.jpg,IMG_2026.jpg,16,168,24,32,20260917
truffle_pineapple_moscato_0027,data/synthetic_slots/v1/dataset/images/train/truffle_pineapple_moscato/truffle_pineapple_moscato_0027.jpg,train,occupied,truffle_pineapple_moscato,Pineapple & Moscato,IMG_1997_c016,IMG_1997.jpg,expanded_u2net,IMG_2029_r05_c01.jpg,IMG_2029.jpg,30,155,40,42,20260917
truffle_pineapple_moscato_0028,data/synthetic_slots/v1/dataset/images/train/truffle_pineapple_moscato/truffle_pineapple_moscato_0028.jpg,train,occupied,truffle_pineapple_moscato,Pineapple & Moscato,IMG_1997_c016,IMG_1997.jpg,expanded_u2net,IMG_2032_r05_c04.jpg,IMG_2032.jpg,50,183,22,26,20260917
truffle_pineapple_moscato_0029,data/synthetic_slots/v1/dataset/images/train/truffle_pineapple_moscato/truffle_pineapple_moscato_0029.jpg,train,occupied,truffle_pineapple_moscato,Pineapple & Moscato,IMG_1997_c016,IMG_1997.jpg,expanded_u2net,IMG_2019_r03_c01.jpg,IMG_2019.jpg,6,171,26,36,20260917
truffle_pineapple_moscato_0030,data/synthetic_slots/v1/dataset/images/train/truffle_pineapple_moscato/truffle_pineapple_moscato_0030.jpg,train,occupied,truffle_pineapple_moscato,Pineapple & Moscato,IMG_1997_c016,IMG_1997.jpg,expanded_u2net,IMG_2022_r02_c01.jpg,IMG_2022.jpg,16,166,21,26,20260917
truffle_pineapple_moscato_0031,data/synthetic_slots/v1/dataset/images/train/truffle_pineapple_moscato/truffle_pineapple_moscato_0031.jpg,train,occupied,truffle_pineapple_moscato,Pineapple & Moscato,IMG_1997_c016,IMG_1997.jpg,expanded_u2net,IMG_2027_r06_c03.jpg,IMG_2027.jpg,30,182,14,30,20260917
truffle_pineapple_moscato_0032,data/synthetic_slots/v1/dataset/images/train/truffle_pineapple_moscato/truffle_pineapple_moscato_0032.jpg,train,occupied,truffle_pineapple_moscato,Pineapple & Moscato,IMG_1997_c016,IMG_1997.jpg,expanded_u2net,IMG_2031_r06_c03.jpg,IMG_2031.jpg,50,155,42,33,20260917
truffle_pineapple_moscato_0033,data/synthetic_slots/v1/dataset/images/train/truffle_pineapple_moscato/truffle_pineapple_moscato_0033.jpg,train,occupied,truffle_pineapple_moscato,Pineapple & Moscato,IMG_1997_c016,IMG_1997.jpg,expanded_u2net,IMG_2021_r02_c02.jpg,IMG_2021.jpg,6,172,21,32,20260917
truffle_pineapple_moscato_0034,data/synthetic_slots/v1/dataset/images/train/truffle_pineapple_moscato/truffle_pineapple_moscato_0034.jpg,train,occupied,truffle_pineapple_moscato,Pineapple & Moscato,IMG_1997_c016,IMG_1997.jpg,expanded_u2net,IMG_2024_r03_c03.jpg,IMG_2024.jpg,16,157,41,36,20260917
truffle_pineapple_moscato_0035,data/synthetic_slots/v1/dataset/images/train/truffle_pineapple_moscato/truffle_pineapple_moscato_0035.jpg,train,occupied,truffle_pineapple_moscato,Pineapple & Moscato,IMG_1997_c016,IMG_1997.jpg,expanded_u2net,IMG_2028_r05_c01.jpg,IMG_2028.jpg,30,185,11,22,20260917
truffle_pineapple_moscato_0036,data/synthetic_slots/v1/dataset/images/train/truffle_pineapple_moscato/truffle_pineapple_moscato_0036.jpg,train,occupied,truffle_pineapple_moscato,Pineapple & Moscato,IMG_1997_c016,IMG_1997.jpg,expanded_u2net,IMG_2033_r01_c02.jpg,IMG_2033.jpg,50,170,18,36,20260917
truffle_pineapple_moscato_0037,data/synthetic_slots/v1/dataset/images/train/truffle_pineapple_moscato/truffle_pineapple_moscato_0037.jpg,train,occupied,truffle_pineapple_moscato,Pineapple & Moscato,IMG_1997_c016,IMG_1997.jpg,expanded_u2net,IMG_2019_r01_c02.jpg,IMG_2019.jpg,6,172,17,37,20260917
truffle_pineapple_moscato_0038,data/synthetic_slots/v1/dataset/images/train/truffle_pineapple_moscato/truffle_pineapple_moscato_0038.jpg,train,occupied,truffle_pineapple_moscato,Pineapple & Moscato,IMG_1997_c016,IMG_1997.jpg,expanded_u2net,IMG_2024_r03_c02.jpg,IMG_2024.jpg,16,175,22,23,20260917
truffle_pineapple_moscato_0039,data/synthetic_slots/v1/dataset/images/train/truffle_pineapple_moscato/truffle_pineapple_moscato_0039.jpg,train,occupied,truffle_pineapple_moscato,Pineapple & Moscato,IMG_1997_c016,IMG_1997.jpg,expanded_u2net,IMG_2028_r03_c03.jpg,IMG_2028.jpg,30,177,25,35,20260917
truffle_pineapple_moscato_0040,data/synthetic_slots/v1/dataset/images/train/truffle_pineapple_moscato/truffle_pineapple_moscato_0040.jpg,train,occupied,truffle_pineapple_moscato,Pineapple & Moscato,IMG_1997_c016,IMG_1997.jpg,expanded_u2net,IMG_2031_r01_c02.jpg,IMG_2031.jpg,50,164,31,34,20260917
truffle_pineapple_moscato_0041,data/synthetic_slots/v1/dataset/images/train/truffle_pineapple_moscato/truffle_pineapple_moscato_0041.jpg,train,occupied,truffle_pineapple_moscato,Pineapple & Moscato,IMG_1997_c016,IMG_1997.jpg,expanded_u2net,IMG_2021_r03_c02.jpg,IMG_2021.jpg,6,176,19,23,20260917
truffle_pineapple_moscato_0042,data/synthetic_slots/v1/dataset/images/train/truffle_pineapple_moscato/truffle_pineapple_moscato_0042.jpg,train,occupied,truffle_pineapple_moscato,Pineapple & Moscato,IMG_1997_c016,IMG_1997.jpg,expanded_u2net,IMG_2026_r01_c01.jpg,IMG_2026.jpg,16,149,46,44,20260917
truffle_pineapple_moscato_0043,data/synthetic_slots/v1/dataset/images/train/truffle_pineapple_moscato/truffle_pineapple_moscato_0043.jpg,train,occupied,truffle_pineapple_moscato,Pineapple & Moscato,IMG_1997_c016,IMG_1997.jpg,expanded_u2net,IMG_2028_r06_c01.jpg,IMG_2028.jpg,30,149,31,45,20260917
truffle_pineapple_moscato_0044,data/synthetic_slots/v1/dataset/images/train/truffle_pineapple_moscato/truffle_pineapple_moscato_0044.jpg,train,occupied,truffle_pineapple_moscato,Pineapple & Moscato,IMG_1997_c016,IMG_1997.jpg,expanded_u2net,IMG_2031_r01_c03.jpg,IMG_2031.jpg,50,146,41,37,20260917
truffle_pineapple_moscato_0045,data/synthetic_slots/v1/dataset/images/train/truffle_pineapple_moscato/truffle_pineapple_moscato_0045.jpg,train,occupied,truffle_pineapple_moscato,Pineapple & Moscato,IMG_1997_c016,IMG_1997.jpg,expanded_u2net,IMG_2019_r01_c02.jpg,IMG_2019.jpg,6,185,15,31,20260917
truffle_pineapple_moscato_0046,data/synthetic_slots/v1/dataset/images/train/truffle_pineapple_moscato/truffle_pineapple_moscato_0046.jpg,train,occupied,truffle_pineapple_moscato,Pineapple & Moscato,IMG_1997_c016,IMG_1997.jpg,expanded_u2net,IMG_2022_r01_c03.jpg,IMG_2022.jpg,16,163,21,32,20260917
truffle_pineapple_moscato_0047,data/synthetic_slots/v1/dataset/images/train/truffle_pineapple_moscato/truffle_pineapple_moscato_0047.jpg,train,occupied,truffle_pineapple_moscato,Pineapple & Moscato,IMG_1997_c016,IMG_1997.jpg,expanded_u2net,IMG_2028_r05_c02.jpg,IMG_2028.jpg,30,178,27,22,20260917
truffle_pineapple_moscato_0048,data/synthetic_slots/v1/dataset/images/train/truffle_pineapple_moscato/truffle_pineapple_moscato_0048.jpg,train,occupied,truffle_pineapple_moscato,Pineapple & Moscato,IMG_1997_c016,IMG_1997.jpg,expanded_u2net,IMG_2033_r03_c02.jpg,IMG_2033.jpg,50,166,25,36,20260917
truffle_pineapple_moscato_0049,data/synthetic_slots/v1/dataset/images/train/truffle_pineapple_moscato/truffle_pineapple_moscato_0049.jpg,train,occupied,truffle_pineapple_moscato,Pineapple & Moscato,IMG_1997_c016,IMG_1997.jpg,expanded_u2net,IMG_2019_r01_c01.jpg,IMG_2019.jpg,6,180,22,35,20260917
truffle_pineapple_moscato_0050,data/synthetic_slots/v1/dataset/images/train/truffle_pineapple_moscato/truffle_pineapple_moscato_0050.jpg,train,occupied,truffle_pineapple_moscato,Pineapple & Moscato,IMG_1997_c016,IMG_1997.jpg,expanded_u2net,IMG_2022_r03_c01.jpg,IMG_2022.jpg,16,184,21,19,20260917
truffle_pineapple_moscato_0051,data/synthetic_slots/v1/dataset/images/train/truffle_pineapple_moscato/truffle_pineapple_moscato_0051.jpg,train,occupied,truffle_pineapple_moscato,Pineapple & Moscato,IMG_1997_c016,IMG_1997.jpg,expanded_u2net,IMG_2028_r04_c01.jpg,IMG_2028.jpg,30,147,44,50,20260917
truffle_pineapple_moscato_0052,data/synthetic_slots/v1/dataset/images/train/truffle_pineapple_moscato/truffle_pineapple_moscato_0052.jpg,train,occupied,truffle_pineapple_moscato,Pineapple & Moscato,IMG_1997_c016,IMG_1997.jpg,expanded_u2net,IMG_2033_r08_c02.jpg,IMG_2033.jpg,50,154,41,30,20260917
truffle_pineapple_moscato_0053,data/synthetic_slots/v1/dataset/images/train/truffle_pineapple_moscato/truffle_pineapple_moscato_0053.jpg,train,occupied,truffle_pineapple_moscato,Pineapple & Moscato,IMG_1997_c016,IMG_1997.jpg,expanded_u2net,IMG_2021_r01_c01.jpg,IMG_2021.jpg,6,182,23,24,20260917
truffle_pineapple_moscato_0054,data/synthetic_slots/v1/dataset/images/train/truffle_pineapple_moscato/truffle_pineapple_moscato_0054.jpg,train,occupied,truffle_pineapple_moscato,Pineapple & Moscato,IMG_1997_c016,IMG_1997.jpg,expanded_u2net,IMG_2024_r03_c03.jpg,IMG_2024.jpg,16,151,35,37,20260917
truffle_pineapple_moscato_0055,data/synthetic_slots/v1/dataset/images/train/truffle_pineapple_moscato/truffle_pineapple_moscato_0055.jpg,train,occupied,truffle_pineapple_moscato,Pineapple & Moscato,IMG_1997_c016,IMG_1997.jpg,expanded_u2net,IMG_2029_r05_c03.jpg,IMG_2029.jpg,30,159,28,44,20260917
truffle_pineapple_moscato_0056,data/synthetic_slots/v1/dataset/images/train/truffle_pineapple_moscato/truffle_pineapple_moscato_0056.jpg,train,occupied,truffle_pineapple_moscato,Pineapple & Moscato,IMG_1997_c016,IMG_1997.jpg,expanded_u2net,IMG_2032_r07_c02.jpg,IMG_2032.jpg,50,151,42,49,20260917
truffle_pineapple_moscato_0057,data/synthetic_slots/v1/dataset/images/train/truffle_pineapple_moscato/truffle_pineapple_moscato_0057.jpg,train,occupied,truffle_pineapple_moscato,Pineapple & Moscato,IMG_1997_c016,IMG_1997.jpg,expanded_u2net,IMG_2021_r02_c02.jpg,IMG_2021.jpg,6,164,30,43,20260917
truffle_pineapple_moscato_0058,data/synthetic_slots/v1/dataset/images/train/truffle_pineapple_moscato/truffle_pineapple_moscato_0058.jpg,train,occupied,truffle_pineapple_moscato,Pineapple & Moscato,IMG_1997_c016,IMG_1997.jpg,expanded_u2net,IMG_2022_r03_c03.jpg,IMG_2022.jpg,16,175,33,30,20260917
truffle_pineapple_moscato_0059,data/synthetic_slots/v1/dataset/images/train/truffle_pineapple_moscato/truffle_pineapple_moscato_0059.jpg,train,occupied,truffle_pineapple_moscato,Pineapple & Moscato,IMG_1997_c016,IMG_1997.jpg,expanded_u2net,IMG_2027_r06_c04.jpg,IMG_2027.jpg,30,178,27,30,20260917
truffle_pineapple_moscato_0060,data/synthetic_slots/v1/dataset/images/train/truffle_pineapple_moscato/truffle_pineapple_moscato_0060.jpg,train,occupied,truffle_pineapple_moscato,Pineapple & Moscato,IMG_1997_c016,IMG_1997.jpg,expanded_u2net,IMG_2031_r10_c02.jpg,IMG_2031.jpg,50,159,36,28,20260917
truffle_pineapple_moscato_0061,data/synthetic_slots/v1/dataset/images/train/truffle_pineapple_moscato/truffle_pineapple_moscato_0061.jpg,train,occupied,truffle_pineapple_moscato,Pineapple & Moscato,IMG_1997_c016,IMG_1997.jpg,expanded_u2net,IMG_2019_r03_c02.jpg,IMG_2019.jpg,6,158,34,33,20260917
truffle_pineapple_moscato_0062,data/synthetic_slots/v1/dataset/images/train/truffle_pineapple_moscato/truffle_pineapple_moscato_0062.jpg,train,occupied,truffle_pineapple_moscato,Pineapple & Moscato,IMG_1997_c016,IMG_1997.jpg,expanded_u2net,IMG_2026_r04_c02.jpg,IMG_2026.jpg,16,155,43,31,20260917
truffle_pineapple_moscato_0063,data/synthetic_slots/v1/dataset/images/train/truffle_pineapple_moscato/truffle_pineapple_moscato_0063.jpg,train,occupied,truffle_pineapple_moscato,Pineapple & Moscato,IMG_1997_c016,IMG_1997.jpg,expanded_u2net,IMG_2028_r05_c04.jpg,IMG_2028.jpg,30,178,15,20,20260917
truffle_pineapple_moscato_0064,data/synthetic_slots/v1/dataset/images/train/truffle_pineapple_moscato/truffle_pineapple_moscato_0064.jpg,train,occupied,truffle_pineapple_moscato,Pineapple & Moscato,IMG_1997_c016,IMG_1997.jpg,expanded_u2net,IMG_2033_r08_c01.jpg,IMG_2033.jpg,50,157,26,44,20260917
truffle_pineapple_moscato_0065,data/synthetic_slots/v1/dataset/images/train/truffle_pineapple_moscato/truffle_pineapple_moscato_0065.jpg,train,occupied,truffle_pineapple_moscato,Pineapple & Moscato,IMG_1997_c016,IMG_1997.jpg,expanded_u2net,IMG_2021_r02_c02.jpg,IMG_2021.jpg,6,166,24,27,20260917
truffle_pineapple_moscato_0066,data/synthetic_slots/v1/dataset/images/train/truffle_pineapple_moscato/truffle_pineapple_moscato_0066.jpg,train,occupied,truffle_pineapple_moscato,Pineapple & Moscato,IMG_1997_c016,IMG_1997.jpg,expanded_u2net,IMG_2025_r03_c02.jpg,IMG_2025.jpg,16,169,23,27,20260917
truffle_pineapple_moscato_0067,data/synthetic_slots/v1/dataset/images/train/truffle_pineapple_moscato/truffle_pineapple_moscato_0067.jpg,train,occupied,truffle_pineapple_moscato,Pineapple & Moscato,IMG_1997_c016,IMG_1997.jpg,expanded_u2net,IMG_2029_r05_c04.jpg,IMG_2029.jpg,30,154,27,32,20260917
truffle_pineapple_moscato_0068,data/synthetic_slots/v1/dataset/images/train/truffle_pineapple_moscato/truffle_pineapple_moscato_0068.jpg,train,occupied,truffle_pineapple_moscato,Pineapple & Moscato,IMG_1997_c016,IMG_1997.jpg,expanded_u2net,IMG_2033_r03_c05.jpg,IMG_2033.jpg,50,154,44,42,20260917
truffle_pineapple_moscato_0069,data/synthetic_slots/v1/dataset/images/train/truffle_pineapple_moscato/truffle_pineapple_moscato_0069.jpg,train,occupied,truffle_pineapple_moscato,Pineapple & Moscato,IMG_1997_c016,IMG_1997.jpg,expanded_u2net,IMG_2021_r03_c02.jpg,IMG_2021.jpg,6,176,27,35,20260917
truffle_pineapple_moscato_0070,data/synthetic_slots/v1/dataset/images/train/truffle_pineapple_moscato/truffle_pineapple_moscato_0070.jpg,train,occupied,truffle_pineapple_moscato,Pineapple & Moscato,IMG_1997_c016,IMG_1997.jpg,expanded_u2net,IMG_2022_r01_c01.jpg,IMG_2022.jpg,16,177,14,29,20260917
truffle_pineapple_moscato_0071,data/synthetic_slots/v1/dataset/images/train/truffle_pineapple_moscato/truffle_pineapple_moscato_0071.jpg,train,occupied,truffle_pineapple_moscato,Pineapple & Moscato,IMG_1997_c016,IMG_1997.jpg,expanded_u2net,IMG_2027_r04_c05.jpg,IMG_2027.jpg,30,165,20,40,20260917
truffle_pineapple_moscato_0072,data/synthetic_slots/v1/dataset/images/train/truffle_pineapple_moscato/truffle_pineapple_moscato_0072.jpg,train,occupied,truffle_pineapple_moscato,Pineapple & Moscato,IMG_1997_c016,IMG_1997.jpg,expanded_u2net,IMG_2032_r08_c01.jpg,IMG_2032.jpg,50,163,32,29,20260917
truffle_pineapple_moscato_0073,data/synthetic_slots/v1/dataset/images/train/truffle_pineapple_moscato/truffle_pineapple_moscato_0073.jpg,train,occupied,truffle_pineapple_moscato,Pineapple & Moscato,IMG_1997_c016,IMG_1997.jpg,expanded_u2net,IMG_2021_r01_c01.jpg,IMG_2021.jpg,6,164,22,30,20260917
truffle_pineapple_moscato_0074,data/synthetic_slots/v1/dataset/images/train/truffle_pineapple_moscato/truffle_pineapple_moscato_0074.jpg,train,occupied,truffle_pineapple_moscato,Pineapple & Moscato,IMG_1997_c016,IMG_1997.jpg,expanded_u2net,IMG_2024_r02_c03.jpg,IMG_2024.jpg,16,156,36,42,20260917
truffle_pineapple_moscato_0075,data/synthetic_slots/v1/dataset/images/train/truffle_pineapple_moscato/truffle_pineapple_moscato_0075.jpg,train,occupied,truffle_pineapple_moscato,Pineapple & Moscato,IMG_1997_c016,IMG_1997.jpg,expanded_u2net,IMG_2027_r05_c04.jpg,IMG_2027.jpg,30,174,28,34,20260917
truffle_pineapple_moscato_0076,data/synthetic_slots/v1/dataset/images/train/truffle_pineapple_moscato/truffle_pineapple_moscato_0076.jpg,train,occupied,truffle_pineapple_moscato,Pineapple & Moscato,IMG_1997_c016,IMG_1997.jpg,expanded_u2net,IMG_2033_r03_c02.jpg,IMG_2033.jpg,50,177,17,40,20260917
truffle_pineapple_moscato_0077,data/synthetic_slots/v1/dataset/images/train/truffle_pineapple_moscato/truffle_pineapple_moscato_0077.jpg,train,occupied,truffle_pineapple_moscato,Pineapple & Moscato,IMG_1997_c016,IMG_1997.jpg,expanded_u2net,IMG_2021_r03_c02.jpg,IMG_2021.jpg,6,153,34,32,20260917
truffle_pineapple_moscato_0078,data/synthetic_slots/v1/dataset/images/train/truffle_pineapple_moscato/truffle_pineapple_moscato_0078.jpg,train,occupied,truffle_pineapple_moscato,Pineapple & Moscato,IMG_1997_c016,IMG_1997.jpg,expanded_u2net,IMG_2026_r03_c04.jpg,IMG_2026.jpg,16,168,30,34,20260917
truffle_pineapple_moscato_0079,data/synthetic_slots/v1/dataset/images/train/truffle_pineapple_moscato/truffle_pineapple_moscato_0079.jpg,train,occupied,truffle_pineapple_moscato,Pineapple & Moscato,IMG_1997_c016,IMG_1997.jpg,expanded_u2net,IMG_2029_r04_c04.jpg,IMG_2029.jpg,30,152,32,49,20260917
truffle_pineapple_moscato_0080,data/synthetic_slots/v1/dataset/images/train/truffle_pineapple_moscato/truffle_pineapple_moscato_0080.jpg,train,occupied,truffle_pineapple_moscato,Pineapple & Moscato,IMG_1997_c016,IMG_1997.jpg,expanded_u2net,IMG_2033_r09_c02.jpg,IMG_2033.jpg,50,177,22,20,20260917
truffle_pineapple_moscato_0081,data/synthetic_slots/v1/dataset/images/validation/truffle_pineapple_moscato/truffle_pineapple_moscato_0081.jpg,validation,occupied,truffle_pineapple_moscato,Pineapple & Moscato,IMG_1997_c016,IMG_1997.jpg,expanded_u2net,IMG_2020_r03_c01.jpg,IMG_2020.jpg,6,163,29,37,20260917
truffle_pineapple_moscato_0082,data/synthetic_slots/v1/dataset/images/validation/truffle_pineapple_moscato/truffle_pineapple_moscato_0082.jpg,validation,occupied,truffle_pineapple_moscato,Pineapple & Moscato,IMG_1997_c016,IMG_1997.jpg,expanded_u2net,IMG_2023_r01_c01.jpg,IMG_2023.jpg,16,146,37,48,20260917
truffle_pineapple_moscato_0083,data/synthetic_slots/v1/dataset/images/validation/truffle_pineapple_moscato/truffle_pineapple_moscato_0083.jpg,validation,occupied,truffle_pineapple_moscato,Pineapple & Moscato,IMG_1997_c016,IMG_1997.jpg,expanded_u2net,IMG_2030_r06_c03.jpg,IMG_2030.jpg,30,183,14,34,20260917
truffle_pineapple_moscato_0084,data/synthetic_slots/v1/dataset/images/validation/truffle_pineapple_moscato/truffle_pineapple_moscato_0084.jpg,validation,occupied,truffle_pineapple_moscato,Pineapple & Moscato,IMG_1997_c016,IMG_1997.jpg,expanded_u2net,IMG_2034_r02_c04.jpg,IMG_2034.jpg,50,182,17,27,20260917
truffle_pineapple_moscato_0085,data/synthetic_slots/v1/dataset/images/validation/truffle_pineapple_moscato/truffle_pineapple_moscato_0085.jpg,validation,occupied,truffle_pineapple_moscato,Pineapple & Moscato,IMG_1997_c016,IMG_1997.jpg,expanded_u2net,IMG_2020_r02_c02.jpg,IMG_2020.jpg,6,161,34,28,20260917
truffle_pineapple_moscato_0086,data/synthetic_slots/v1/dataset/images/validation/truffle_pineapple_moscato/truffle_pineapple_moscato_0086.jpg,validation,occupied,truffle_pineapple_moscato,Pineapple & Moscato,IMG_1997_c016,IMG_1997.jpg,expanded_u2net,IMG_2023_r01_c02.jpg,IMG_2023.jpg,16,170,19,25,20260917
truffle_pineapple_moscato_0087,data/synthetic_slots/v1/dataset/images/validation/truffle_pineapple_moscato/truffle_pineapple_moscato_0087.jpg,validation,occupied,truffle_pineapple_moscato,Pineapple & Moscato,IMG_1997_c016,IMG_1997.jpg,expanded_u2net,IMG_2030_r06_c01.jpg,IMG_2030.jpg,30,158,28,45,20260917
truffle_pineapple_moscato_0088,data/synthetic_slots/v1/dataset/images/validation/truffle_pineapple_moscato/truffle_pineapple_moscato_0088.jpg,validation,occupied,truffle_pineapple_moscato,Pineapple & Moscato,IMG_1997_c016,IMG_1997.jpg,expanded_u2net,IMG_2034_r05_c03.jpg,IMG_2034.jpg,50,171,29,25,20260917
truffle_pineapple_moscato_0089,data/synthetic_slots/v1/dataset/images/validation/truffle_pineapple_moscato/truffle_pineapple_moscato_0089.jpg,validation,occupied,truffle_pineapple_moscato,Pineapple & Moscato,IMG_1997_c016,IMG_1997.jpg,expanded_u2net,IMG_2020_r02_c01.jpg,IMG_2020.jpg,6,168,29,31,20260917
truffle_pineapple_moscato_0090,data/synthetic_slots/v1/dataset/images/validation/truffle_pineapple_moscato/truffle_pineapple_moscato_0090.jpg,validation,occupied,truffle_pineapple_moscato,Pineapple & Moscato,IMG_1997_c016,IMG_1997.jpg,expanded_u2net,IMG_2023_r02_c03.jpg,IMG_2023.jpg,16,170,20,40,20260917
truffle_pineapple_moscato_0091,data/synthetic_slots/v1/dataset/images/validation/truffle_pineapple_moscato/truffle_pineapple_moscato_0091.jpg,validation,occupied,truffle_pineapple_moscato,Pineapple & Moscato,IMG_1997_c016,IMG_1997.jpg,expanded_u2net,IMG_2030_r05_c04.jpg,IMG_2030.jpg,30,180,29,26,20260917
truffle_pineapple_moscato_0092,data/synthetic_slots/v1/dataset/images/validation/truffle_pineapple_moscato/truffle_pineapple_moscato_0092.jpg,validation,occupied,truffle_pineapple_moscato,Pineapple & Moscato,IMG_1997_c016,IMG_1997.jpg,expanded_u2net,IMG_2034_r06_c01.jpg,IMG_2034.jpg,50,158,27,32,20260917
truffle_pineapple_moscato_0093,data/synthetic_slots/v1/dataset/images/validation/truffle_pineapple_moscato/truffle_pineapple_moscato_0093.jpg,validation,occupied,truffle_pineapple_moscato,Pineapple & Moscato,IMG_1997_c016,IMG_1997.jpg,expanded_u2net,IMG_2020_r03_c02.jpg,IMG_2020.jpg,6,168,23,41,20260917
truffle_pineapple_moscato_0094,data/synthetic_slots/v1/dataset/images/validation/truffle_pineapple_moscato/truffle_pineapple_moscato_0094.jpg,validation,occupied,truffle_pineapple_moscato,Pineapple & Moscato,IMG_1997_c016,IMG_1997.jpg,expanded_u2net,IMG_2023_r01_c04.jpg,IMG_2023.jpg,16,163,25,39,20260917
truffle_pineapple_moscato_0095,data/synthetic_slots/v1/dataset/images/validation/truffle_pineapple_moscato/truffle_pineapple_moscato_0095.jpg,validation,occupied,truffle_pineapple_moscato,Pineapple & Moscato,IMG_1997_c016,IMG_1997.jpg,expanded_u2net,IMG_2030_r01_c03.jpg,IMG_2030.jpg,30,170,26,37,20260917
truffle_pineapple_moscato_0096,data/synthetic_slots/v1/dataset/images/validation/truffle_pineapple_moscato/truffle_pineapple_moscato_0096.jpg,validation,occupied,truffle_pineapple_moscato,Pineapple & Moscato,IMG_1997_c016,IMG_1997.jpg,expanded_u2net,IMG_2034_r08_c05.jpg,IMG_2034.jpg,50,156,41,32,20260917
truffle_pineapple_moscato_0097,data/synthetic_slots/v1/dataset/images/validation/truffle_pineapple_moscato/truffle_pineapple_moscato_0097.jpg,validation,occupied,truffle_pineapple_moscato,Pineapple & Moscato,IMG_1997_c016,IMG_1997.jpg,expanded_u2net,IMG_2020_r01_c01.jpg,IMG_2020.jpg,6,176,26,26,20260917
truffle_pineapple_moscato_0098,data/synthetic_slots/v1/dataset/images/validation/truffle_pineapple_moscato/truffle_pineapple_moscato_0098.jpg,validation,occupied,truffle_pineapple_moscato,Pineapple & Moscato,IMG_1997_c016,IMG_1997.jpg,expanded_u2net,IMG_2023_r04_c04.jpg,IMG_2023.jpg,16,146,39,36,20260917
truffle_pineapple_moscato_0099,data/synthetic_slots/v1/dataset/images/validation/truffle_pineapple_moscato/truffle_pineapple_moscato_0099.jpg,validation,occupied,truffle_pineapple_moscato,Pineapple & Moscato,IMG_1997_c016,IMG_1997.jpg,expanded_u2net,IMG_2030_r03_c03.jpg,IMG_2030.jpg,30,166,28,41,20260917
truffle_pineapple_moscato_0100,data/synthetic_slots/v1/dataset/images/validation/truffle_pineapple_moscato/truffle_pineapple_moscato_0100.jpg,validation,occupied,truffle_pineapple_moscato,Pineapple & Moscato,IMG_1997_c016,IMG_1997.jpg,expanded_u2net,IMG_2034_r02_c04.jpg,IMG_2034.jpg,50,145,48,35,20260917
truffle_pistachio_0001,data/synthetic_slots/v1/dataset/images/train/truffle_pistachio/truffle_pistachio_0001.jpg,train,occupied,truffle_pistachio,Pistachio,IMG_1987_c008,IMG_1987.jpg,expanded_u2net,IMG_2021_r03_c01.jpg,IMG_2021.jpg,6,169,42,35,20260917
truffle_pistachio_0002,data/synthetic_slots/v1/dataset/images/train/truffle_pistachio/truffle_pistachio_0002.jpg,train,occupied,truffle_pistachio,Pistachio,IMG_1987_c008,IMG_1987.jpg,expanded_u2net,IMG_2022_r02_c02.jpg,IMG_2022.jpg,16,150,34,29,20260917
truffle_pistachio_0003,data/synthetic_slots/v1/dataset/images/train/truffle_pistachio/truffle_pistachio_0003.jpg,train,occupied,truffle_pistachio,Pistachio,IMG_1987_c008,IMG_1987.jpg,expanded_u2net,IMG_2028_r06_c02.jpg,IMG_2028.jpg,30,177,22,14,20260917
truffle_pistachio_0004,data/synthetic_slots/v1/dataset/images/train/truffle_pistachio/truffle_pistachio_0004.jpg,train,occupied,truffle_pistachio,Pistachio,IMG_1987_c008,IMG_1987.jpg,expanded_u2net,IMG_2033_r07_c05.jpg,IMG_2033.jpg,50,174,26,21,20260917
truffle_pistachio_0005,data/synthetic_slots/v1/dataset/images/train/truffle_pistachio/truffle_pistachio_0005.jpg,train,occupied,truffle_pistachio,Pistachio,IMG_1987_c008,IMG_1987.jpg,expanded_u2net,IMG_2019_r01_c02.jpg,IMG_2019.jpg,6,152,37,45,20260917
truffle_pistachio_0006,data/synthetic_slots/v1/dataset/images/train/truffle_pistachio/truffle_pistachio_0006.jpg,train,occupied,truffle_pistachio,Pistachio,IMG_1987_c008,IMG_1987.jpg,expanded_u2net,IMG_2025_r01_c03.jpg,IMG_2025.jpg,16,149,36,34,20260917
truffle_pistachio_0007,data/synthetic_slots/v1/dataset/images/train/truffle_pistachio/truffle_pistachio_0007.jpg,train,occupied,truffle_pistachio,Pistachio,IMG_1987_c008,IMG_1987.jpg,expanded_u2net,IMG_2027_r01_c02.jpg,IMG_2027.jpg,30,175,33,33,20260917
truffle_pistachio_0008,data/synthetic_slots/v1/dataset/images/train/truffle_pistachio/truffle_pistachio_0008.jpg,train,occupied,truffle_pistachio,Pistachio,IMG_1987_c008,IMG_1987.jpg,expanded_u2net,IMG_2031_r03_c05.jpg,IMG_2031.jpg,50,162,47,36,20260917
truffle_pistachio_0009,data/synthetic_slots/v1/dataset/images/train/truffle_pistachio/truffle_pistachio_0009.jpg,train,occupied,truffle_pistachio,Pistachio,IMG_1987_c008,IMG_1987.jpg,expanded_u2net,IMG_2019_r02_c01.jpg,IMG_2019.jpg,6,160,42,33,20260917
truffle_pistachio_0010,data/synthetic_slots/v1/dataset/images/train/truffle_pistachio/truffle_pistachio_0010.jpg,train,occupied,truffle_pistachio,Pistachio,IMG_1987_c008,IMG_1987.jpg,expanded_u2net,IMG_2025_r04_c01.jpg,IMG_2025.jpg,16,180,41,29,20260917
truffle_pistachio_0011,data/synthetic_slots/v1/dataset/images/train/truffle_pistachio/truffle_pistachio_0011.jpg,train,occupied,truffle_pistachio,Pistachio,IMG_1987_c008,IMG_1987.jpg,expanded_u2net,IMG_2029_r02_c04.jpg,IMG_2029.jpg,30,182,22,29,20260917
truffle_pistachio_0012,data/synthetic_slots/v1/dataset/images/train/truffle_pistachio/truffle_pistachio_0012.jpg,train,occupied,truffle_pistachio,Pistachio,IMG_1987_c008,IMG_1987.jpg,expanded_u2net,IMG_2031_r03_c05.jpg,IMG_2031.jpg,50,171,43,17,20260917
truffle_pistachio_0013,data/synthetic_slots/v1/dataset/images/train/truffle_pistachio/truffle_pistachio_0013.jpg,train,occupied,truffle_pistachio,Pistachio,IMG_1987_c008,IMG_1987.jpg,expanded_u2net,IMG_2021_r01_c01.jpg,IMG_2021.jpg,6,160,42,37,20260917
truffle_pistachio_0014,data/synthetic_slots/v1/dataset/images/train/truffle_pistachio/truffle_pistachio_0014.jpg,train,occupied,truffle_pistachio,Pistachio,IMG_1987_c008,IMG_1987.jpg,expanded_u2net,IMG_2024_r03_c04.jpg,IMG_2024.jpg,16,167,28,32,20260917
truffle_pistachio_0015,data/synthetic_slots/v1/dataset/images/train/truffle_pistachio/truffle_pistachio_0015.jpg,train,occupied,truffle_pistachio,Pistachio,IMG_1987_c008,IMG_1987.jpg,expanded_u2net,IMG_2027_r01_c02.jpg,IMG_2027.jpg,30,181,31,18,20260917
truffle_pistachio_0016,data/synthetic_slots/v1/dataset/images/train/truffle_pistachio/truffle_pistachio_0016.jpg,train,occupied,truffle_pistachio,Pistachio,IMG_1987_c008,IMG_1987.jpg,expanded_u2net,IMG_2033_r06_c04.jpg,IMG_2033.jpg,50,183,23,22,20260917
truffle_pistachio_0017,data/synthetic_slots/v1/dataset/images/train/truffle_pistachio/truffle_pistachio_0017.jpg,train,occupied,truffle_pistachio,Pistachio,IMG_1987_c008,IMG_1987.jpg,expanded_u2net,IMG_2019_r03_c01.jpg,IMG_2019.jpg,6,163,32,39,20260917
truffle_pistachio_0018,data/synthetic_slots/v1/dataset/images/train/truffle_pistachio/truffle_pistachio_0018.jpg,train,occupied,truffle_pistachio,Pistachio,IMG_1987_c008,IMG_1987.jpg,expanded_u2net,IMG_2022_r02_c04.jpg,IMG_2022.jpg,16,171,34,24,20260917
truffle_pistachio_0019,data/synthetic_slots/v1/dataset/images/train/truffle_pistachio/truffle_pistachio_0019.jpg,train,occupied,truffle_pistachio,Pistachio,IMG_1987_c008,IMG_1987.jpg,expanded_u2net,IMG_2029_r06_c05.jpg,IMG_2029.jpg,30,160,39,40,20260917
truffle_pistachio_0020,data/synthetic_slots/v1/dataset/images/train/truffle_pistachio/truffle_pistachio_0020.jpg,train,occupied,truffle_pistachio,Pistachio,IMG_1987_c008,IMG_1987.jpg,expanded_u2net,IMG_2032_r04_c04.jpg,IMG_2032.jpg,50,164,30,39,20260917
truffle_pistachio_0021,data/synthetic_slots/v1/dataset/images/train/truffle_pistachio/truffle_pistachio_0021.jpg,train,occupied,truffle_pistachio,Pistachio,IMG_1987_c008,IMG_1987.jpg,expanded_u2net,IMG_2019_r01_c02.jpg,IMG_2019.jpg,6,145,42,31,20260917
truffle_pistachio_0022,data/synthetic_slots/v1/dataset/images/train/truffle_pistachio/truffle_pistachio_0022.jpg,train,occupied,truffle_pistachio,Pistachio,IMG_1987_c008,IMG_1987.jpg,expanded_u2net,IMG_2026_r02_c04.jpg,IMG_2026.jpg,16,146,49,32,20260917
truffle_pistachio_0023,data/synthetic_slots/v1/dataset/images/train/truffle_pistachio/truffle_pistachio_0023.jpg,train,occupied,truffle_pistachio,Pistachio,IMG_1987_c008,IMG_1987.jpg,expanded_u2net,IMG_2027_r02_c05.jpg,IMG_2027.jpg,30,158,45,28,20260917
truffle_pistachio_0024,data/synthetic_slots/v1/dataset/images/train/truffle_pistachio/truffle_pistachio_0024.jpg,train,occupied,truffle_pistachio,Pistachio,IMG_1987_c008,IMG_1987.jpg,expanded_u2net,IMG_2033_r01_c05.jpg,IMG_2033.jpg,50,146,52,37,20260917
truffle_pistachio_0025,data/synthetic_slots/v1/dataset/images/train/truffle_pistachio/truffle_pistachio_0025.jpg,train,occupied,truffle_pistachio,Pistachio,IMG_1987_c008,IMG_1987.jpg,expanded_u2net,IMG_2019_r02_c01.jpg,IMG_2019.jpg,6,145,56,38,20260917
truffle_pistachio_0026,data/synthetic_slots/v1/dataset/images/train/truffle_pistachio/truffle_pistachio_0026.jpg,train,occupied,truffle_pistachio,Pistachio,IMG_1987_c008,IMG_1987.jpg,expanded_u2net,IMG_2022_r01_c04.jpg,IMG_2022.jpg,16,160,39,27,20260917
truffle_pistachio_0027,data/synthetic_slots/v1/dataset/images/train/truffle_pistachio/truffle_pistachio_0027.jpg,train,occupied,truffle_pistachio,Pistachio,IMG_1987_c008,IMG_1987.jpg,expanded_u2net,IMG_2029_r05_c01.jpg,IMG_2029.jpg,30,168,27,28,20260917
truffle_pistachio_0028,data/synthetic_slots/v1/dataset/images/train/truffle_pistachio/truffle_pistachio_0028.jpg,train,occupied,truffle_pistachio,Pistachio,IMG_1987_c008,IMG_1987.jpg,expanded_u2net,IMG_2033_r05_c02.jpg,IMG_2033.jpg,50,178,25,15,20260917
truffle_pistachio_0029,data/synthetic_slots/v1/dataset/images/train/truffle_pistachio/truffle_pistachio_0029.jpg,train,occupied,truffle_pistachio,Pistachio,IMG_1987_c008,IMG_1987.jpg,expanded_u2net,IMG_2019_r02_c01.jpg,IMG_2019.jpg,6,176,35,21,20260917
truffle_pistachio_0030,data/synthetic_slots/v1/dataset/images/train/truffle_pistachio/truffle_pistachio_0030.jpg,train,occupied,truffle_pistachio,Pistachio,IMG_1987_c008,IMG_1987.jpg,expanded_u2net,IMG_2026_r01_c03.jpg,IMG_2026.jpg,16,179,21,27,20260917
truffle_pistachio_0031,data/synthetic_slots/v1/dataset/images/train/truffle_pistachio/truffle_pistachio_0031.jpg,train,occupied,truffle_pistachio,Pistachio,IMG_1987_c008,IMG_1987.jpg,expanded_u2net,IMG_2028_r06_c04.jpg,IMG_2028.jpg,30,185,30,15,20260917
truffle_pistachio_0032,data/synthetic_slots/v1/dataset/images/train/truffle_pistachio/truffle_pistachio_0032.jpg,train,occupied,truffle_pistachio,Pistachio,IMG_1987_c008,IMG_1987.jpg,expanded_u2net,IMG_2032_r01_c05.jpg,IMG_2032.jpg,50,146,37,34,20260917
truffle_pistachio_0033,data/synthetic_slots/v1/dataset/images/train/truffle_pistachio/truffle_pistachio_0033.jpg,train,occupied,truffle_pistachio,Pistachio,IMG_1987_c008,IMG_1987.jpg,expanded_u2net,IMG_2019_r02_c01.jpg,IMG_2019.jpg,6,148,51,46,20260917
truffle_pistachio_0034,data/synthetic_slots/v1/dataset/images/train/truffle_pistachio/truffle_pistachio_0034.jpg,train,occupied,truffle_pistachio,Pistachio,IMG_1987_c008,IMG_1987.jpg,expanded_u2net,IMG_2026_r03_c02.jpg,IMG_2026.jpg,16,165,47,27,20260917
truffle_pistachio_0035,data/synthetic_slots/v1/dataset/images/train/truffle_pistachio/truffle_pistachio_0035.jpg,train,occupied,truffle_pistachio,Pistachio,IMG_1987_c008,IMG_1987.jpg,expanded_u2net,IMG_2028_r01_c02.jpg,IMG_2028.jpg,30,173,43,20,20260917
truffle_pistachio_0036,data/synthetic_slots/v1/dataset/images/train/truffle_pistachio/truffle_pistachio_0036.jpg,train,occupied,truffle_pistachio,Pistachio,IMG_1987_c008,IMG_1987.jpg,expanded_u2net,IMG_2032_r03_c04.jpg,IMG_2032.jpg,50,148,43,47,20260917
truffle_pistachio_0037,data/synthetic_slots/v1/dataset/images/train/truffle_pistachio/truffle_pistachio_0037.jpg,train,occupied,truffle_pistachio,Pistachio,IMG_1987_c008,IMG_1987.jpg,expanded_u2net,IMG_2019_r02_c02.jpg,IMG_2019.jpg,6,179,27,31,20260917
truffle_pistachio_0038,data/synthetic_slots/v1/dataset/images/train/truffle_pistachio/truffle_pistachio_0038.jpg,train,occupied,truffle_pistachio,Pistachio,IMG_1987_c008,IMG_1987.jpg,expanded_u2net,IMG_2024_r04_c03.jpg,IMG_2024.jpg,16,170,29,25,20260917
truffle_pistachio_0039,data/synthetic_slots/v1/dataset/images/train/truffle_pistachio/truffle_pistachio_0039.jpg,train,occupied,truffle_pistachio,Pistachio,IMG_1987_c008,IMG_1987.jpg,expanded_u2net,IMG_2027_r02_c05.jpg,IMG_2027.jpg,30,176,22,29,20260917
truffle_pistachio_0040,data/synthetic_slots/v1/dataset/images/train/truffle_pistachio/truffle_pistachio_0040.jpg,train,occupied,truffle_pistachio,Pistachio,IMG_1987_c008,IMG_1987.jpg,expanded_u2net,IMG_2031_r03_c02.jpg,IMG_2031.jpg,50,177,24,19,20260917
truffle_pistachio_0041,data/synthetic_slots/v1/dataset/images/train/truffle_pistachio/truffle_pistachio_0041.jpg,train,occupied,truffle_pistachio,Pistachio,IMG_1987_c008,IMG_1987.jpg,expanded_u2net,IMG_2019_r03_c02.jpg,IMG_2019.jpg,6,173,32,22,20260917
truffle_pistachio_0042,data/synthetic_slots/v1/dataset/images/train/truffle_pistachio/truffle_pistachio_0042.jpg,train,occupied,truffle_pistachio,Pistachio,IMG_1987_c008,IMG_1987.jpg,expanded_u2net,IMG_2026_r03_c03.jpg,IMG_2026.jpg,16,185,21,23,20260917
truffle_pistachio_0043,data/synthetic_slots/v1/dataset/images/train/truffle_pistachio/truffle_pistachio_0043.jpg,train,occupied,truffle_pistachio,Pistachio,IMG_1987_c008,IMG_1987.jpg,expanded_u2net,IMG_2029_r03_c04.jpg,IMG_2029.jpg,30,177,24,27,20260917
truffle_pistachio_0044,data/synthetic_slots/v1/dataset/images/train/truffle_pistachio/truffle_pistachio_0044.jpg,train,occupied,truffle_pistachio,Pistachio,IMG_1987_c008,IMG_1987.jpg,expanded_u2net,IMG_2031_r01_c03.jpg,IMG_2031.jpg,50,162,46,33,20260917
truffle_pistachio_0045,data/synthetic_slots/v1/dataset/images/train/truffle_pistachio/truffle_pistachio_0045.jpg,train,occupied,truffle_pistachio,Pistachio,IMG_1987_c008,IMG_1987.jpg,expanded_u2net,IMG_2021_r02_c02.jpg,IMG_2021.jpg,6,151,46,31,20260917
truffle_pistachio_0046,data/synthetic_slots/v1/dataset/images/train/truffle_pistachio/truffle_pistachio_0046.jpg,train,occupied,truffle_pistachio,Pistachio,IMG_1987_c008,IMG_1987.jpg,expanded_u2net,IMG_2022_r01_c02.jpg,IMG_2022.jpg,16,180,20,31,20260917
truffle_pistachio_0047,data/synthetic_slots/v1/dataset/images/train/truffle_pistachio/truffle_pistachio_0047.jpg,train,occupied,truffle_pistachio,Pistachio,IMG_1987_c008,IMG_1987.jpg,expanded_u2net,IMG_2029_r04_c04.jpg,IMG_2029.jpg,30,154,35,27,20260917
truffle_pistachio_0048,data/synthetic_slots/v1/dataset/images/train/truffle_pistachio/truffle_pistachio_0048.jpg,train,occupied,truffle_pistachio,Pistachio,IMG_1987_c008,IMG_1987.jpg,expanded_u2net,IMG_2032_r06_c04.jpg,IMG_2032.jpg,50,184,20,21,20260917
truffle_pistachio_0049,data/synthetic_slots/v1/dataset/images/train/truffle_pistachio/truffle_pistachio_0049.jpg,train,occupied,truffle_pistachio,Pistachio,IMG_1987_c008,IMG_1987.jpg,expanded_u2net,IMG_2021_r02_c01.jpg,IMG_2021.jpg,6,155,33,41,20260917
truffle_pistachio_0050,data/synthetic_slots/v1/dataset/images/train/truffle_pistachio/truffle_pistachio_0050.jpg,train,occupied,truffle_pistachio,Pistachio,IMG_1987_c008,IMG_1987.jpg,expanded_u2net,IMG_2025_r02_c03.jpg,IMG_2025.jpg,16,157,42,25,20260917
truffle_pistachio_0051,data/synthetic_slots/v1/dataset/images/train/truffle_pistachio/truffle_pistachio_0051.jpg,train,occupied,truffle_pistachio,Pistachio,IMG_1987_c008,IMG_1987.jpg,expanded_u2net,IMG_2028_r05_c01.jpg,IMG_2028.jpg,30,146,37,43,20260917
truffle_pistachio_0052,data/synthetic_slots/v1/dataset/images/train/truffle_pistachio/truffle_pistachio_0052.jpg,train,occupied,truffle_pistachio,Pistachio,IMG_1987_c008,IMG_1987.jpg,expanded_u2net,IMG_2033_r02_c05.jpg,IMG_2033.jpg,50,173,39,25,20260917
truffle_pistachio_0053,data/synthetic_slots/v1/dataset/images/train/truffle_pistachio/truffle_pistachio_0053.jpg,train,occupied,truffle_pistachio,Pistachio,IMG_1987_c008,IMG_1987.jpg,expanded_u2net,IMG_2021_r01_c01.jpg,IMG_2021.jpg,6,174,24,23,20260917
truffle_pistachio_0054,data/synthetic_slots/v1/dataset/images/train/truffle_pistachio/truffle_pistachio_0054.jpg,train,occupied,truffle_pistachio,Pistachio,IMG_1987_c008,IMG_1987.jpg,expanded_u2net,IMG_2022_r01_c04.jpg,IMG_2022.jpg,16,174,32,25,20260917
truffle_pistachio_0055,data/synthetic_slots/v1/dataset/images/train/truffle_pistachio/truffle_pistachio_0055.jpg,train,occupied,truffle_pistachio,Pistachio,IMG_1987_c008,IMG_1987.jpg,expanded_u2net,IMG_2027_r06_c02.jpg,IMG_2027.jpg,30,170,29,35,20260917
truffle_pistachio_0056,data/synthetic_slots/v1/dataset/images/train/truffle_pistachio/truffle_pistachio_0056.jpg,train,occupied,truffle_pistachio,Pistachio,IMG_1987_c008,IMG_1987.jpg,expanded_u2net,IMG_2031_r09_c04.jpg,IMG_2031.jpg,50,153,47,32,20260917
truffle_pistachio_0057,data/synthetic_slots/v1/dataset/images/train/truffle_pistachio/truffle_pistachio_0057.jpg,train,occupied,truffle_pistachio,Pistachio,IMG_1987_c008,IMG_1987.jpg,expanded_u2net,IMG_2019_r01_c01.jpg,IMG_2019.jpg,6,180,23,26,20260917
truffle_pistachio_0058,data/synthetic_slots/v1/dataset/images/train/truffle_pistachio/truffle_pistachio_0058.jpg,train,occupied,truffle_pistachio,Pistachio,IMG_1987_c008,IMG_1987.jpg,expanded_u2net,IMG_2026_r04_c03.jpg,IMG_2026.jpg,16,159,44,39,20260917
truffle_pistachio_0059,data/synthetic_slots/v1/dataset/images/train/truffle_pistachio/truffle_pistachio_0059.jpg,train,occupied,truffle_pistachio,Pistachio,IMG_1987_c008,IMG_1987.jpg,expanded_u2net,IMG_2028_r01_c03.jpg,IMG_2028.jpg,30,146,42,34,20260917
truffle_pistachio_0060,data/synthetic_slots/v1/dataset/images/train/truffle_pistachio/truffle_pistachio_0060.jpg,train,occupied,truffle_pistachio,Pistachio,IMG_1987_c008,IMG_1987.jpg,expanded_u2net,IMG_2033_r01_c04.jpg,IMG_2033.jpg,50,150,43,46,20260917
truffle_pistachio_0061,data/synthetic_slots/v1/dataset/images/train/truffle_pistachio/truffle_pistachio_0061.jpg,train,occupied,truffle_pistachio,Pistachio,IMG_1987_c008,IMG_1987.jpg,expanded_u2net,IMG_2019_r03_c01.jpg,IMG_2019.jpg,6,160,42,29,20260917
truffle_pistachio_0062,data/synthetic_slots/v1/dataset/images/train/truffle_pistachio/truffle_pistachio_0062.jpg,train,occupied,truffle_pistachio,Pistachio,IMG_1987_c008,IMG_1987.jpg,expanded_u2net,IMG_2025_r03_c02.jpg,IMG_2025.jpg,16,168,37,21,20260917
truffle_pistachio_0063,data/synthetic_slots/v1/dataset/images/train/truffle_pistachio/truffle_pistachio_0063.jpg,train,occupied,truffle_pistachio,Pistachio,IMG_1987_c008,IMG_1987.jpg,expanded_u2net,IMG_2027_r03_c04.jpg,IMG_2027.jpg,30,164,31,29,20260917
truffle_pistachio_0064,data/synthetic_slots/v1/dataset/images/train/truffle_pistachio/truffle_pistachio_0064.jpg,train,occupied,truffle_pistachio,Pistachio,IMG_1987_c008,IMG_1987.jpg,expanded_u2net,IMG_2033_r09_c02.jpg,IMG_2033.jpg,50,182,36,19,20260917
truffle_pistachio_0065,data/synthetic_slots/v1/dataset/images/train/truffle_pistachio/truffle_pistachio_0065.jpg,train,occupied,truffle_pistachio,Pistachio,IMG_1987_c008,IMG_1987.jpg,expanded_u2net,IMG_2019_r03_c01.jpg,IMG_2019.jpg,6,183,20,19,20260917
truffle_pistachio_0066,data/synthetic_slots/v1/dataset/images/train/truffle_pistachio/truffle_pistachio_0066.jpg,train,occupied,truffle_pistachio,Pistachio,IMG_1987_c008,IMG_1987.jpg,expanded_u2net,IMG_2025_r02_c03.jpg,IMG_2025.jpg,16,167,32,32,20260917
truffle_pistachio_0067,data/synthetic_slots/v1/dataset/images/train/truffle_pistachio/truffle_pistachio_0067.jpg,train,occupied,truffle_pistachio,Pistachio,IMG_1987_c008,IMG_1987.jpg,expanded_u2net,IMG_2029_r03_c03.jpg,IMG_2029.jpg,30,157,44,28,20260917
truffle_pistachio_0068,data/synthetic_slots/v1/dataset/images/train/truffle_pistachio/truffle_pistachio_0068.jpg,train,occupied,truffle_pistachio,Pistachio,IMG_1987_c008,IMG_1987.jpg,expanded_u2net,IMG_2033_r08_c04.jpg,IMG_2033.jpg,50,164,48,39,20260917
truffle_pistachio_0069,data/synthetic_slots/v1/dataset/images/train/truffle_pistachio/truffle_pistachio_0069.jpg,train,occupied,truffle_pistachio,Pistachio,IMG_1987_c008,IMG_1987.jpg,expanded_u2net,IMG_2021_r03_c02.jpg,IMG_2021.jpg,6,182,36,23,20260917
truffle_pistachio_0070,data/synthetic_slots/v1/dataset/images/train/truffle_pistachio/truffle_pistachio_0070.jpg,train,occupied,truffle_pistachio,Pistachio,IMG_1987_c008,IMG_1987.jpg,expanded_u2net,IMG_2025_r04_c03.jpg,IMG_2025.jpg,16,158,38,35,20260917
truffle_pistachio_0071,data/synthetic_slots/v1/dataset/images/train/truffle_pistachio/truffle_pistachio_0071.jpg,train,occupied,truffle_pistachio,Pistachio,IMG_1987_c008,IMG_1987.jpg,expanded_u2net,IMG_2029_r02_c04.jpg,IMG_2029.jpg,30,180,30,27,20260917
truffle_pistachio_0072,data/synthetic_slots/v1/dataset/images/train/truffle_pistachio/truffle_pistachio_0072.jpg,train,occupied,truffle_pistachio,Pistachio,IMG_1987_c008,IMG_1987.jpg,expanded_u2net,IMG_2032_r06_c04.jpg,IMG_2032.jpg,50,179,25,13,20260917
truffle_pistachio_0073,data/synthetic_slots/v1/dataset/images/train/truffle_pistachio/truffle_pistachio_0073.jpg,train,occupied,truffle_pistachio,Pistachio,IMG_1987_c008,IMG_1987.jpg,expanded_u2net,IMG_2021_r01_c01.jpg,IMG_2021.jpg,6,159,32,30,20260917
truffle_pistachio_0074,data/synthetic_slots/v1/dataset/images/train/truffle_pistachio/truffle_pistachio_0074.jpg,train,occupied,truffle_pistachio,Pistachio,IMG_1987_c008,IMG_1987.jpg,expanded_u2net,IMG_2025_r04_c02.jpg,IMG_2025.jpg,16,148,45,43,20260917
truffle_pistachio_0075,data/synthetic_slots/v1/dataset/images/train/truffle_pistachio/truffle_pistachio_0075.jpg,train,occupied,truffle_pistachio,Pistachio,IMG_1987_c008,IMG_1987.jpg,expanded_u2net,IMG_2027_r05_c01.jpg,IMG_2027.jpg,30,182,36,16,20260917
truffle_pistachio_0076,data/synthetic_slots/v1/dataset/images/train/truffle_pistachio/truffle_pistachio_0076.jpg,train,occupied,truffle_pistachio,Pistachio,IMG_1987_c008,IMG_1987.jpg,expanded_u2net,IMG_2033_r09_c04.jpg,IMG_2033.jpg,50,153,45,43,20260917
truffle_pistachio_0077,data/synthetic_slots/v1/dataset/images/train/truffle_pistachio/truffle_pistachio_0077.jpg,train,occupied,truffle_pistachio,Pistachio,IMG_1987_c008,IMG_1987.jpg,expanded_u2net,IMG_2019_r02_c02.jpg,IMG_2019.jpg,6,169,26,32,20260917
truffle_pistachio_0078,data/synthetic_slots/v1/dataset/images/train/truffle_pistachio/truffle_pistachio_0078.jpg,train,occupied,truffle_pistachio,Pistachio,IMG_1987_c008,IMG_1987.jpg,expanded_u2net,IMG_2024_r03_c02.jpg,IMG_2024.jpg,16,184,35,22,20260917
truffle_pistachio_0079,data/synthetic_slots/v1/dataset/images/train/truffle_pistachio/truffle_pistachio_0079.jpg,train,occupied,truffle_pistachio,Pistachio,IMG_1987_c008,IMG_1987.jpg,expanded_u2net,IMG_2027_r06_c01.jpg,IMG_2027.jpg,30,177,25,28,20260917
truffle_pistachio_0080,data/synthetic_slots/v1/dataset/images/train/truffle_pistachio/truffle_pistachio_0080.jpg,train,occupied,truffle_pistachio,Pistachio,IMG_1987_c008,IMG_1987.jpg,expanded_u2net,IMG_2033_r10_c04.jpg,IMG_2033.jpg,50,156,48,40,20260917
truffle_pistachio_0081,data/synthetic_slots/v1/dataset/images/validation/truffle_pistachio/truffle_pistachio_0081.jpg,validation,occupied,truffle_pistachio,Pistachio,IMG_1987_c008,IMG_1987.jpg,expanded_u2net,IMG_2020_r02_c01.jpg,IMG_2020.jpg,6,167,40,27,20260917
truffle_pistachio_0082,data/synthetic_slots/v1/dataset/images/validation/truffle_pistachio/truffle_pistachio_0082.jpg,validation,occupied,truffle_pistachio,Pistachio,IMG_1987_c008,IMG_1987.jpg,expanded_u2net,IMG_2023_r03_c03.jpg,IMG_2023.jpg,16,184,20,14,20260917
truffle_pistachio_0083,data/synthetic_slots/v1/dataset/images/validation/truffle_pistachio/truffle_pistachio_0083.jpg,validation,occupied,truffle_pistachio,Pistachio,IMG_1987_c008,IMG_1987.jpg,expanded_u2net,IMG_2030_r01_c04.jpg,IMG_2030.jpg,30,170,28,32,20260917
truffle_pistachio_0084,data/synthetic_slots/v1/dataset/images/validation/truffle_pistachio/truffle_pistachio_0084.jpg,validation,occupied,truffle_pistachio,Pistachio,IMG_1987_c008,IMG_1987.jpg,expanded_u2net,IMG_2034_r02_c01.jpg,IMG_2034.jpg,50,168,29,37,20260917
truffle_pistachio_0085,data/synthetic_slots/v1/dataset/images/validation/truffle_pistachio/truffle_pistachio_0085.jpg,validation,occupied,truffle_pistachio,Pistachio,IMG_1987_c008,IMG_1987.jpg,expanded_u2net,IMG_2020_r02_c01.jpg,IMG_2020.jpg,6,163,45,24,20260917
truffle_pistachio_0086,data/synthetic_slots/v1/dataset/images/validation/truffle_pistachio/truffle_pistachio_0086.jpg,validation,occupied,truffle_pistachio,Pistachio,IMG_1987_c008,IMG_1987.jpg,expanded_u2net,IMG_2023_r03_c01.jpg,IMG_2023.jpg,16,146,42,30,20260917
truffle_pistachio_0087,data/synthetic_slots/v1/dataset/images/validation/truffle_pistachio/truffle_pistachio_0087.jpg,validation,occupied,truffle_pistachio,Pistachio,IMG_1987_c008,IMG_1987.jpg,expanded_u2net,IMG_2030_r06_c02.jpg,IMG_2030.jpg,30,155,40,35,20260917
truffle_pistachio_0088,data/synthetic_slots/v1/dataset/images/validation/truffle_pistachio/truffle_pistachio_0088.jpg,validation,occupied,truffle_pistachio,Pistachio,IMG_1987_c008,IMG_1987.jpg,expanded_u2net,IMG_2034_r08_c02.jpg,IMG_2034.jpg,50,175,35,31,20260917
truffle_pistachio_0089,data/synthetic_slots/v1/dataset/images/validation/truffle_pistachio/truffle_pistachio_0089.jpg,validation,occupied,truffle_pistachio,Pistachio,IMG_1987_c008,IMG_1987.jpg,expanded_u2net,IMG_2020_r02_c01.jpg,IMG_2020.jpg,6,147,40,36,20260917
truffle_pistachio_0090,data/synthetic_slots/v1/dataset/images/validation/truffle_pistachio/truffle_pistachio_0090.jpg,validation,occupied,truffle_pistachio,Pistachio,IMG_1987_c008,IMG_1987.jpg,expanded_u2net,IMG_2023_r04_c01.jpg,IMG_2023.jpg,16,151,38,28,20260917
truffle_pistachio_0091,data/synthetic_slots/v1/dataset/images/validation/truffle_pistachio/truffle_pistachio_0091.jpg,validation,occupied,truffle_pistachio,Pistachio,IMG_1987_c008,IMG_1987.jpg,expanded_u2net,IMG_2030_r01_c05.jpg,IMG_2030.jpg,30,158,45,30,20260917
truffle_pistachio_0092,data/synthetic_slots/v1/dataset/images/validation/truffle_pistachio/truffle_pistachio_0092.jpg,validation,occupied,truffle_pistachio,Pistachio,IMG_1987_c008,IMG_1987.jpg,expanded_u2net,IMG_2034_r06_c05.jpg,IMG_2034.jpg,50,182,38,18,20260917
truffle_pistachio_0093,data/synthetic_slots/v1/dataset/images/validation/truffle_pistachio/truffle_pistachio_0093.jpg,validation,occupied,truffle_pistachio,Pistachio,IMG_1987_c008,IMG_1987.jpg,expanded_u2net,IMG_2020_r01_c02.jpg,IMG_2020.jpg,6,158,37,30,20260917
truffle_pistachio_0094,data/synthetic_slots/v1/dataset/images/validation/truffle_pistachio/truffle_pistachio_0094.jpg,validation,occupied,truffle_pistachio,Pistachio,IMG_1987_c008,IMG_1987.jpg,expanded_u2net,IMG_2023_r04_c01.jpg,IMG_2023.jpg,16,162,30,28,20260917
truffle_pistachio_0095,data/synthetic_slots/v1/dataset/images/validation/truffle_pistachio/truffle_pistachio_0095.jpg,validation,occupied,truffle_pistachio,Pistachio,IMG_1987_c008,IMG_1987.jpg,expanded_u2net,IMG_2030_r05_c05.jpg,IMG_2030.jpg,30,164,46,34,20260917
truffle_pistachio_0096,data/synthetic_slots/v1/dataset/images/validation/truffle_pistachio/truffle_pistachio_0096.jpg,validation,occupied,truffle_pistachio,Pistachio,IMG_1987_c008,IMG_1987.jpg,expanded_u2net,IMG_2034_r08_c04.jpg,IMG_2034.jpg,50,150,45,36,20260917
truffle_pistachio_0097,data/synthetic_slots/v1/dataset/images/validation/truffle_pistachio/truffle_pistachio_0097.jpg,validation,occupied,truffle_pistachio,Pistachio,IMG_1987_c008,IMG_1987.jpg,expanded_u2net,IMG_2020_r02_c02.jpg,IMG_2020.jpg,6,165,37,35,20260917
truffle_pistachio_0098,data/synthetic_slots/v1/dataset/images/validation/truffle_pistachio/truffle_pistachio_0098.jpg,validation,occupied,truffle_pistachio,Pistachio,IMG_1987_c008,IMG_1987.jpg,expanded_u2net,IMG_2023_r01_c02.jpg,IMG_2023.jpg,16,152,50,34,20260917
truffle_pistachio_0099,data/synthetic_slots/v1/dataset/images/validation/truffle_pistachio/truffle_pistachio_0099.jpg,validation,occupied,truffle_pistachio,Pistachio,IMG_1987_c008,IMG_1987.jpg,expanded_u2net,IMG_2030_r06_c05.jpg,IMG_2030.jpg,30,177,29,17,20260917
truffle_pistachio_0100,data/synthetic_slots/v1/dataset/images/validation/truffle_pistachio/truffle_pistachio_0100.jpg,validation,occupied,truffle_pistachio,Pistachio,IMG_1987_c008,IMG_1987.jpg,expanded_u2net,IMG_2034_r09_c02.jpg,IMG_2034.jpg,50,154,47,39,20260917
truffle_pumpkin_spice_latte_0001,data/synthetic_slots/v1/dataset/images/train/truffle_pumpkin_spice_latte/truffle_pumpkin_spice_latte_0001.jpg,train,occupied,truffle_pumpkin_spice_latte,Pumpkin Spice Latte,IMG_1963_c011,IMG_1963.jpg,expanded_u2net,IMG_2021_r03_c02.jpg,IMG_2021.jpg,6,166,31,23,20260917
truffle_pumpkin_spice_latte_0002,data/synthetic_slots/v1/dataset/images/train/truffle_pumpkin_spice_latte/truffle_pumpkin_spice_latte_0002.jpg,train,occupied,truffle_pumpkin_spice_latte,Pumpkin Spice Latte,IMG_1963_c011,IMG_1963.jpg,expanded_u2net,IMG_2025_r04_c02.jpg,IMG_2025.jpg,16,177,22,32,20260917
truffle_pumpkin_spice_latte_0003,data/synthetic_slots/v1/dataset/images/train/truffle_pumpkin_spice_latte/truffle_pumpkin_spice_latte_0003.jpg,train,occupied,truffle_pumpkin_spice_latte,Pumpkin Spice Latte,IMG_1963_c011,IMG_1963.jpg,expanded_u2net,IMG_2027_r06_c04.jpg,IMG_2027.jpg,30,159,38,37,20260917
truffle_pumpkin_spice_latte_0004,data/synthetic_slots/v1/dataset/images/train/truffle_pumpkin_spice_latte/truffle_pumpkin_spice_latte_0004.jpg,train,occupied,truffle_pumpkin_spice_latte,Pumpkin Spice Latte,IMG_1963_c011,IMG_1963.jpg,expanded_u2net,IMG_2032_r10_c01.jpg,IMG_2032.jpg,50,146,39,35,20260917
truffle_pumpkin_spice_latte_0005,data/synthetic_slots/v1/dataset/images/train/truffle_pumpkin_spice_latte/truffle_pumpkin_spice_latte_0005.jpg,train,occupied,truffle_pumpkin_spice_latte,Pumpkin Spice Latte,IMG_1963_c011,IMG_1963.jpg,expanded_u2net,IMG_2021_r01_c01.jpg,IMG_2021.jpg,6,159,39,29,20260917
truffle_pumpkin_spice_latte_0006,data/synthetic_slots/v1/dataset/images/train/truffle_pumpkin_spice_latte/truffle_pumpkin_spice_latte_0006.jpg,train,occupied,truffle_pumpkin_spice_latte,Pumpkin Spice Latte,IMG_1963_c011,IMG_1963.jpg,expanded_u2net,IMG_2022_r03_c03.jpg,IMG_2022.jpg,16,185,15,26,20260917
truffle_pumpkin_spice_latte_0007,data/synthetic_slots/v1/dataset/images/train/truffle_pumpkin_spice_latte/truffle_pumpkin_spice_latte_0007.jpg,train,occupied,truffle_pumpkin_spice_latte,Pumpkin Spice Latte,IMG_1963_c011,IMG_1963.jpg,expanded_u2net,IMG_2027_r06_c01.jpg,IMG_2027.jpg,30,159,25,23,20260917
truffle_pumpkin_spice_latte_0008,data/synthetic_slots/v1/dataset/images/train/truffle_pumpkin_spice_latte/truffle_pumpkin_spice_latte_0008.jpg,train,occupied,truffle_pumpkin_spice_latte,Pumpkin Spice Latte,IMG_1963_c011,IMG_1963.jpg,expanded_u2net,IMG_2033_r01_c05.jpg,IMG_2033.jpg,50,149,34,46,20260917
truffle_pumpkin_spice_latte_0009,data/synthetic_slots/v1/dataset/images/train/truffle_pumpkin_spice_latte/truffle_pumpkin_spice_latte_0009.jpg,train,occupied,truffle_pumpkin_spice_latte,Pumpkin Spice Latte,IMG_1963_c011,IMG_1963.jpg,expanded_u2net,IMG_2021_r02_c01.jpg,IMG_2021.jpg,6,155,43,36,20260917
truffle_pumpkin_spice_latte_0010,data/synthetic_slots/v1/dataset/images/train/truffle_pumpkin_spice_latte/truffle_pumpkin_spice_latte_0010.jpg,train,occupied,truffle_pumpkin_spice_latte,Pumpkin Spice Latte,IMG_1963_c011,IMG_1963.jpg,expanded_u2net,IMG_2026_r01_c04.jpg,IMG_2026.jpg,16,161,25,36,20260917
truffle_pumpkin_spice_latte_0011,data/synthetic_slots/v1/dataset/images/train/truffle_pumpkin_spice_latte/truffle_pumpkin_spice_latte_0011.jpg,train,occupied,truffle_pumpkin_spice_latte,Pumpkin Spice Latte,IMG_1963_c011,IMG_1963.jpg,expanded_u2net,IMG_2027_r03_c03.jpg,IMG_2027.jpg,30,154,38,38,20260917
truffle_pumpkin_spice_latte_0012,data/synthetic_slots/v1/dataset/images/train/truffle_pumpkin_spice_latte/truffle_pumpkin_spice_latte_0012.jpg,train,occupied,truffle_pumpkin_spice_latte,Pumpkin Spice Latte,IMG_1963_c011,IMG_1963.jpg,expanded_u2net,IMG_2032_r09_c04.jpg,IMG_2032.jpg,50,163,33,32,20260917
truffle_pumpkin_spice_latte_0013,data/synthetic_slots/v1/dataset/images/train/truffle_pumpkin_spice_latte/truffle_pumpkin_spice_latte_0013.jpg,train,occupied,truffle_pumpkin_spice_latte,Pumpkin Spice Latte,IMG_1963_c011,IMG_1963.jpg,expanded_u2net,IMG_2019_r01_c01.jpg,IMG_2019.jpg,6,156,35,41,20260917
truffle_pumpkin_spice_latte_0014,data/synthetic_slots/v1/dataset/images/train/truffle_pumpkin_spice_latte/truffle_pumpkin_spice_latte_0014.jpg,train,occupied,truffle_pumpkin_spice_latte,Pumpkin Spice Latte,IMG_1963_c011,IMG_1963.jpg,expanded_u2net,IMG_2024_r04_c04.jpg,IMG_2024.jpg,16,160,23,27,20260917
truffle_pumpkin_spice_latte_0015,data/synthetic_slots/v1/dataset/images/train/truffle_pumpkin_spice_latte/truffle_pumpkin_spice_latte_0015.jpg,train,occupied,truffle_pumpkin_spice_latte,Pumpkin Spice Latte,IMG_1963_c011,IMG_1963.jpg,expanded_u2net,IMG_2027_r02_c05.jpg,IMG_2027.jpg,30,153,39,32,20260917
truffle_pumpkin_spice_latte_0016,data/synthetic_slots/v1/dataset/images/train/truffle_pumpkin_spice_latte/truffle_pumpkin_spice_latte_0016.jpg,train,occupied,truffle_pumpkin_spice_latte,Pumpkin Spice Latte,IMG_1963_c011,IMG_1963.jpg,expanded_u2net,IMG_2032_r09_c01.jpg,IMG_2032.jpg,50,165,31,25,20260917
truffle_pumpkin_spice_latte_0017,data/synthetic_slots/v1/dataset/images/train/truffle_pumpkin_spice_latte/truffle_pumpkin_spice_latte_0017.jpg,train,occupied,truffle_pumpkin_spice_latte,Pumpkin Spice Latte,IMG_1963_c011,IMG_1963.jpg,expanded_u2net,IMG_2021_r02_c01.jpg,IMG_2021.jpg,6,178,31,17,20260917
truffle_pumpkin_spice_latte_0018,data/synthetic_slots/v1/dataset/images/train/truffle_pumpkin_spice_latte/truffle_pumpkin_spice_latte_0018.jpg,train,occupied,truffle_pumpkin_spice_latte,Pumpkin Spice Latte,IMG_1963_c011,IMG_1963.jpg,expanded_u2net,IMG_2025_r01_c02.jpg,IMG_2025.jpg,16,178,22,21,20260917
truffle_pumpkin_spice_latte_0019,data/synthetic_slots/v1/dataset/images/train/truffle_pumpkin_spice_latte/truffle_pumpkin_spice_latte_0019.jpg,train,occupied,truffle_pumpkin_spice_latte,Pumpkin Spice Latte,IMG_1963_c011,IMG_1963.jpg,expanded_u2net,IMG_2029_r05_c03.jpg,IMG_2029.jpg,30,175,31,33,20260917
truffle_pumpkin_spice_latte_0020,data/synthetic_slots/v1/dataset/images/train/truffle_pumpkin_spice_latte/truffle_pumpkin_spice_latte_0020.jpg,train,occupied,truffle_pumpkin_spice_latte,Pumpkin Spice Latte,IMG_1963_c011,IMG_1963.jpg,expanded_u2net,IMG_2031_r01_c01.jpg,IMG_2031.jpg,50,178,22,21,20260917
truffle_pumpkin_spice_latte_0021,data/synthetic_slots/v1/dataset/images/train/truffle_pumpkin_spice_latte/truffle_pumpkin_spice_latte_0021.jpg,train,occupied,truffle_pumpkin_spice_latte,Pumpkin Spice Latte,IMG_1963_c011,IMG_1963.jpg,expanded_u2net,IMG_2019_r01_c01.jpg,IMG_2019.jpg,6,150,41,34,20260917
truffle_pumpkin_spice_latte_0022,data/synthetic_slots/v1/dataset/images/train/truffle_pumpkin_spice_latte/truffle_pumpkin_spice_latte_0022.jpg,train,occupied,truffle_pumpkin_spice_latte,Pumpkin Spice Latte,IMG_1963_c011,IMG_1963.jpg,expanded_u2net,IMG_2026_r03_c03.jpg,IMG_2026.jpg,16,182,19,16,20260917
truffle_pumpkin_spice_latte_0023,data/synthetic_slots/v1/dataset/images/train/truffle_pumpkin_spice_latte/truffle_pumpkin_spice_latte_0023.jpg,train,occupied,truffle_pumpkin_spice_latte,Pumpkin Spice Latte,IMG_1963_c011,IMG_1963.jpg,expanded_u2net,IMG_2027_r06_c01.jpg,IMG_2027.jpg,30,185,12,24,20260917
truffle_pumpkin_spice_latte_0024,data/synthetic_slots/v1/dataset/images/train/truffle_pumpkin_spice_latte/truffle_pumpkin_spice_latte_0024.jpg,train,occupied,truffle_pumpkin_spice_latte,Pumpkin Spice Latte,IMG_1963_c011,IMG_1963.jpg,expanded_u2net,IMG_2033_r01_c04.jpg,IMG_2033.jpg,50,176,18,24,20260917
truffle_pumpkin_spice_latte_0025,data/synthetic_slots/v1/dataset/images/train/truffle_pumpkin_spice_latte/truffle_pumpkin_spice_latte_0025.jpg,train,occupied,truffle_pumpkin_spice_latte,Pumpkin Spice Latte,IMG_1963_c011,IMG_1963.jpg,expanded_u2net,IMG_2019_r01_c01.jpg,IMG_2019.jpg,6,183,18,21,20260917
truffle_pumpkin_spice_latte_0026,data/synthetic_slots/v1/dataset/images/train/truffle_pumpkin_spice_latte/truffle_pumpkin_spice_latte_0026.jpg,train,occupied,truffle_pumpkin_spice_latte,Pumpkin Spice Latte,IMG_1963_c011,IMG_1963.jpg,expanded_u2net,IMG_2026_r01_c04.jpg,IMG_2026.jpg,16,182,13,18,20260917
truffle_pumpkin_spice_latte_0027,data/synthetic_slots/v1/dataset/images/train/truffle_pumpkin_spice_latte/truffle_pumpkin_spice_latte_0027.jpg,train,occupied,truffle_pumpkin_spice_latte,Pumpkin Spice Latte,IMG_1963_c011,IMG_1963.jpg,expanded_u2net,IMG_2029_r06_c04.jpg,IMG_2029.jpg,30,161,26,30,20260917
truffle_pumpkin_spice_latte_0028,data/synthetic_slots/v1/dataset/images/train/truffle_pumpkin_spice_latte/truffle_pumpkin_spice_latte_0028.jpg,train,occupied,truffle_pumpkin_spice_latte,Pumpkin Spice Latte,IMG_1963_c011,IMG_1963.jpg,expanded_u2net,IMG_2032_r03_c05.jpg,IMG_2032.jpg,50,181,22,28,20260917
truffle_pumpkin_spice_latte_0029,data/synthetic_slots/v1/dataset/images/train/truffle_pumpkin_spice_latte/truffle_pumpkin_spice_latte_0029.jpg,train,occupied,truffle_pumpkin_spice_latte,Pumpkin Spice Latte,IMG_1963_c011,IMG_1963.jpg,expanded_u2net,IMG_2019_r01_c02.jpg,IMG_2019.jpg,6,161,29,34,20260917
truffle_pumpkin_spice_latte_0030,data/synthetic_slots/v1/dataset/images/train/truffle_pumpkin_spice_latte/truffle_pumpkin_spice_latte_0030.jpg,train,occupied,truffle_pumpkin_spice_latte,Pumpkin Spice Latte,IMG_1963_c011,IMG_1963.jpg,expanded_u2net,IMG_2024_r03_c01.jpg,IMG_2024.jpg,16,159,42,40,20260917
truffle_pumpkin_spice_latte_0031,data/synthetic_slots/v1/dataset/images/train/truffle_pumpkin_spice_latte/truffle_pumpkin_spice_latte_0031.jpg,train,occupied,truffle_pumpkin_spice_latte,Pumpkin Spice Latte,IMG_1963_c011,IMG_1963.jpg,expanded_u2net,IMG_2028_r03_c02.jpg,IMG_2028.jpg,30,177,29,14,20260917
truffle_pumpkin_spice_latte_0032,data/synthetic_slots/v1/dataset/images/train/truffle_pumpkin_spice_latte/truffle_pumpkin_spice_latte_0032.jpg,train,occupied,truffle_pumpkin_spice_latte,Pumpkin Spice Latte,IMG_1963_c011,IMG_1963.jpg,expanded_u2net,IMG_2031_r08_c01.jpg,IMG_2031.jpg,50,166,20,31,20260917
truffle_pumpkin_spice_latte_0033,data/synthetic_slots/v1/dataset/images/train/truffle_pumpkin_spice_latte/truffle_pumpkin_spice_latte_0033.jpg,train,occupied,truffle_pumpkin_spice_latte,Pumpkin Spice Latte,IMG_1963_c011,IMG_1963.jpg,expanded_u2net,IMG_2021_r03_c02.jpg,IMG_2021.jpg,6,183,29,17,20260917
truffle_pumpkin_spice_latte_0034,data/synthetic_slots/v1/dataset/images/train/truffle_pumpkin_spice_latte/truffle_pumpkin_spice_latte_0034.jpg,train,occupied,truffle_pumpkin_spice_latte,Pumpkin Spice Latte,IMG_1963_c011,IMG_1963.jpg,expanded_u2net,IMG_2022_r02_c01.jpg,IMG_2022.jpg,16,145,32,37,20260917
truffle_pumpkin_spice_latte_0035,data/synthetic_slots/v1/dataset/images/train/truffle_pumpkin_spice_latte/truffle_pumpkin_spice_latte_0035.jpg,train,occupied,truffle_pumpkin_spice_latte,Pumpkin Spice Latte,IMG_1963_c011,IMG_1963.jpg,expanded_u2net,IMG_2029_r02_c03.jpg,IMG_2029.jpg,30,171,18,22,20260917
truffle_pumpkin_spice_latte_0036,data/synthetic_slots/v1/dataset/images/train/truffle_pumpkin_spice_latte/truffle_pumpkin_spice_latte_0036.jpg,train,occupied,truffle_pumpkin_spice_latte,Pumpkin Spice Latte,IMG_1963_c011,IMG_1963.jpg,expanded_u2net,IMG_2032_r02_c03.jpg,IMG_2032.jpg,50,161,25,28,20260917
truffle_pumpkin_spice_latte_0037,data/synthetic_slots/v1/dataset/images/train/truffle_pumpkin_spice_latte/truffle_pumpkin_spice_latte_0037.jpg,train,occupied,truffle_pumpkin_spice_latte,Pumpkin Spice Latte,IMG_1963_c011,IMG_1963.jpg,expanded_u2net,IMG_2021_r01_c01.jpg,IMG_2021.jpg,6,175,32,16,20260917
truffle_pumpkin_spice_latte_0038,data/synthetic_slots/v1/dataset/images/train/truffle_pumpkin_spice_latte/truffle_pumpkin_spice_latte_0038.jpg,train,occupied,truffle_pumpkin_spice_latte,Pumpkin Spice Latte,IMG_1963_c011,IMG_1963.jpg,expanded_u2net,IMG_2025_r03_c01.jpg,IMG_2025.jpg,16,165,26,24,20260917
truffle_pumpkin_spice_latte_0039,data/synthetic_slots/v1/dataset/images/train/truffle_pumpkin_spice_latte/truffle_pumpkin_spice_latte_0039.jpg,train,occupied,truffle_pumpkin_spice_latte,Pumpkin Spice Latte,IMG_1963_c011,IMG_1963.jpg,expanded_u2net,IMG_2028_r06_c01.jpg,IMG_2028.jpg,30,176,20,18,20260917
truffle_pumpkin_spice_latte_0040,data/synthetic_slots/v1/dataset/images/train/truffle_pumpkin_spice_latte/truffle_pumpkin_spice_latte_0040.jpg,train,occupied,truffle_pumpkin_spice_latte,Pumpkin Spice Latte,IMG_1963_c011,IMG_1963.jpg,expanded_u2net,IMG_2033_r02_c04.jpg,IMG_2033.jpg,50,185,23,18,20260917
truffle_pumpkin_spice_latte_0041,data/synthetic_slots/v1/dataset/images/train/truffle_pumpkin_spice_latte/truffle_pumpkin_spice_latte_0041.jpg,train,occupied,truffle_pumpkin_spice_latte,Pumpkin Spice Latte,IMG_1963_c011,IMG_1963.jpg,expanded_u2net,IMG_2021_r01_c01.jpg,IMG_2021.jpg,6,164,31,33,20260917
truffle_pumpkin_spice_latte_0042,data/synthetic_slots/v1/dataset/images/train/truffle_pumpkin_spice_latte/truffle_pumpkin_spice_latte_0042.jpg,train,occupied,truffle_pumpkin_spice_latte,Pumpkin Spice Latte,IMG_1963_c011,IMG_1963.jpg,expanded_u2net,IMG_2026_r01_c04.jpg,IMG_2026.jpg,16,147,30,47,20260917
truffle_pumpkin_spice_latte_0043,data/synthetic_slots/v1/dataset/images/train/truffle_pumpkin_spice_latte/truffle_pumpkin_spice_latte_0043.jpg,train,occupied,truffle_pumpkin_spice_latte,Pumpkin Spice Latte,IMG_1963_c011,IMG_1963.jpg,expanded_u2net,IMG_2027_r01_c04.jpg,IMG_2027.jpg,30,154,27,41,20260917
truffle_pumpkin_spice_latte_0044,data/synthetic_slots/v1/dataset/images/train/truffle_pumpkin_spice_latte/truffle_pumpkin_spice_latte_0044.jpg,train,occupied,truffle_pumpkin_spice_latte,Pumpkin Spice Latte,IMG_1963_c011,IMG_1963.jpg,expanded_u2net,IMG_2032_r10_c03.jpg,IMG_2032.jpg,50,177,21,19,20260917
truffle_pumpkin_spice_latte_0045,data/synthetic_slots/v1/dataset/images/train/truffle_pumpkin_spice_latte/truffle_pumpkin_spice_latte_0045.jpg,train,occupied,truffle_pumpkin_spice_latte,Pumpkin Spice Latte,IMG_1963_c011,IMG_1963.jpg,expanded_u2net,IMG_2019_r03_c01.jpg,IMG_2019.jpg,6,169,21,22,20260917
truffle_pumpkin_spice_latte_0046,data/synthetic_slots/v1/dataset/images/train/truffle_pumpkin_spice_latte/truffle_pumpkin_spice_latte_0046.jpg,train,occupied,truffle_pumpkin_spice_latte,Pumpkin Spice Latte,IMG_1963_c011,IMG_1963.jpg,expanded_u2net,IMG_2026_r04_c04.jpg,IMG_2026.jpg,16,170,24,34,20260917
truffle_pumpkin_spice_latte_0047,data/synthetic_slots/v1/dataset/images/train/truffle_pumpkin_spice_latte/truffle_pumpkin_spice_latte_0047.jpg,train,occupied,truffle_pumpkin_spice_latte,Pumpkin Spice Latte,IMG_1963_c011,IMG_1963.jpg,expanded_u2net,IMG_2029_r04_c05.jpg,IMG_2029.jpg,30,176,23,25,20260917
truffle_pumpkin_spice_latte_0048,data/synthetic_slots/v1/dataset/images/train/truffle_pumpkin_spice_latte/truffle_pumpkin_spice_latte_0048.jpg,train,occupied,truffle_pumpkin_spice_latte,Pumpkin Spice Latte,IMG_1963_c011,IMG_1963.jpg,expanded_u2net,IMG_2031_r08_c01.jpg,IMG_2031.jpg,50,171,18,21,20260917
truffle_pumpkin_spice_latte_0049,data/synthetic_slots/v1/dataset/images/train/truffle_pumpkin_spice_latte/truffle_pumpkin_spice_latte_0049.jpg,train,occupied,truffle_pumpkin_spice_latte,Pumpkin Spice Latte,IMG_1963_c011,IMG_1963.jpg,expanded_u2net,IMG_2019_r02_c01.jpg,IMG_2019.jpg,6,161,39,36,20260917
truffle_pumpkin_spice_latte_0050,data/synthetic_slots/v1/dataset/images/train/truffle_pumpkin_spice_latte/truffle_pumpkin_spice_latte_0050.jpg,train,occupied,truffle_pumpkin_spice_latte,Pumpkin Spice Latte,IMG_1963_c011,IMG_1963.jpg,expanded_u2net,IMG_2025_r02_c04.jpg,IMG_2025.jpg,16,163,31,27,20260917
truffle_pumpkin_spice_latte_0051,data/synthetic_slots/v1/dataset/images/train/truffle_pumpkin_spice_latte/truffle_pumpkin_spice_latte_0051.jpg,train,occupied,truffle_pumpkin_spice_latte,Pumpkin Spice Latte,IMG_1963_c011,IMG_1963.jpg,expanded_u2net,IMG_2027_r02_c03.jpg,IMG_2027.jpg,30,173,21,16,20260917
truffle_pumpkin_spice_latte_0052,data/synthetic_slots/v1/dataset/images/train/truffle_pumpkin_spice_latte/truffle_pumpkin_spice_latte_0052.jpg,train,occupied,truffle_pumpkin_spice_latte,Pumpkin Spice Latte,IMG_1963_c011,IMG_1963.jpg,expanded_u2net,IMG_2031_r01_c04.jpg,IMG_2031.jpg,50,146,36,45,20260917
truffle_pumpkin_spice_latte_0053,data/synthetic_slots/v1/dataset/images/train/truffle_pumpkin_spice_latte/truffle_pumpkin_spice_latte_0053.jpg,train,occupied,truffle_pumpkin_spice_latte,Pumpkin Spice Latte,IMG_1963_c011,IMG_1963.jpg,expanded_u2net,IMG_2019_r01_c02.jpg,IMG_2019.jpg,6,185,22,23,20260917
truffle_pumpkin_spice_latte_0054,data/synthetic_slots/v1/dataset/images/train/truffle_pumpkin_spice_latte/truffle_pumpkin_spice_latte_0054.jpg,train,occupied,truffle_pumpkin_spice_latte,Pumpkin Spice Latte,IMG_1963_c011,IMG_1963.jpg,expanded_u2net,IMG_2024_r02_c04.jpg,IMG_2024.jpg,16,161,27,37,20260917
truffle_pumpkin_spice_latte_0055,data/synthetic_slots/v1/dataset/images/train/truffle_pumpkin_spice_latte/truffle_pumpkin_spice_latte_0055.jpg,train,occupied,truffle_pumpkin_spice_latte,Pumpkin Spice Latte,IMG_1963_c011,IMG_1963.jpg,expanded_u2net,IMG_2027_r01_c01.jpg,IMG_2027.jpg,30,147,45,40,20260917
truffle_pumpkin_spice_latte_0056,data/synthetic_slots/v1/dataset/images/train/truffle_pumpkin_spice_latte/truffle_pumpkin_spice_latte_0056.jpg,train,occupied,truffle_pumpkin_spice_latte,Pumpkin Spice Latte,IMG_1963_c011,IMG_1963.jpg,expanded_u2net,IMG_2032_r02_c03.jpg,IMG_2032.jpg,50,178,21,26,20260917
truffle_pumpkin_spice_latte_0057,data/synthetic_slots/v1/dataset/images/train/truffle_pumpkin_spice_latte/truffle_pumpkin_spice_latte_0057.jpg,train,occupied,truffle_pumpkin_spice_latte,Pumpkin Spice Latte,IMG_1963_c011,IMG_1963.jpg,expanded_u2net,IMG_2019_r02_c02.jpg,IMG_2019.jpg,6,176,18,18,20260917
truffle_pumpkin_spice_latte_0058,data/synthetic_slots/v1/dataset/images/train/truffle_pumpkin_spice_latte/truffle_pumpkin_spice_latte_0058.jpg,train,occupied,truffle_pumpkin_spice_latte,Pumpkin Spice Latte,IMG_1963_c011,IMG_1963.jpg,expanded_u2net,IMG_2024_r02_c02.jpg,IMG_2024.jpg,16,150,38,33,20260917
truffle_pumpkin_spice_latte_0059,data/synthetic_slots/v1/dataset/images/train/truffle_pumpkin_spice_latte/truffle_pumpkin_spice_latte_0059.jpg,train,occupied,truffle_pumpkin_spice_latte,Pumpkin Spice Latte,IMG_1963_c011,IMG_1963.jpg,expanded_u2net,IMG_2028_r02_c02.jpg,IMG_2028.jpg,30,169,33,36,20260917
truffle_pumpkin_spice_latte_0060,data/synthetic_slots/v1/dataset/images/train/truffle_pumpkin_spice_latte/truffle_pumpkin_spice_latte_0060.jpg,train,occupied,truffle_pumpkin_spice_latte,Pumpkin Spice Latte,IMG_1963_c011,IMG_1963.jpg,expanded_u2net,IMG_2032_r09_c01.jpg,IMG_2032.jpg,50,162,36,26,20260917
truffle_pumpkin_spice_latte_0061,data/synthetic_slots/v1/dataset/images/train/truffle_pumpkin_spice_latte/truffle_pumpkin_spice_latte_0061.jpg,train,occupied,truffle_pumpkin_spice_latte,Pumpkin Spice Latte,IMG_1963_c011,IMG_1963.jpg,expanded_u2net,IMG_2019_r02_c01.jpg,IMG_2019.jpg,6,147,42,29,20260917
truffle_pumpkin_spice_latte_0062,data/synthetic_slots/v1/dataset/images/train/truffle_pumpkin_spice_latte/truffle_pumpkin_spice_latte_0062.jpg,train,occupied,truffle_pumpkin_spice_latte,Pumpkin Spice Latte,IMG_1963_c011,IMG_1963.jpg,expanded_u2net,IMG_2026_r02_c02.jpg,IMG_2026.jpg,16,165,32,24,20260917
truffle_pumpkin_spice_latte_0063,data/synthetic_slots/v1/dataset/images/train/truffle_pumpkin_spice_latte/truffle_pumpkin_spice_latte_0063.jpg,train,occupied,truffle_pumpkin_spice_latte,Pumpkin Spice Latte,IMG_1963_c011,IMG_1963.jpg,expanded_u2net,IMG_2027_r04_c02.jpg,IMG_2027.jpg,30,169,29,35,20260917
truffle_pumpkin_spice_latte_0064,data/synthetic_slots/v1/dataset/images/train/truffle_pumpkin_spice_latte/truffle_pumpkin_spice_latte_0064.jpg,train,occupied,truffle_pumpkin_spice_latte,Pumpkin Spice Latte,IMG_1963_c011,IMG_1963.jpg,expanded_u2net,IMG_2031_r06_c04.jpg,IMG_2031.jpg,50,151,31,41,20260917
truffle_pumpkin_spice_latte_0065,data/synthetic_slots/v1/dataset/images/train/truffle_pumpkin_spice_latte/truffle_pumpkin_spice_latte_0065.jpg,train,occupied,truffle_pumpkin_spice_latte,Pumpkin Spice Latte,IMG_1963_c011,IMG_1963.jpg,expanded_u2net,IMG_2021_r03_c01.jpg,IMG_2021.jpg,6,160,37,23,20260917
truffle_pumpkin_spice_latte_0066,data/synthetic_slots/v1/dataset/images/train/truffle_pumpkin_spice_latte/truffle_pumpkin_spice_latte_0066.jpg,train,occupied,truffle_pumpkin_spice_latte,Pumpkin Spice Latte,IMG_1963_c011,IMG_1963.jpg,expanded_u2net,IMG_2026_r04_c02.jpg,IMG_2026.jpg,16,170,33,33,20260917
truffle_pumpkin_spice_latte_0067,data/synthetic_slots/v1/dataset/images/train/truffle_pumpkin_spice_latte/truffle_pumpkin_spice_latte_0067.jpg,train,occupied,truffle_pumpkin_spice_latte,Pumpkin Spice Latte,IMG_1963_c011,IMG_1963.jpg,expanded_u2net,IMG_2027_r03_c05.jpg,IMG_2027.jpg,30,167,20,27,20260917
truffle_pumpkin_spice_latte_0068,data/synthetic_slots/v1/dataset/images/train/truffle_pumpkin_spice_latte/truffle_pumpkin_spice_latte_0068.jpg,train,occupied,truffle_pumpkin_spice_latte,Pumpkin Spice Latte,IMG_1963_c011,IMG_1963.jpg,expanded_u2net,IMG_2031_r05_c01.jpg,IMG_2031.jpg,50,166,36,21,20260917
truffle_pumpkin_spice_latte_0069,data/synthetic_slots/v1/dataset/images/train/truffle_pumpkin_spice_latte/truffle_pumpkin_spice_latte_0069.jpg,train,occupied,truffle_pumpkin_spice_latte,Pumpkin Spice Latte,IMG_1963_c011,IMG_1963.jpg,expanded_u2net,IMG_2019_r03_c01.jpg,IMG_2019.jpg,6,161,25,38,20260917
truffle_pumpkin_spice_latte_0070,data/synthetic_slots/v1/dataset/images/train/truffle_pumpkin_spice_latte/truffle_pumpkin_spice_latte_0070.jpg,train,occupied,truffle_pumpkin_spice_latte,Pumpkin Spice Latte,IMG_1963_c011,IMG_1963.jpg,expanded_u2net,IMG_2025_r01_c04.jpg,IMG_2025.jpg,16,180,30,19,20260917
truffle_pumpkin_spice_latte_0071,data/synthetic_slots/v1/dataset/images/train/truffle_pumpkin_spice_latte/truffle_pumpkin_spice_latte_0071.jpg,train,occupied,truffle_pumpkin_spice_latte,Pumpkin Spice Latte,IMG_1963_c011,IMG_1963.jpg,expanded_u2net,IMG_2029_r01_c01.jpg,IMG_2029.jpg,30,169,23,27,20260917
truffle_pumpkin_spice_latte_0072,data/synthetic_slots/v1/dataset/images/train/truffle_pumpkin_spice_latte/truffle_pumpkin_spice_latte_0072.jpg,train,occupied,truffle_pumpkin_spice_latte,Pumpkin Spice Latte,IMG_1963_c011,IMG_1963.jpg,expanded_u2net,IMG_2033_r01_c05.jpg,IMG_2033.jpg,50,147,43,33,20260917
truffle_pumpkin_spice_latte_0073,data/synthetic_slots/v1/dataset/images/train/truffle_pumpkin_spice_latte/truffle_pumpkin_spice_latte_0073.jpg,train,occupied,truffle_pumpkin_spice_latte,Pumpkin Spice Latte,IMG_1963_c011,IMG_1963.jpg,expanded_u2net,IMG_2019_r02_c01.jpg,IMG_2019.jpg,6,172,23,20,20260917
truffle_pumpkin_spice_latte_0074,data/synthetic_slots/v1/dataset/images/train/truffle_pumpkin_spice_latte/truffle_pumpkin_spice_latte_0074.jpg,train,occupied,truffle_pumpkin_spice_latte,Pumpkin Spice Latte,IMG_1963_c011,IMG_1963.jpg,expanded_u2net,IMG_2026_r02_c04.jpg,IMG_2026.jpg,16,181,13,30,20260917
truffle_pumpkin_spice_latte_0075,data/synthetic_slots/v1/dataset/images/train/truffle_pumpkin_spice_latte/truffle_pumpkin_spice_latte_0075.jpg,train,occupied,truffle_pumpkin_spice_latte,Pumpkin Spice Latte,IMG_1963_c011,IMG_1963.jpg,expanded_u2net,IMG_2029_r06_c02.jpg,IMG_2029.jpg,30,157,43,40,20260917
truffle_pumpkin_spice_latte_0076,data/synthetic_slots/v1/dataset/images/train/truffle_pumpkin_spice_latte/truffle_pumpkin_spice_latte_0076.jpg,train,occupied,truffle_pumpkin_spice_latte,Pumpkin Spice Latte,IMG_1963_c011,IMG_1963.jpg,expanded_u2net,IMG_2033_r09_c02.jpg,IMG_2033.jpg,50,162,39,37,20260917
truffle_pumpkin_spice_latte_0077,data/synthetic_slots/v1/dataset/images/train/truffle_pumpkin_spice_latte/truffle_pumpkin_spice_latte_0077.jpg,train,occupied,truffle_pumpkin_spice_latte,Pumpkin Spice Latte,IMG_1963_c011,IMG_1963.jpg,expanded_u2net,IMG_2021_r01_c01.jpg,IMG_2021.jpg,6,145,38,31,20260917
truffle_pumpkin_spice_latte_0078,data/synthetic_slots/v1/dataset/images/train/truffle_pumpkin_spice_latte/truffle_pumpkin_spice_latte_0078.jpg,train,occupied,truffle_pumpkin_spice_latte,Pumpkin Spice Latte,IMG_1963_c011,IMG_1963.jpg,expanded_u2net,IMG_2026_r04_c03.jpg,IMG_2026.jpg,16,162,26,27,20260917
truffle_pumpkin_spice_latte_0079,data/synthetic_slots/v1/dataset/images/train/truffle_pumpkin_spice_latte/truffle_pumpkin_spice_latte_0079.jpg,train,occupied,truffle_pumpkin_spice_latte,Pumpkin Spice Latte,IMG_1963_c011,IMG_1963.jpg,expanded_u2net,IMG_2027_r04_c04.jpg,IMG_2027.jpg,30,146,39,43,20260917
truffle_pumpkin_spice_latte_0080,data/synthetic_slots/v1/dataset/images/train/truffle_pumpkin_spice_latte/truffle_pumpkin_spice_latte_0080.jpg,train,occupied,truffle_pumpkin_spice_latte,Pumpkin Spice Latte,IMG_1963_c011,IMG_1963.jpg,expanded_u2net,IMG_2032_r06_c01.jpg,IMG_2032.jpg,50,179,16,23,20260917
truffle_pumpkin_spice_latte_0081,data/synthetic_slots/v1/dataset/images/validation/truffle_pumpkin_spice_latte/truffle_pumpkin_spice_latte_0081.jpg,validation,occupied,truffle_pumpkin_spice_latte,Pumpkin Spice Latte,IMG_1963_c011,IMG_1963.jpg,expanded_u2net,IMG_2020_r03_c02.jpg,IMG_2020.jpg,6,158,40,35,20260917
truffle_pumpkin_spice_latte_0082,data/synthetic_slots/v1/dataset/images/validation/truffle_pumpkin_spice_latte/truffle_pumpkin_spice_latte_0082.jpg,validation,occupied,truffle_pumpkin_spice_latte,Pumpkin Spice Latte,IMG_1963_c011,IMG_1963.jpg,expanded_u2net,IMG_2023_r04_c03.jpg,IMG_2023.jpg,16,152,32,28,20260917
truffle_pumpkin_spice_latte_0083,data/synthetic_slots/v1/dataset/images/validation/truffle_pumpkin_spice_latte/truffle_pumpkin_spice_latte_0083.jpg,validation,occupied,truffle_pumpkin_spice_latte,Pumpkin Spice Latte,IMG_1963_c011,IMG_1963.jpg,expanded_u2net,IMG_2030_r05_c04.jpg,IMG_2030.jpg,30,167,34,21,20260917
truffle_pumpkin_spice_latte_0084,data/synthetic_slots/v1/dataset/images/validation/truffle_pumpkin_spice_latte/truffle_pumpkin_spice_latte_0084.jpg,validation,occupied,truffle_pumpkin_spice_latte,Pumpkin Spice Latte,IMG_1963_c011,IMG_1963.jpg,expanded_u2net,IMG_2034_r04_c03.jpg,IMG_2034.jpg,50,163,40,21,20260917
truffle_pumpkin_spice_latte_0085,data/synthetic_slots/v1/dataset/images/validation/truffle_pumpkin_spice_latte/truffle_pumpkin_spice_latte_0085.jpg,validation,occupied,truffle_pumpkin_spice_latte,Pumpkin Spice Latte,IMG_1963_c011,IMG_1963.jpg,expanded_u2net,IMG_2020_r02_c01.jpg,IMG_2020.jpg,6,146,37,46,20260917
truffle_pumpkin_spice_latte_0086,data/synthetic_slots/v1/dataset/images/validation/truffle_pumpkin_spice_latte/truffle_pumpkin_spice_latte_0086.jpg,validation,occupied,truffle_pumpkin_spice_latte,Pumpkin Spice Latte,IMG_1963_c011,IMG_1963.jpg,expanded_u2net,IMG_2023_r04_c04.jpg,IMG_2023.jpg,16,158,35,34,20260917
truffle_pumpkin_spice_latte_0087,data/synthetic_slots/v1/dataset/images/validation/truffle_pumpkin_spice_latte/truffle_pumpkin_spice_latte_0087.jpg,validation,occupied,truffle_pumpkin_spice_latte,Pumpkin Spice Latte,IMG_1963_c011,IMG_1963.jpg,expanded_u2net,IMG_2030_r06_c01.jpg,IMG_2030.jpg,30,164,36,29,20260917
truffle_pumpkin_spice_latte_0088,data/synthetic_slots/v1/dataset/images/validation/truffle_pumpkin_spice_latte/truffle_pumpkin_spice_latte_0088.jpg,validation,occupied,truffle_pumpkin_spice_latte,Pumpkin Spice Latte,IMG_1963_c011,IMG_1963.jpg,expanded_u2net,IMG_2034_r08_c01.jpg,IMG_2034.jpg,50,159,31,28,20260917
truffle_pumpkin_spice_latte_0089,data/synthetic_slots/v1/dataset/images/validation/truffle_pumpkin_spice_latte/truffle_pumpkin_spice_latte_0089.jpg,validation,occupied,truffle_pumpkin_spice_latte,Pumpkin Spice Latte,IMG_1963_c011,IMG_1963.jpg,expanded_u2net,IMG_2020_r02_c02.jpg,IMG_2020.jpg,6,156,34,29,20260917
truffle_pumpkin_spice_latte_0090,data/synthetic_slots/v1/dataset/images/validation/truffle_pumpkin_spice_latte/truffle_pumpkin_spice_latte_0090.jpg,validation,occupied,truffle_pumpkin_spice_latte,Pumpkin Spice Latte,IMG_1963_c011,IMG_1963.jpg,expanded_u2net,IMG_2023_r03_c02.jpg,IMG_2023.jpg,16,152,30,43,20260917
truffle_pumpkin_spice_latte_0091,data/synthetic_slots/v1/dataset/images/validation/truffle_pumpkin_spice_latte/truffle_pumpkin_spice_latte_0091.jpg,validation,occupied,truffle_pumpkin_spice_latte,Pumpkin Spice Latte,IMG_1963_c011,IMG_1963.jpg,expanded_u2net,IMG_2030_r05_c05.jpg,IMG_2030.jpg,30,163,36,24,20260917
truffle_pumpkin_spice_latte_0092,data/synthetic_slots/v1/dataset/images/validation/truffle_pumpkin_spice_latte/truffle_pumpkin_spice_latte_0092.jpg,validation,occupied,truffle_pumpkin_spice_latte,Pumpkin Spice Latte,IMG_1963_c011,IMG_1963.jpg,expanded_u2net,IMG_2034_r08_c04.jpg,IMG_2034.jpg,50,173,25,21,20260917
truffle_pumpkin_spice_latte_0093,data/synthetic_slots/v1/dataset/images/validation/truffle_pumpkin_spice_latte/truffle_pumpkin_spice_latte_0093.jpg,validation,occupied,truffle_pumpkin_spice_latte,Pumpkin Spice Latte,IMG_1963_c011,IMG_1963.jpg,expanded_u2net,IMG_2020_r03_c01.jpg,IMG_2020.jpg,6,149,31,42,20260917
truffle_pumpkin_spice_latte_0094,data/synthetic_slots/v1/dataset/images/validation/truffle_pumpkin_spice_latte/truffle_pumpkin_spice_latte_0094.jpg,validation,occupied,truffle_pumpkin_spice_latte,Pumpkin Spice Latte,IMG_1963_c011,IMG_1963.jpg,expanded_u2net,IMG_2023_r02_c03.jpg,IMG_2023.jpg,16,160,38,29,20260917
truffle_pumpkin_spice_latte_0095,data/synthetic_slots/v1/dataset/images/validation/truffle_pumpkin_spice_latte/truffle_pumpkin_spice_latte_0095.jpg,validation,occupied,truffle_pumpkin_spice_latte,Pumpkin Spice Latte,IMG_1963_c011,IMG_1963.jpg,expanded_u2net,IMG_2030_r05_c04.jpg,IMG_2030.jpg,30,156,36,34,20260917
truffle_pumpkin_spice_latte_0096,data/synthetic_slots/v1/dataset/images/validation/truffle_pumpkin_spice_latte/truffle_pumpkin_spice_latte_0096.jpg,validation,occupied,truffle_pumpkin_spice_latte,Pumpkin Spice Latte,IMG_1963_c011,IMG_1963.jpg,expanded_u2net,IMG_2034_r06_c03.jpg,IMG_2034.jpg,50,147,47,39,20260917
truffle_pumpkin_spice_latte_0097,data/synthetic_slots/v1/dataset/images/validation/truffle_pumpkin_spice_latte/truffle_pumpkin_spice_latte_0097.jpg,validation,occupied,truffle_pumpkin_spice_latte,Pumpkin Spice Latte,IMG_1963_c011,IMG_1963.jpg,expanded_u2net,IMG_2020_r01_c02.jpg,IMG_2020.jpg,6,177,18,16,20260917
truffle_pumpkin_spice_latte_0098,data/synthetic_slots/v1/dataset/images/validation/truffle_pumpkin_spice_latte/truffle_pumpkin_spice_latte_0098.jpg,validation,occupied,truffle_pumpkin_spice_latte,Pumpkin Spice Latte,IMG_1963_c011,IMG_1963.jpg,expanded_u2net,IMG_2023_r03_c01.jpg,IMG_2023.jpg,16,148,44,33,20260917
truffle_pumpkin_spice_latte_0099,data/synthetic_slots/v1/dataset/images/validation/truffle_pumpkin_spice_latte/truffle_pumpkin_spice_latte_0099.jpg,validation,occupied,truffle_pumpkin_spice_latte,Pumpkin Spice Latte,IMG_1963_c011,IMG_1963.jpg,expanded_u2net,IMG_2030_r02_c02.jpg,IMG_2030.jpg,30,150,31,44,20260917
truffle_pumpkin_spice_latte_0100,data/synthetic_slots/v1/dataset/images/validation/truffle_pumpkin_spice_latte/truffle_pumpkin_spice_latte_0100.jpg,validation,occupied,truffle_pumpkin_spice_latte,Pumpkin Spice Latte,IMG_1963_c011,IMG_1963.jpg,expanded_u2net,IMG_2034_r09_c01.jpg,IMG_2034.jpg,50,184,12,14,20260917
truffle_raspberry_0001,data/synthetic_slots/v1/dataset/images/train/truffle_raspberry/truffle_raspberry_0001.jpg,train,occupied,truffle_raspberry,Raspberry,IMG_1969_c016,IMG_1969.jpg,expanded_u2net,IMG_2021_r03_c02.jpg,IMG_2021.jpg,6,157,29,30,20260917
truffle_raspberry_0002,data/synthetic_slots/v1/dataset/images/train/truffle_raspberry/truffle_raspberry_0002.jpg,train,occupied,truffle_raspberry,Raspberry,IMG_1969_c016,IMG_1969.jpg,expanded_u2net,IMG_2024_r02_c03.jpg,IMG_2024.jpg,16,176,25,35,20260917
truffle_raspberry_0003,data/synthetic_slots/v1/dataset/images/train/truffle_raspberry/truffle_raspberry_0003.jpg,train,occupied,truffle_raspberry,Raspberry,IMG_1969_c016,IMG_1969.jpg,expanded_u2net,IMG_2027_r06_c05.jpg,IMG_2027.jpg,30,167,33,38,20260917
truffle_raspberry_0004,data/synthetic_slots/v1/dataset/images/train/truffle_raspberry/truffle_raspberry_0004.jpg,train,occupied,truffle_raspberry,Raspberry,IMG_1969_c016,IMG_1969.jpg,expanded_u2net,IMG_2033_r02_c01.jpg,IMG_2033.jpg,50,171,28,22,20260917
truffle_raspberry_0005,data/synthetic_slots/v1/dataset/images/train/truffle_raspberry/truffle_raspberry_0005.jpg,train,occupied,truffle_raspberry,Raspberry,IMG_1969_c016,IMG_1969.jpg,expanded_u2net,IMG_2021_r01_c02.jpg,IMG_2021.jpg,6,154,28,45,20260917
truffle_raspberry_0006,data/synthetic_slots/v1/dataset/images/train/truffle_raspberry/truffle_raspberry_0006.jpg,train,occupied,truffle_raspberry,Raspberry,IMG_1969_c016,IMG_1969.jpg,expanded_u2net,IMG_2025_r03_c02.jpg,IMG_2025.jpg,16,145,39,38,20260917
truffle_raspberry_0007,data/synthetic_slots/v1/dataset/images/train/truffle_raspberry/truffle_raspberry_0007.jpg,train,occupied,truffle_raspberry,Raspberry,IMG_1969_c016,IMG_1969.jpg,expanded_u2net,IMG_2028_r01_c02.jpg,IMG_2028.jpg,30,175,33,19,20260917
truffle_raspberry_0008,data/synthetic_slots/v1/dataset/images/train/truffle_raspberry/truffle_raspberry_0008.jpg,train,occupied,truffle_raspberry,Raspberry,IMG_1969_c016,IMG_1969.jpg,expanded_u2net,IMG_2031_r07_c02.jpg,IMG_2031.jpg,50,153,33,41,20260917
truffle_raspberry_0009,data/synthetic_slots/v1/dataset/images/train/truffle_raspberry/truffle_raspberry_0009.jpg,train,occupied,truffle_raspberry,Raspberry,IMG_1969_c016,IMG_1969.jpg,expanded_u2net,IMG_2021_r01_c01.jpg,IMG_2021.jpg,6,162,30,38,20260917
truffle_raspberry_0010,data/synthetic_slots/v1/dataset/images/train/truffle_raspberry/truffle_raspberry_0010.jpg,train,occupied,truffle_raspberry,Raspberry,IMG_1969_c016,IMG_1969.jpg,expanded_u2net,IMG_2025_r04_c02.jpg,IMG_2025.jpg,16,147,44,39,20260917
truffle_raspberry_0011,data/synthetic_slots/v1/dataset/images/train/truffle_raspberry/truffle_raspberry_0011.jpg,train,occupied,truffle_raspberry,Raspberry,IMG_1969_c016,IMG_1969.jpg,expanded_u2net,IMG_2027_r06_c02.jpg,IMG_2027.jpg,30,174,27,21,20260917
truffle_raspberry_0012,data/synthetic_slots/v1/dataset/images/train/truffle_raspberry/truffle_raspberry_0012.jpg,train,occupied,truffle_raspberry,Raspberry,IMG_1969_c016,IMG_1969.jpg,expanded_u2net,IMG_2032_r01_c04.jpg,IMG_2032.jpg,50,146,33,33,20260917
truffle_raspberry_0013,data/synthetic_slots/v1/dataset/images/train/truffle_raspberry/truffle_raspberry_0013.jpg,train,occupied,truffle_raspberry,Raspberry,IMG_1969_c016,IMG_1969.jpg,expanded_u2net,IMG_2021_r02_c01.jpg,IMG_2021.jpg,6,160,25,29,20260917
truffle_raspberry_0014,data/synthetic_slots/v1/dataset/images/train/truffle_raspberry/truffle_raspberry_0014.jpg,train,occupied,truffle_raspberry,Raspberry,IMG_1969_c016,IMG_1969.jpg,expanded_u2net,IMG_2025_r02_c04.jpg,IMG_2025.jpg,16,173,34,23,20260917
truffle_raspberry_0015,data/synthetic_slots/v1/dataset/images/train/truffle_raspberry/truffle_raspberry_0015.jpg,train,occupied,truffle_raspberry,Raspberry,IMG_1969_c016,IMG_1969.jpg,expanded_u2net,IMG_2027_r01_c05.jpg,IMG_2027.jpg,30,152,39,34,20260917
truffle_raspberry_0016,data/synthetic_slots/v1/dataset/images/train/truffle_raspberry/truffle_raspberry_0016.jpg,train,occupied,truffle_raspberry,Raspberry,IMG_1969_c016,IMG_1969.jpg,expanded_u2net,IMG_2032_r08_c02.jpg,IMG_2032.jpg,50,167,24,26,20260917
truffle_raspberry_0017,data/synthetic_slots/v1/dataset/images/train/truffle_raspberry/truffle_raspberry_0017.jpg,train,occupied,truffle_raspberry,Raspberry,IMG_1969_c016,IMG_1969.jpg,expanded_u2net,IMG_2019_r02_c01.jpg,IMG_2019.jpg,6,172,32,21,20260917
truffle_raspberry_0018,data/synthetic_slots/v1/dataset/images/train/truffle_raspberry/truffle_raspberry_0018.jpg,train,occupied,truffle_raspberry,Raspberry,IMG_1969_c016,IMG_1969.jpg,expanded_u2net,IMG_2026_r01_c02.jpg,IMG_2026.jpg,16,185,26,23,20260917
truffle_raspberry_0019,data/synthetic_slots/v1/dataset/images/train/truffle_raspberry/truffle_raspberry_0019.jpg,train,occupied,truffle_raspberry,Raspberry,IMG_1969_c016,IMG_1969.jpg,expanded_u2net,IMG_2028_r03_c01.jpg,IMG_2028.jpg,30,162,23,36,20260917
truffle_raspberry_0020,data/synthetic_slots/v1/dataset/images/train/truffle_raspberry/truffle_raspberry_0020.jpg,train,occupied,truffle_raspberry,Raspberry,IMG_1969_c016,IMG_1969.jpg,expanded_u2net,IMG_2031_r10_c04.jpg,IMG_2031.jpg,50,160,34,35,20260917
truffle_raspberry_0021,data/synthetic_slots/v1/dataset/images/train/truffle_raspberry/truffle_raspberry_0021.jpg,train,occupied,truffle_raspberry,Raspberry,IMG_1969_c016,IMG_1969.jpg,expanded_u2net,IMG_2019_r02_c02.jpg,IMG_2019.jpg,6,180,23,28,20260917
truffle_raspberry_0022,data/synthetic_slots/v1/dataset/images/train/truffle_raspberry/truffle_raspberry_0022.jpg,train,occupied,truffle_raspberry,Raspberry,IMG_1969_c016,IMG_1969.jpg,expanded_u2net,IMG_2025_r01_c01.jpg,IMG_2025.jpg,16,172,32,22,20260917
truffle_raspberry_0023,data/synthetic_slots/v1/dataset/images/train/truffle_raspberry/truffle_raspberry_0023.jpg,train,occupied,truffle_raspberry,Raspberry,IMG_1969_c016,IMG_1969.jpg,expanded_u2net,IMG_2028_r03_c05.jpg,IMG_2028.jpg,30,177,14,26,20260917
truffle_raspberry_0024,data/synthetic_slots/v1/dataset/images/train/truffle_raspberry/truffle_raspberry_0024.jpg,train,occupied,truffle_raspberry,Raspberry,IMG_1969_c016,IMG_1969.jpg,expanded_u2net,IMG_2031_r10_c01.jpg,IMG_2031.jpg,50,166,24,34,20260917
truffle_raspberry_0025,data/synthetic_slots/v1/dataset/images/train/truffle_raspberry/truffle_raspberry_0025.jpg,train,occupied,truffle_raspberry,Raspberry,IMG_1969_c016,IMG_1969.jpg,expanded_u2net,IMG_2019_r01_c02.jpg,IMG_2019.jpg,6,155,39,44,20260917
truffle_raspberry_0026,data/synthetic_slots/v1/dataset/images/train/truffle_raspberry/truffle_raspberry_0026.jpg,train,occupied,truffle_raspberry,Raspberry,IMG_1969_c016,IMG_1969.jpg,expanded_u2net,IMG_2022_r01_c04.jpg,IMG_2022.jpg,16,171,28,31,20260917
truffle_raspberry_0027,data/synthetic_slots/v1/dataset/images/train/truffle_raspberry/truffle_raspberry_0027.jpg,train,occupied,truffle_raspberry,Raspberry,IMG_1969_c016,IMG_1969.jpg,expanded_u2net,IMG_2027_r03_c02.jpg,IMG_2027.jpg,30,155,34,38,20260917
truffle_raspberry_0028,data/synthetic_slots/v1/dataset/images/train/truffle_raspberry/truffle_raspberry_0028.jpg,train,occupied,truffle_raspberry,Raspberry,IMG_1969_c016,IMG_1969.jpg,expanded_u2net,IMG_2033_r02_c03.jpg,IMG_2033.jpg,50,167,23,30,20260917
truffle_raspberry_0029,data/synthetic_slots/v1/dataset/images/train/truffle_raspberry/truffle_raspberry_0029.jpg,train,occupied,truffle_raspberry,Raspberry,IMG_1969_c016,IMG_1969.jpg,expanded_u2net,IMG_2019_r01_c01.jpg,IMG_2019.jpg,6,162,36,28,20260917
truffle_raspberry_0030,data/synthetic_slots/v1/dataset/images/train/truffle_raspberry/truffle_raspberry_0030.jpg,train,occupied,truffle_raspberry,Raspberry,IMG_1969_c016,IMG_1969.jpg,expanded_u2net,IMG_2025_r03_c03.jpg,IMG_2025.jpg,16,161,38,41,20260917
truffle_raspberry_0031,data/synthetic_slots/v1/dataset/images/train/truffle_raspberry/truffle_raspberry_0031.jpg,train,occupied,truffle_raspberry,Raspberry,IMG_1969_c016,IMG_1969.jpg,expanded_u2net,IMG_2029_r06_c04.jpg,IMG_2029.jpg,30,160,24,31,20260917
truffle_raspberry_0032,data/synthetic_slots/v1/dataset/images/train/truffle_raspberry/truffle_raspberry_0032.jpg,train,occupied,truffle_raspberry,Raspberry,IMG_1969_c016,IMG_1969.jpg,expanded_u2net,IMG_2033_r08_c04.jpg,IMG_2033.jpg,50,167,37,28,20260917
truffle_raspberry_0033,data/synthetic_slots/v1/dataset/images/train/truffle_raspberry/truffle_raspberry_0033.jpg,train,occupied,truffle_raspberry,Raspberry,IMG_1969_c016,IMG_1969.jpg,expanded_u2net,IMG_2021_r01_c01.jpg,IMG_2021.jpg,6,180,31,17,20260917
truffle_raspberry_0034,data/synthetic_slots/v1/dataset/images/train/truffle_raspberry/truffle_raspberry_0034.jpg,train,occupied,truffle_raspberry,Raspberry,IMG_1969_c016,IMG_1969.jpg,expanded_u2net,IMG_2025_r04_c04.jpg,IMG_2025.jpg,16,169,19,35,20260917
truffle_raspberry_0035,data/synthetic_slots/v1/dataset/images/train/truffle_raspberry/truffle_raspberry_0035.jpg,train,occupied,truffle_raspberry,Raspberry,IMG_1969_c016,IMG_1969.jpg,expanded_u2net,IMG_2027_r05_c01.jpg,IMG_2027.jpg,30,173,18,38,20260917
truffle_raspberry_0036,data/synthetic_slots/v1/dataset/images/train/truffle_raspberry/truffle_raspberry_0036.jpg,train,occupied,truffle_raspberry,Raspberry,IMG_1969_c016,IMG_1969.jpg,expanded_u2net,IMG_2032_r08_c01.jpg,IMG_2032.jpg,50,176,16,36,20260917
truffle_raspberry_0037,data/synthetic_slots/v1/dataset/images/train/truffle_raspberry/truffle_raspberry_0037.jpg,train,occupied,truffle_raspberry,Raspberry,IMG_1969_c016,IMG_1969.jpg,expanded_u2net,IMG_2021_r03_c01.jpg,IMG_2021.jpg,6,158,39,34,20260917
truffle_raspberry_0038,data/synthetic_slots/v1/dataset/images/train/truffle_raspberry/truffle_raspberry_0038.jpg,train,occupied,truffle_raspberry,Raspberry,IMG_1969_c016,IMG_1969.jpg,expanded_u2net,IMG_2025_r03_c04.jpg,IMG_2025.jpg,16,154,28,33,20260917
truffle_raspberry_0039,data/synthetic_slots/v1/dataset/images/train/truffle_raspberry/truffle_raspberry_0039.jpg,train,occupied,truffle_raspberry,Raspberry,IMG_1969_c016,IMG_1969.jpg,expanded_u2net,IMG_2029_r06_c03.jpg,IMG_2029.jpg,30,182,20,16,20260917
truffle_raspberry_0040,data/synthetic_slots/v1/dataset/images/train/truffle_raspberry/truffle_raspberry_0040.jpg,train,occupied,truffle_raspberry,Raspberry,IMG_1969_c016,IMG_1969.jpg,expanded_u2net,IMG_2032_r02_c01.jpg,IMG_2032.jpg,50,162,27,42,20260917
truffle_raspberry_0041,data/synthetic_slots/v1/dataset/images/train/truffle_raspberry/truffle_raspberry_0041.jpg,train,occupied,truffle_raspberry,Raspberry,IMG_1969_c016,IMG_1969.jpg,expanded_u2net,IMG_2019_r02_c02.jpg,IMG_2019.jpg,6,147,36,50,20260917
truffle_raspberry_0042,data/synthetic_slots/v1/dataset/images/train/truffle_raspberry/truffle_raspberry_0042.jpg,train,occupied,truffle_raspberry,Raspberry,IMG_1969_c016,IMG_1969.jpg,expanded_u2net,IMG_2024_r03_c03.jpg,IMG_2024.jpg,16,158,41,35,20260917
truffle_raspberry_0043,data/synthetic_slots/v1/dataset/images/train/truffle_raspberry/truffle_raspberry_0043.jpg,train,occupied,truffle_raspberry,Raspberry,IMG_1969_c016,IMG_1969.jpg,expanded_u2net,IMG_2027_r01_c05.jpg,IMG_2027.jpg,30,181,24,17,20260917
truffle_raspberry_0044,data/synthetic_slots/v1/dataset/images/train/truffle_raspberry/truffle_raspberry_0044.jpg,train,occupied,truffle_raspberry,Raspberry,IMG_1969_c016,IMG_1969.jpg,expanded_u2net,IMG_2032_r04_c04.jpg,IMG_2032.jpg,50,155,25,43,20260917
truffle_raspberry_0045,data/synthetic_slots/v1/dataset/images/train/truffle_raspberry/truffle_raspberry_0045.jpg,train,occupied,truffle_raspberry,Raspberry,IMG_1969_c016,IMG_1969.jpg,expanded_u2net,IMG_2021_r02_c02.jpg,IMG_2021.jpg,6,167,19,33,20260917
truffle_raspberry_0046,data/synthetic_slots/v1/dataset/images/train/truffle_raspberry/truffle_raspberry_0046.jpg,train,occupied,truffle_raspberry,Raspberry,IMG_1969_c016,IMG_1969.jpg,expanded_u2net,IMG_2024_r03_c04.jpg,IMG_2024.jpg,16,150,35,44,20260917
truffle_raspberry_0047,data/synthetic_slots/v1/dataset/images/train/truffle_raspberry/truffle_raspberry_0047.jpg,train,occupied,truffle_raspberry,Raspberry,IMG_1969_c016,IMG_1969.jpg,expanded_u2net,IMG_2027_r01_c02.jpg,IMG_2027.jpg,30,183,19,28,20260917
truffle_raspberry_0048,data/synthetic_slots/v1/dataset/images/train/truffle_raspberry/truffle_raspberry_0048.jpg,train,occupied,truffle_raspberry,Raspberry,IMG_1969_c016,IMG_1969.jpg,expanded_u2net,IMG_2032_r05_c04.jpg,IMG_2032.jpg,50,175,29,28,20260917
truffle_raspberry_0049,data/synthetic_slots/v1/dataset/images/train/truffle_raspberry/truffle_raspberry_0049.jpg,train,occupied,truffle_raspberry,Raspberry,IMG_1969_c016,IMG_1969.jpg,expanded_u2net,IMG_2021_r01_c02.jpg,IMG_2021.jpg,6,146,32,47,20260917
truffle_raspberry_0050,data/synthetic_slots/v1/dataset/images/train/truffle_raspberry/truffle_raspberry_0050.jpg,train,occupied,truffle_raspberry,Raspberry,IMG_1969_c016,IMG_1969.jpg,expanded_u2net,IMG_2025_r03_c02.jpg,IMG_2025.jpg,16,170,34,28,20260917
truffle_raspberry_0051,data/synthetic_slots/v1/dataset/images/train/truffle_raspberry/truffle_raspberry_0051.jpg,train,occupied,truffle_raspberry,Raspberry,IMG_1969_c016,IMG_1969.jpg,expanded_u2net,IMG_2029_r06_c02.jpg,IMG_2029.jpg,30,181,25,25,20260917
truffle_raspberry_0052,data/synthetic_slots/v1/dataset/images/train/truffle_raspberry/truffle_raspberry_0052.jpg,train,occupied,truffle_raspberry,Raspberry,IMG_1969_c016,IMG_1969.jpg,expanded_u2net,IMG_2031_r10_c05.jpg,IMG_2031.jpg,50,179,25,27,20260917
truffle_raspberry_0053,data/synthetic_slots/v1/dataset/images/train/truffle_raspberry/truffle_raspberry_0053.jpg,train,occupied,truffle_raspberry,Raspberry,IMG_1969_c016,IMG_1969.jpg,expanded_u2net,IMG_2021_r02_c01.jpg,IMG_2021.jpg,6,164,24,38,20260917
truffle_raspberry_0054,data/synthetic_slots/v1/dataset/images/train/truffle_raspberry/truffle_raspberry_0054.jpg,train,occupied,truffle_raspberry,Raspberry,IMG_1969_c016,IMG_1969.jpg,expanded_u2net,IMG_2025_r02_c03.jpg,IMG_2025.jpg,16,182,13,23,20260917
truffle_raspberry_0055,data/synthetic_slots/v1/dataset/images/train/truffle_raspberry/truffle_raspberry_0055.jpg,train,occupied,truffle_raspberry,Raspberry,IMG_1969_c016,IMG_1969.jpg,expanded_u2net,IMG_2029_r06_c04.jpg,IMG_2029.jpg,30,146,34,37,20260917
truffle_raspberry_0056,data/synthetic_slots/v1/dataset/images/train/truffle_raspberry/truffle_raspberry_0056.jpg,train,occupied,truffle_raspberry,Raspberry,IMG_1969_c016,IMG_1969.jpg,expanded_u2net,IMG_2032_r09_c05.jpg,IMG_2032.jpg,50,168,20,29,20260917
truffle_raspberry_0057,data/synthetic_slots/v1/dataset/images/train/truffle_raspberry/truffle_raspberry_0057.jpg,train,occupied,truffle_raspberry,Raspberry,IMG_1969_c016,IMG_1969.jpg,expanded_u2net,IMG_2021_r02_c01.jpg,IMG_2021.jpg,6,152,40,34,20260917
truffle_raspberry_0058,data/synthetic_slots/v1/dataset/images/train/truffle_raspberry/truffle_raspberry_0058.jpg,train,occupied,truffle_raspberry,Raspberry,IMG_1969_c016,IMG_1969.jpg,expanded_u2net,IMG_2024_r01_c02.jpg,IMG_2024.jpg,16,163,34,34,20260917
truffle_raspberry_0059,data/synthetic_slots/v1/dataset/images/train/truffle_raspberry/truffle_raspberry_0059.jpg,train,occupied,truffle_raspberry,Raspberry,IMG_1969_c016,IMG_1969.jpg,expanded_u2net,IMG_2027_r04_c04.jpg,IMG_2027.jpg,30,145,45,44,20260917
truffle_raspberry_0060,data/synthetic_slots/v1/dataset/images/train/truffle_raspberry/truffle_raspberry_0060.jpg,train,occupied,truffle_raspberry,Raspberry,IMG_1969_c016,IMG_1969.jpg,expanded_u2net,IMG_2031_r03_c01.jpg,IMG_2031.jpg,50,155,27,33,20260917
truffle_raspberry_0061,data/synthetic_slots/v1/dataset/images/train/truffle_raspberry/truffle_raspberry_0061.jpg,train,occupied,truffle_raspberry,Raspberry,IMG_1969_c016,IMG_1969.jpg,expanded_u2net,IMG_2021_r03_c02.jpg,IMG_2021.jpg,6,168,36,26,20260917
truffle_raspberry_0062,data/synthetic_slots/v1/dataset/images/train/truffle_raspberry/truffle_raspberry_0062.jpg,train,occupied,truffle_raspberry,Raspberry,IMG_1969_c016,IMG_1969.jpg,expanded_u2net,IMG_2025_r02_c02.jpg,IMG_2025.jpg,16,161,27,31,20260917
truffle_raspberry_0063,data/synthetic_slots/v1/dataset/images/train/truffle_raspberry/truffle_raspberry_0063.jpg,train,occupied,truffle_raspberry,Raspberry,IMG_1969_c016,IMG_1969.jpg,expanded_u2net,IMG_2027_r06_c01.jpg,IMG_2027.jpg,30,174,29,34,20260917
truffle_raspberry_0064,data/synthetic_slots/v1/dataset/images/train/truffle_raspberry/truffle_raspberry_0064.jpg,train,occupied,truffle_raspberry,Raspberry,IMG_1969_c016,IMG_1969.jpg,expanded_u2net,IMG_2032_r02_c04.jpg,IMG_2032.jpg,50,184,11,31,20260917
truffle_raspberry_0065,data/synthetic_slots/v1/dataset/images/train/truffle_raspberry/truffle_raspberry_0065.jpg,train,occupied,truffle_raspberry,Raspberry,IMG_1969_c016,IMG_1969.jpg,expanded_u2net,IMG_2021_r03_c01.jpg,IMG_2021.jpg,6,167,22,33,20260917
truffle_raspberry_0066,data/synthetic_slots/v1/dataset/images/train/truffle_raspberry/truffle_raspberry_0066.jpg,train,occupied,truffle_raspberry,Raspberry,IMG_1969_c016,IMG_1969.jpg,expanded_u2net,IMG_2026_r01_c02.jpg,IMG_2026.jpg,16,175,20,23,20260917
truffle_raspberry_0067,data/synthetic_slots/v1/dataset/images/train/truffle_raspberry/truffle_raspberry_0067.jpg,train,occupied,truffle_raspberry,Raspberry,IMG_1969_c016,IMG_1969.jpg,expanded_u2net,IMG_2028_r01_c02.jpg,IMG_2028.jpg,30,151,40,36,20260917
truffle_raspberry_0068,data/synthetic_slots/v1/dataset/images/train/truffle_raspberry/truffle_raspberry_0068.jpg,train,occupied,truffle_raspberry,Raspberry,IMG_1969_c016,IMG_1969.jpg,expanded_u2net,IMG_2033_r05_c01.jpg,IMG_2033.jpg,50,165,26,30,20260917
truffle_raspberry_0069,data/synthetic_slots/v1/dataset/images/train/truffle_raspberry/truffle_raspberry_0069.jpg,train,occupied,truffle_raspberry,Raspberry,IMG_1969_c016,IMG_1969.jpg,expanded_u2net,IMG_2021_r03_c01.jpg,IMG_2021.jpg,6,160,28,40,20260917
truffle_raspberry_0070,data/synthetic_slots/v1/dataset/images/train/truffle_raspberry/truffle_raspberry_0070.jpg,train,occupied,truffle_raspberry,Raspberry,IMG_1969_c016,IMG_1969.jpg,expanded_u2net,IMG_2026_r02_c03.jpg,IMG_2026.jpg,16,183,22,29,20260917
truffle_raspberry_0071,data/synthetic_slots/v1/dataset/images/train/truffle_raspberry/truffle_raspberry_0071.jpg,train,occupied,truffle_raspberry,Raspberry,IMG_1969_c016,IMG_1969.jpg,expanded_u2net,IMG_2029_r01_c03.jpg,IMG_2029.jpg,30,154,38,29,20260917
truffle_raspberry_0072,data/synthetic_slots/v1/dataset/images/train/truffle_raspberry/truffle_raspberry_0072.jpg,train,occupied,truffle_raspberry,Raspberry,IMG_1969_c016,IMG_1969.jpg,expanded_u2net,IMG_2033_r06_c02.jpg,IMG_2033.jpg,50,183,29,21,20260917
truffle_raspberry_0073,data/synthetic_slots/v1/dataset/images/train/truffle_raspberry/truffle_raspberry_0073.jpg,train,occupied,truffle_raspberry,Raspberry,IMG_1969_c016,IMG_1969.jpg,expanded_u2net,IMG_2019_r01_c02.jpg,IMG_2019.jpg,6,165,24,32,20260917
truffle_raspberry_0074,data/synthetic_slots/v1/dataset/images/train/truffle_raspberry/truffle_raspberry_0074.jpg,train,occupied,truffle_raspberry,Raspberry,IMG_1969_c016,IMG_1969.jpg,expanded_u2net,IMG_2022_r02_c02.jpg,IMG_2022.jpg,16,183,18,31,20260917
truffle_raspberry_0075,data/synthetic_slots/v1/dataset/images/train/truffle_raspberry/truffle_raspberry_0075.jpg,train,occupied,truffle_raspberry,Raspberry,IMG_1969_c016,IMG_1969.jpg,expanded_u2net,IMG_2027_r02_c02.jpg,IMG_2027.jpg,30,181,22,18,20260917
truffle_raspberry_0076,data/synthetic_slots/v1/dataset/images/train/truffle_raspberry/truffle_raspberry_0076.jpg,train,occupied,truffle_raspberry,Raspberry,IMG_1969_c016,IMG_1969.jpg,expanded_u2net,IMG_2032_r09_c04.jpg,IMG_2032.jpg,50,171,23,29,20260917
truffle_raspberry_0077,data/synthetic_slots/v1/dataset/images/train/truffle_raspberry/truffle_raspberry_0077.jpg,train,occupied,truffle_raspberry,Raspberry,IMG_1969_c016,IMG_1969.jpg,expanded_u2net,IMG_2019_r02_c02.jpg,IMG_2019.jpg,6,168,34,35,20260917
truffle_raspberry_0078,data/synthetic_slots/v1/dataset/images/train/truffle_raspberry/truffle_raspberry_0078.jpg,train,occupied,truffle_raspberry,Raspberry,IMG_1969_c016,IMG_1969.jpg,expanded_u2net,IMG_2026_r04_c03.jpg,IMG_2026.jpg,16,172,25,21,20260917
truffle_raspberry_0079,data/synthetic_slots/v1/dataset/images/train/truffle_raspberry/truffle_raspberry_0079.jpg,train,occupied,truffle_raspberry,Raspberry,IMG_1969_c016,IMG_1969.jpg,expanded_u2net,IMG_2029_r02_c05.jpg,IMG_2029.jpg,30,179,29,33,20260917
truffle_raspberry_0080,data/synthetic_slots/v1/dataset/images/train/truffle_raspberry/truffle_raspberry_0080.jpg,train,occupied,truffle_raspberry,Raspberry,IMG_1969_c016,IMG_1969.jpg,expanded_u2net,IMG_2033_r05_c03.jpg,IMG_2033.jpg,50,162,25,41,20260917
truffle_raspberry_0081,data/synthetic_slots/v1/dataset/images/validation/truffle_raspberry/truffle_raspberry_0081.jpg,validation,occupied,truffle_raspberry,Raspberry,IMG_1969_c016,IMG_1969.jpg,expanded_u2net,IMG_2020_r01_c01.jpg,IMG_2020.jpg,6,151,43,45,20260917
truffle_raspberry_0082,data/synthetic_slots/v1/dataset/images/validation/truffle_raspberry/truffle_raspberry_0082.jpg,validation,occupied,truffle_raspberry,Raspberry,IMG_1969_c016,IMG_1969.jpg,expanded_u2net,IMG_2023_r03_c04.jpg,IMG_2023.jpg,16,175,27,37,20260917
truffle_raspberry_0083,data/synthetic_slots/v1/dataset/images/validation/truffle_raspberry/truffle_raspberry_0083.jpg,validation,occupied,truffle_raspberry,Raspberry,IMG_1969_c016,IMG_1969.jpg,expanded_u2net,IMG_2030_r02_c05.jpg,IMG_2030.jpg,30,184,26,31,20260917
truffle_raspberry_0084,data/synthetic_slots/v1/dataset/images/validation/truffle_raspberry/truffle_raspberry_0084.jpg,validation,occupied,truffle_raspberry,Raspberry,IMG_1969_c016,IMG_1969.jpg,expanded_u2net,IMG_2034_r06_c02.jpg,IMG_2034.jpg,50,146,34,36,20260917
truffle_raspberry_0085,data/synthetic_slots/v1/dataset/images/validation/truffle_raspberry/truffle_raspberry_0085.jpg,validation,occupied,truffle_raspberry,Raspberry,IMG_1969_c016,IMG_1969.jpg,expanded_u2net,IMG_2020_r03_c02.jpg,IMG_2020.jpg,6,176,19,20,20260917
truffle_raspberry_0086,data/synthetic_slots/v1/dataset/images/validation/truffle_raspberry/truffle_raspberry_0086.jpg,validation,occupied,truffle_raspberry,Raspberry,IMG_1969_c016,IMG_1969.jpg,expanded_u2net,IMG_2023_r01_c01.jpg,IMG_2023.jpg,16,179,16,32,20260917
truffle_raspberry_0087,data/synthetic_slots/v1/dataset/images/validation/truffle_raspberry/truffle_raspberry_0087.jpg,validation,occupied,truffle_raspberry,Raspberry,IMG_1969_c016,IMG_1969.jpg,expanded_u2net,IMG_2030_r05_c05.jpg,IMG_2030.jpg,30,181,21,31,20260917
truffle_raspberry_0088,data/synthetic_slots/v1/dataset/images/validation/truffle_raspberry/truffle_raspberry_0088.jpg,validation,occupied,truffle_raspberry,Raspberry,IMG_1969_c016,IMG_1969.jpg,expanded_u2net,IMG_2034_r06_c05.jpg,IMG_2034.jpg,50,155,34,43,20260917
truffle_raspberry_0089,data/synthetic_slots/v1/dataset/images/validation/truffle_raspberry/truffle_raspberry_0089.jpg,validation,occupied,truffle_raspberry,Raspberry,IMG_1969_c016,IMG_1969.jpg,expanded_u2net,IMG_2020_r02_c02.jpg,IMG_2020.jpg,6,164,30,30,20260917
truffle_raspberry_0090,data/synthetic_slots/v1/dataset/images/validation/truffle_raspberry/truffle_raspberry_0090.jpg,validation,occupied,truffle_raspberry,Raspberry,IMG_1969_c016,IMG_1969.jpg,expanded_u2net,IMG_2023_r01_c04.jpg,IMG_2023.jpg,16,145,42,34,20260917
truffle_raspberry_0091,data/synthetic_slots/v1/dataset/images/validation/truffle_raspberry/truffle_raspberry_0091.jpg,validation,occupied,truffle_raspberry,Raspberry,IMG_1969_c016,IMG_1969.jpg,expanded_u2net,IMG_2030_r04_c05.jpg,IMG_2030.jpg,30,164,32,36,20260917
truffle_raspberry_0092,data/synthetic_slots/v1/dataset/images/validation/truffle_raspberry/truffle_raspberry_0092.jpg,validation,occupied,truffle_raspberry,Raspberry,IMG_1969_c016,IMG_1969.jpg,expanded_u2net,IMG_2034_r09_c03.jpg,IMG_2034.jpg,50,174,34,27,20260917
truffle_raspberry_0093,data/synthetic_slots/v1/dataset/images/validation/truffle_raspberry/truffle_raspberry_0093.jpg,validation,occupied,truffle_raspberry,Raspberry,IMG_1969_c016,IMG_1969.jpg,expanded_u2net,IMG_2020_r03_c02.jpg,IMG_2020.jpg,6,146,41,46,20260917
truffle_raspberry_0094,data/synthetic_slots/v1/dataset/images/validation/truffle_raspberry/truffle_raspberry_0094.jpg,validation,occupied,truffle_raspberry,Raspberry,IMG_1969_c016,IMG_1969.jpg,expanded_u2net,IMG_2023_r01_c02.jpg,IMG_2023.jpg,16,151,40,39,20260917
truffle_raspberry_0095,data/synthetic_slots/v1/dataset/images/validation/truffle_raspberry/truffle_raspberry_0095.jpg,validation,occupied,truffle_raspberry,Raspberry,IMG_1969_c016,IMG_1969.jpg,expanded_u2net,IMG_2030_r03_c01.jpg,IMG_2030.jpg,30,183,28,21,20260917
truffle_raspberry_0096,data/synthetic_slots/v1/dataset/images/validation/truffle_raspberry/truffle_raspberry_0096.jpg,validation,occupied,truffle_raspberry,Raspberry,IMG_1969_c016,IMG_1969.jpg,expanded_u2net,IMG_2034_r07_c02.jpg,IMG_2034.jpg,50,146,47,32,20260917
truffle_raspberry_0097,data/synthetic_slots/v1/dataset/images/validation/truffle_raspberry/truffle_raspberry_0097.jpg,validation,occupied,truffle_raspberry,Raspberry,IMG_1969_c016,IMG_1969.jpg,expanded_u2net,IMG_2020_r02_c02.jpg,IMG_2020.jpg,6,147,35,37,20260917
truffle_raspberry_0098,data/synthetic_slots/v1/dataset/images/validation/truffle_raspberry/truffle_raspberry_0098.jpg,validation,occupied,truffle_raspberry,Raspberry,IMG_1969_c016,IMG_1969.jpg,expanded_u2net,IMG_2023_r01_c04.jpg,IMG_2023.jpg,16,147,39,44,20260917
truffle_raspberry_0099,data/synthetic_slots/v1/dataset/images/validation/truffle_raspberry/truffle_raspberry_0099.jpg,validation,occupied,truffle_raspberry,Raspberry,IMG_1969_c016,IMG_1969.jpg,expanded_u2net,IMG_2030_r03_c03.jpg,IMG_2030.jpg,30,183,19,28,20260917
truffle_raspberry_0100,data/synthetic_slots/v1/dataset/images/validation/truffle_raspberry/truffle_raspberry_0100.jpg,validation,occupied,truffle_raspberry,Raspberry,IMG_1969_c016,IMG_1969.jpg,expanded_u2net,IMG_2034_r08_c01.jpg,IMG_2034.jpg,50,171,24,25,20260917
truffle_s_mores_0001,data/synthetic_slots/v1/dataset/images/train/truffle_s_mores/truffle_s_mores_0001.jpg,train,occupied,truffle_s_mores,S'mores,IMG_1971_c011,IMG_1971.jpg,manual_polygon,IMG_2019_r03_c01.jpg,IMG_2019.jpg,6,159,38,31,20260917
truffle_s_mores_0002,data/synthetic_slots/v1/dataset/images/train/truffle_s_mores/truffle_s_mores_0002.jpg,train,occupied,truffle_s_mores,S'mores,IMG_1971_c011,IMG_1971.jpg,manual_polygon,IMG_2025_r01_c02.jpg,IMG_2025.jpg,16,172,21,27,20260917
truffle_s_mores_0003,data/synthetic_slots/v1/dataset/images/train/truffle_s_mores/truffle_s_mores_0003.jpg,train,occupied,truffle_s_mores,S'mores,IMG_1971_c011,IMG_1971.jpg,manual_polygon,IMG_2029_r05_c02.jpg,IMG_2029.jpg,30,172,32,34,20260917
truffle_s_mores_0004,data/synthetic_slots/v1/dataset/images/train/truffle_s_mores/truffle_s_mores_0004.jpg,train,occupied,truffle_s_mores,S'mores,IMG_1971_c011,IMG_1971.jpg,manual_polygon,IMG_2031_r08_c02.jpg,IMG_2031.jpg,50,172,25,24,20260917
truffle_s_mores_0005,data/synthetic_slots/v1/dataset/images/train/truffle_s_mores/truffle_s_mores_0005.jpg,train,occupied,truffle_s_mores,S'mores,IMG_1971_c011,IMG_1971.jpg,manual_polygon,IMG_2019_r03_c02.jpg,IMG_2019.jpg,6,184,14,24,20260917
truffle_s_mores_0006,data/synthetic_slots/v1/dataset/images/train/truffle_s_mores/truffle_s_mores_0006.jpg,train,occupied,truffle_s_mores,S'mores,IMG_1971_c011,IMG_1971.jpg,manual_polygon,IMG_2026_r02_c04.jpg,IMG_2026.jpg,16,185,21,11,20260917
truffle_s_mores_0007,data/synthetic_slots/v1/dataset/images/train/truffle_s_mores/truffle_s_mores_0007.jpg,train,occupied,truffle_s_mores,S'mores,IMG_1971_c011,IMG_1971.jpg,manual_polygon,IMG_2029_r02_c02.jpg,IMG_2029.jpg,30,161,35,38,20260917
truffle_s_mores_0008,data/synthetic_slots/v1/dataset/images/train/truffle_s_mores/truffle_s_mores_0008.jpg,train,occupied,truffle_s_mores,S'mores,IMG_1971_c011,IMG_1971.jpg,manual_polygon,IMG_2031_r07_c02.jpg,IMG_2031.jpg,50,151,29,43,20260917
truffle_s_mores_0009,data/synthetic_slots/v1/dataset/images/train/truffle_s_mores/truffle_s_mores_0009.jpg,train,occupied,truffle_s_mores,S'mores,IMG_1971_c011,IMG_1971.jpg,manual_polygon,IMG_2019_r01_c01.jpg,IMG_2019.jpg,6,164,28,32,20260917
truffle_s_mores_0010,data/synthetic_slots/v1/dataset/images/train/truffle_s_mores/truffle_s_mores_0010.jpg,train,occupied,truffle_s_mores,S'mores,IMG_1971_c011,IMG_1971.jpg,manual_polygon,IMG_2022_r02_c03.jpg,IMG_2022.jpg,16,155,36,44,20260917
truffle_s_mores_0011,data/synthetic_slots/v1/dataset/images/train/truffle_s_mores/truffle_s_mores_0011.jpg,train,occupied,truffle_s_mores,S'mores,IMG_1971_c011,IMG_1971.jpg,manual_polygon,IMG_2029_r05_c04.jpg,IMG_2029.jpg,30,163,32,32,20260917
truffle_s_mores_0012,data/synthetic_slots/v1/dataset/images/train/truffle_s_mores/truffle_s_mores_0012.jpg,train,occupied,truffle_s_mores,S'mores,IMG_1971_c011,IMG_1971.jpg,manual_polygon,IMG_2031_r05_c02.jpg,IMG_2031.jpg,50,150,45,44,20260917
truffle_s_mores_0013,data/synthetic_slots/v1/dataset/images/train/truffle_s_mores/truffle_s_mores_0013.jpg,train,occupied,truffle_s_mores,S'mores,IMG_1971_c011,IMG_1971.jpg,manual_polygon,IMG_2019_r03_c02.jpg,IMG_2019.jpg,6,154,35,41,20260917
truffle_s_mores_0014,data/synthetic_slots/v1/dataset/images/train/truffle_s_mores/truffle_s_mores_0014.jpg,train,occupied,truffle_s_mores,S'mores,IMG_1971_c011,IMG_1971.jpg,manual_polygon,IMG_2025_r02_c03.jpg,IMG_2025.jpg,16,147,39,33,20260917
truffle_s_mores_0015,data/synthetic_slots/v1/dataset/images/train/truffle_s_mores/truffle_s_mores_0015.jpg,train,occupied,truffle_s_mores,S'mores,IMG_1971_c011,IMG_1971.jpg,manual_polygon,IMG_2028_r05_c03.jpg,IMG_2028.jpg,30,171,29,20,20260917
truffle_s_mores_0016,data/synthetic_slots/v1/dataset/images/train/truffle_s_mores/truffle_s_mores_0016.jpg,train,occupied,truffle_s_mores,S'mores,IMG_1971_c011,IMG_1971.jpg,manual_polygon,IMG_2031_r07_c03.jpg,IMG_2031.jpg,50,152,28,29,20260917
truffle_s_mores_0017,data/synthetic_slots/v1/dataset/images/train/truffle_s_mores/truffle_s_mores_0017.jpg,train,occupied,truffle_s_mores,S'mores,IMG_1971_c011,IMG_1971.jpg,manual_polygon,IMG_2019_r02_c01.jpg,IMG_2019.jpg,6,177,26,29,20260917
truffle_s_mores_0018,data/synthetic_slots/v1/dataset/images/train/truffle_s_mores/truffle_s_mores_0018.jpg,train,occupied,truffle_s_mores,S'mores,IMG_1971_c011,IMG_1971.jpg,manual_polygon,IMG_2022_r04_c04.jpg,IMG_2022.jpg,16,145,41,38,20260917
truffle_s_mores_0019,data/synthetic_slots/v1/dataset/images/train/truffle_s_mores/truffle_s_mores_0019.jpg,train,occupied,truffle_s_mores,S'mores,IMG_1971_c011,IMG_1971.jpg,manual_polygon,IMG_2027_r04_c04.jpg,IMG_2027.jpg,30,162,33,34,20260917
truffle_s_mores_0020,data/synthetic_slots/v1/dataset/images/train/truffle_s_mores/truffle_s_mores_0020.jpg,train,occupied,truffle_s_mores,S'mores,IMG_1971_c011,IMG_1971.jpg,manual_polygon,IMG_2032_r04_c01.jpg,IMG_2032.jpg,50,185,25,29,20260917
truffle_s_mores_0021,data/synthetic_slots/v1/dataset/images/train/truffle_s_mores/truffle_s_mores_0021.jpg,train,occupied,truffle_s_mores,S'mores,IMG_1971_c011,IMG_1971.jpg,manual_polygon,IMG_2021_r03_c01.jpg,IMG_2021.jpg,6,164,38,21,20260917
truffle_s_mores_0022,data/synthetic_slots/v1/dataset/images/train/truffle_s_mores/truffle_s_mores_0022.jpg,train,occupied,truffle_s_mores,S'mores,IMG_1971_c011,IMG_1971.jpg,manual_polygon,IMG_2024_r01_c01.jpg,IMG_2024.jpg,16,176,33,29,20260917
truffle_s_mores_0023,data/synthetic_slots/v1/dataset/images/train/truffle_s_mores/truffle_s_mores_0023.jpg,train,occupied,truffle_s_mores,S'mores,IMG_1971_c011,IMG_1971.jpg,manual_polygon,IMG_2028_r03_c04.jpg,IMG_2028.jpg,30,152,29,44,20260917
truffle_s_mores_0024,data/synthetic_slots/v1/dataset/images/train/truffle_s_mores/truffle_s_mores_0024.jpg,train,occupied,truffle_s_mores,S'mores,IMG_1971_c011,IMG_1971.jpg,manual_polygon,IMG_2033_r05_c04.jpg,IMG_2033.jpg,50,145,43,49,20260917
truffle_s_mores_0025,data/synthetic_slots/v1/dataset/images/train/truffle_s_mores/truffle_s_mores_0025.jpg,train,occupied,truffle_s_mores,S'mores,IMG_1971_c011,IMG_1971.jpg,manual_polygon,IMG_2019_r01_c02.jpg,IMG_2019.jpg,6,183,20,18,20260917
truffle_s_mores_0026,data/synthetic_slots/v1/dataset/images/train/truffle_s_mores/truffle_s_mores_0026.jpg,train,occupied,truffle_s_mores,S'mores,IMG_1971_c011,IMG_1971.jpg,manual_polygon,IMG_2024_r03_c03.jpg,IMG_2024.jpg,16,160,31,25,20260917
truffle_s_mores_0027,data/synthetic_slots/v1/dataset/images/train/truffle_s_mores/truffle_s_mores_0027.jpg,train,occupied,truffle_s_mores,S'mores,IMG_1971_c011,IMG_1971.jpg,manual_polygon,IMG_2027_r03_c02.jpg,IMG_2027.jpg,30,156,41,32,20260917
truffle_s_mores_0028,data/synthetic_slots/v1/dataset/images/train/truffle_s_mores/truffle_s_mores_0028.jpg,train,occupied,truffle_s_mores,S'mores,IMG_1971_c011,IMG_1971.jpg,manual_polygon,IMG_2031_r07_c01.jpg,IMG_2031.jpg,50,165,20,32,20260917
truffle_s_mores_0029,data/synthetic_slots/v1/dataset/images/train/truffle_s_mores/truffle_s_mores_0029.jpg,train,occupied,truffle_s_mores,S'mores,IMG_1971_c011,IMG_1971.jpg,manual_polygon,IMG_2019_r03_c02.jpg,IMG_2019.jpg,6,154,30,44,20260917
truffle_s_mores_0030,data/synthetic_slots/v1/dataset/images/train/truffle_s_mores/truffle_s_mores_0030.jpg,train,occupied,truffle_s_mores,S'mores,IMG_1971_c011,IMG_1971.jpg,manual_polygon,IMG_2025_r01_c02.jpg,IMG_2025.jpg,16,152,44,29,20260917
truffle_s_mores_0031,data/synthetic_slots/v1/dataset/images/train/truffle_s_mores/truffle_s_mores_0031.jpg,train,occupied,truffle_s_mores,S'mores,IMG_1971_c011,IMG_1971.jpg,manual_polygon,IMG_2028_r06_c04.jpg,IMG_2028.jpg,30,175,28,34,20260917
truffle_s_mores_0032,data/synthetic_slots/v1/dataset/images/train/truffle_s_mores/truffle_s_mores_0032.jpg,train,occupied,truffle_s_mores,S'mores,IMG_1971_c011,IMG_1971.jpg,manual_polygon,IMG_2031_r09_c04.jpg,IMG_2031.jpg,50,153,39,45,20260917
truffle_s_mores_0033,data/synthetic_slots/v1/dataset/images/train/truffle_s_mores/truffle_s_mores_0033.jpg,train,occupied,truffle_s_mores,S'mores,IMG_1971_c011,IMG_1971.jpg,manual_polygon,IMG_2021_r01_c01.jpg,IMG_2021.jpg,6,173,32,17,20260917
truffle_s_mores_0034,data/synthetic_slots/v1/dataset/images/train/truffle_s_mores/truffle_s_mores_0034.jpg,train,occupied,truffle_s_mores,S'mores,IMG_1971_c011,IMG_1971.jpg,manual_polygon,IMG_2026_r04_c02.jpg,IMG_2026.jpg,16,185,22,26,20260917
truffle_s_mores_0035,data/synthetic_slots/v1/dataset/images/train/truffle_s_mores/truffle_s_mores_0035.jpg,train,occupied,truffle_s_mores,S'mores,IMG_1971_c011,IMG_1971.jpg,manual_polygon,IMG_2027_r01_c03.jpg,IMG_2027.jpg,30,175,16,18,20260917
truffle_s_mores_0036,data/synthetic_slots/v1/dataset/images/train/truffle_s_mores/truffle_s_mores_0036.jpg,train,occupied,truffle_s_mores,S'mores,IMG_1971_c011,IMG_1971.jpg,manual_polygon,IMG_2033_r10_c01.jpg,IMG_2033.jpg,50,174,20,30,20260917
truffle_s_mores_0037,data/synthetic_slots/v1/dataset/images/train/truffle_s_mores/truffle_s_mores_0037.jpg,train,occupied,truffle_s_mores,S'mores,IMG_1971_c011,IMG_1971.jpg,manual_polygon,IMG_2021_r02_c01.jpg,IMG_2021.jpg,6,152,45,33,20260917
truffle_s_mores_0038,data/synthetic_slots/v1/dataset/images/train/truffle_s_mores/truffle_s_mores_0038.jpg,train,occupied,truffle_s_mores,S'mores,IMG_1971_c011,IMG_1971.jpg,manual_polygon,IMG_2024_r04_c04.jpg,IMG_2024.jpg,16,181,14,31,20260917
truffle_s_mores_0039,data/synthetic_slots/v1/dataset/images/train/truffle_s_mores/truffle_s_mores_0039.jpg,train,occupied,truffle_s_mores,S'mores,IMG_1971_c011,IMG_1971.jpg,manual_polygon,IMG_2027_r05_c01.jpg,IMG_2027.jpg,30,173,34,22,20260917
truffle_s_mores_0040,data/synthetic_slots/v1/dataset/images/train/truffle_s_mores/truffle_s_mores_0040.jpg,train,occupied,truffle_s_mores,S'mores,IMG_1971_c011,IMG_1971.jpg,manual_polygon,IMG_2033_r08_c02.jpg,IMG_2033.jpg,50,159,28,31,20260917
truffle_s_mores_0041,data/synthetic_slots/v1/dataset/images/train/truffle_s_mores/truffle_s_mores_0041.jpg,train,occupied,truffle_s_mores,S'mores,IMG_1971_c011,IMG_1971.jpg,manual_polygon,IMG_2019_r03_c02.jpg,IMG_2019.jpg,6,149,37,38,20260917
truffle_s_mores_0042,data/synthetic_slots/v1/dataset/images/train/truffle_s_mores/truffle_s_mores_0042.jpg,train,occupied,truffle_s_mores,S'mores,IMG_1971_c011,IMG_1971.jpg,manual_polygon,IMG_2024_r04_c01.jpg,IMG_2024.jpg,16,171,17,23,20260917
truffle_s_mores_0043,data/synthetic_slots/v1/dataset/images/train/truffle_s_mores/truffle_s_mores_0043.jpg,train,occupied,truffle_s_mores,S'mores,IMG_1971_c011,IMG_1971.jpg,manual_polygon,IMG_2027_r04_c02.jpg,IMG_2027.jpg,30,154,36,26,20260917
truffle_s_mores_0044,data/synthetic_slots/v1/dataset/images/train/truffle_s_mores/truffle_s_mores_0044.jpg,train,occupied,truffle_s_mores,S'mores,IMG_1971_c011,IMG_1971.jpg,manual_polygon,IMG_2031_r06_c04.jpg,IMG_2031.jpg,50,184,27,14,20260917
truffle_s_mores_0045,data/synthetic_slots/v1/dataset/images/train/truffle_s_mores/truffle_s_mores_0045.jpg,train,occupied,truffle_s_mores,S'mores,IMG_1971_c011,IMG_1971.jpg,manual_polygon,IMG_2019_r01_c01.jpg,IMG_2019.jpg,6,154,31,42,20260917
truffle_s_mores_0046,data/synthetic_slots/v1/dataset/images/train/truffle_s_mores/truffle_s_mores_0046.jpg,train,occupied,truffle_s_mores,S'mores,IMG_1971_c011,IMG_1971.jpg,manual_polygon,IMG_2026_r03_c04.jpg,IMG_2026.jpg,16,178,17,18,20260917
truffle_s_mores_0047,data/synthetic_slots/v1/dataset/images/train/truffle_s_mores/truffle_s_mores_0047.jpg,train,occupied,truffle_s_mores,S'mores,IMG_1971_c011,IMG_1971.jpg,manual_polygon,IMG_2029_r01_c03.jpg,IMG_2029.jpg,30,177,17,29,20260917
truffle_s_mores_0048,data/synthetic_slots/v1/dataset/images/train/truffle_s_mores/truffle_s_mores_0048.jpg,train,occupied,truffle_s_mores,S'mores,IMG_1971_c011,IMG_1971.jpg,manual_polygon,IMG_2032_r04_c05.jpg,IMG_2032.jpg,50,148,44,45,20260917
truffle_s_mores_0049,data/synthetic_slots/v1/dataset/images/train/truffle_s_mores/truffle_s_mores_0049.jpg,train,occupied,truffle_s_mores,S'mores,IMG_1971_c011,IMG_1971.jpg,manual_polygon,IMG_2019_r03_c01.jpg,IMG_2019.jpg,6,160,34,30,20260917
truffle_s_mores_0050,data/synthetic_slots/v1/dataset/images/train/truffle_s_mores/truffle_s_mores_0050.jpg,train,occupied,truffle_s_mores,S'mores,IMG_1971_c011,IMG_1971.jpg,manual_polygon,IMG_2025_r01_c03.jpg,IMG_2025.jpg,16,163,23,37,20260917
truffle_s_mores_0051,data/synthetic_slots/v1/dataset/images/train/truffle_s_mores/truffle_s_mores_0051.jpg,train,occupied,truffle_s_mores,S'mores,IMG_1971_c011,IMG_1971.jpg,manual_polygon,IMG_2027_r04_c01.jpg,IMG_2027.jpg,30,146,48,46,20260917
truffle_s_mores_0052,data/synthetic_slots/v1/dataset/images/train/truffle_s_mores/truffle_s_mores_0052.jpg,train,occupied,truffle_s_mores,S'mores,IMG_1971_c011,IMG_1971.jpg,manual_polygon,IMG_2032_r01_c01.jpg,IMG_2032.jpg,50,171,25,29,20260917
truffle_s_mores_0053,data/synthetic_slots/v1/dataset/images/train/truffle_s_mores/truffle_s_mores_0053.jpg,train,occupied,truffle_s_mores,S'mores,IMG_1971_c011,IMG_1971.jpg,manual_polygon,IMG_2019_r01_c02.jpg,IMG_2019.jpg,6,160,36,40,20260917
truffle_s_mores_0054,data/synthetic_slots/v1/dataset/images/train/truffle_s_mores/truffle_s_mores_0054.jpg,train,occupied,truffle_s_mores,S'mores,IMG_1971_c011,IMG_1971.jpg,manual_polygon,IMG_2022_r04_c03.jpg,IMG_2022.jpg,16,175,25,18,20260917
truffle_s_mores_0055,data/synthetic_slots/v1/dataset/images/train/truffle_s_mores/truffle_s_mores_0055.jpg,train,occupied,truffle_s_mores,S'mores,IMG_1971_c011,IMG_1971.jpg,manual_polygon,IMG_2028_r03_c05.jpg,IMG_2028.jpg,30,157,33,32,20260917
truffle_s_mores_0056,data/synthetic_slots/v1/dataset/images/train/truffle_s_mores/truffle_s_mores_0056.jpg,train,occupied,truffle_s_mores,S'mores,IMG_1971_c011,IMG_1971.jpg,manual_polygon,IMG_2031_r08_c03.jpg,IMG_2031.jpg,50,149,46,32,20260917
truffle_s_mores_0057,data/synthetic_slots/v1/dataset/images/train/truffle_s_mores/truffle_s_mores_0057.jpg,train,occupied,truffle_s_mores,S'mores,IMG_1971_c011,IMG_1971.jpg,manual_polygon,IMG_2021_r02_c01.jpg,IMG_2021.jpg,6,159,28,36,20260917
truffle_s_mores_0058,data/synthetic_slots/v1/dataset/images/train/truffle_s_mores/truffle_s_mores_0058.jpg,train,occupied,truffle_s_mores,S'mores,IMG_1971_c011,IMG_1971.jpg,manual_polygon,IMG_2026_r02_c03.jpg,IMG_2026.jpg,16,178,18,22,20260917
truffle_s_mores_0059,data/synthetic_slots/v1/dataset/images/train/truffle_s_mores/truffle_s_mores_0059.jpg,train,occupied,truffle_s_mores,S'mores,IMG_1971_c011,IMG_1971.jpg,manual_polygon,IMG_2028_r06_c03.jpg,IMG_2028.jpg,30,180,23,24,20260917
truffle_s_mores_0060,data/synthetic_slots/v1/dataset/images/train/truffle_s_mores/truffle_s_mores_0060.jpg,train,occupied,truffle_s_mores,S'mores,IMG_1971_c011,IMG_1971.jpg,manual_polygon,IMG_2033_r06_c02.jpg,IMG_2033.jpg,50,157,35,43,20260917
truffle_s_mores_0061,data/synthetic_slots/v1/dataset/images/train/truffle_s_mores/truffle_s_mores_0061.jpg,train,occupied,truffle_s_mores,S'mores,IMG_1971_c011,IMG_1971.jpg,manual_polygon,IMG_2019_r02_c02.jpg,IMG_2019.jpg,6,148,37,45,20260917
truffle_s_mores_0062,data/synthetic_slots/v1/dataset/images/train/truffle_s_mores/truffle_s_mores_0062.jpg,train,occupied,truffle_s_mores,S'mores,IMG_1971_c011,IMG_1971.jpg,manual_polygon,IMG_2026_r04_c04.jpg,IMG_2026.jpg,16,176,23,30,20260917
truffle_s_mores_0063,data/synthetic_slots/v1/dataset/images/train/truffle_s_mores/truffle_s_mores_0063.jpg,train,occupied,truffle_s_mores,S'mores,IMG_1971_c011,IMG_1971.jpg,manual_polygon,IMG_2027_r02_c03.jpg,IMG_2027.jpg,30,147,39,43,20260917
truffle_s_mores_0064,data/synthetic_slots/v1/dataset/images/train/truffle_s_mores/truffle_s_mores_0064.jpg,train,occupied,truffle_s_mores,S'mores,IMG_1971_c011,IMG_1971.jpg,manual_polygon,IMG_2031_r04_c02.jpg,IMG_2031.jpg,50,149,29,33,20260917
truffle_s_mores_0065,data/synthetic_slots/v1/dataset/images/train/truffle_s_mores/truffle_s_mores_0065.jpg,train,occupied,truffle_s_mores,S'mores,IMG_1971_c011,IMG_1971.jpg,manual_polygon,IMG_2021_r03_c01.jpg,IMG_2021.jpg,6,168,22,28,20260917
truffle_s_mores_0066,data/synthetic_slots/v1/dataset/images/train/truffle_s_mores/truffle_s_mores_0066.jpg,train,occupied,truffle_s_mores,S'mores,IMG_1971_c011,IMG_1971.jpg,manual_polygon,IMG_2025_r03_c01.jpg,IMG_2025.jpg,16,167,21,21,20260917
truffle_s_mores_0067,data/synthetic_slots/v1/dataset/images/train/truffle_s_mores/truffle_s_mores_0067.jpg,train,occupied,truffle_s_mores,S'mores,IMG_1971_c011,IMG_1971.jpg,manual_polygon,IMG_2029_r02_c04.jpg,IMG_2029.jpg,30,174,28,26,20260917
truffle_s_mores_0068,data/synthetic_slots/v1/dataset/images/train/truffle_s_mores/truffle_s_mores_0068.jpg,train,occupied,truffle_s_mores,S'mores,IMG_1971_c011,IMG_1971.jpg,manual_polygon,IMG_2031_r04_c01.jpg,IMG_2031.jpg,50,179,16,20,20260917
truffle_s_mores_0069,data/synthetic_slots/v1/dataset/images/train/truffle_s_mores/truffle_s_mores_0069.jpg,train,occupied,truffle_s_mores,S'mores,IMG_1971_c011,IMG_1971.jpg,manual_polygon,IMG_2021_r03_c02.jpg,IMG_2021.jpg,6,183,14,19,20260917
truffle_s_mores_0070,data/synthetic_slots/v1/dataset/images/train/truffle_s_mores/truffle_s_mores_0070.jpg,train,occupied,truffle_s_mores,S'mores,IMG_1971_c011,IMG_1971.jpg,manual_polygon,IMG_2025_r02_c01.jpg,IMG_2025.jpg,16,185,20,15,20260917
truffle_s_mores_0071,data/synthetic_slots/v1/dataset/images/train/truffle_s_mores/truffle_s_mores_0071.jpg,train,occupied,truffle_s_mores,S'mores,IMG_1971_c011,IMG_1971.jpg,manual_polygon,IMG_2029_r04_c02.jpg,IMG_2029.jpg,30,161,24,35,20260917
truffle_s_mores_0072,data/synthetic_slots/v1/dataset/images/train/truffle_s_mores/truffle_s_mores_0072.jpg,train,occupied,truffle_s_mores,S'mores,IMG_1971_c011,IMG_1971.jpg,manual_polygon,IMG_2033_r05_c03.jpg,IMG_2033.jpg,50,184,19,17,20260917
truffle_s_mores_0073,data/synthetic_slots/v1/dataset/images/train/truffle_s_mores/truffle_s_mores_0073.jpg,train,occupied,truffle_s_mores,S'mores,IMG_1971_c011,IMG_1971.jpg,manual_polygon,IMG_2019_r01_c02.jpg,IMG_2019.jpg,6,184,11,16,20260917
truffle_s_mores_0074,data/synthetic_slots/v1/dataset/images/train/truffle_s_mores/truffle_s_mores_0074.jpg,train,occupied,truffle_s_mores,S'mores,IMG_1971_c011,IMG_1971.jpg,manual_polygon,IMG_2025_r03_c02.jpg,IMG_2025.jpg,16,148,35,29,20260917
truffle_s_mores_0075,data/synthetic_slots/v1/dataset/images/train/truffle_s_mores/truffle_s_mores_0075.jpg,train,occupied,truffle_s_mores,S'mores,IMG_1971_c011,IMG_1971.jpg,manual_polygon,IMG_2028_r01_c03.jpg,IMG_2028.jpg,30,176,20,24,20260917
truffle_s_mores_0076,data/synthetic_slots/v1/dataset/images/train/truffle_s_mores/truffle_s_mores_0076.jpg,train,occupied,truffle_s_mores,S'mores,IMG_1971_c011,IMG_1971.jpg,manual_polygon,IMG_2032_r01_c04.jpg,IMG_2032.jpg,50,147,38,42,20260917
truffle_s_mores_0077,data/synthetic_slots/v1/dataset/images/train/truffle_s_mores/truffle_s_mores_0077.jpg,train,occupied,truffle_s_mores,S'mores,IMG_1971_c011,IMG_1971.jpg,manual_polygon,IMG_2021_r01_c01.jpg,IMG_2021.jpg,6,150,30,39,20260917
truffle_s_mores_0078,data/synthetic_slots/v1/dataset/images/train/truffle_s_mores/truffle_s_mores_0078.jpg,train,occupied,truffle_s_mores,S'mores,IMG_1971_c011,IMG_1971.jpg,manual_polygon,IMG_2025_r04_c01.jpg,IMG_2025.jpg,16,145,46,35,20260917
truffle_s_mores_0079,data/synthetic_slots/v1/dataset/images/train/truffle_s_mores/truffle_s_mores_0079.jpg,train,occupied,truffle_s_mores,S'mores,IMG_1971_c011,IMG_1971.jpg,manual_polygon,IMG_2029_r03_c04.jpg,IMG_2029.jpg,30,156,32,32,20260917
truffle_s_mores_0080,data/synthetic_slots/v1/dataset/images/train/truffle_s_mores/truffle_s_mores_0080.jpg,train,occupied,truffle_s_mores,S'mores,IMG_1971_c011,IMG_1971.jpg,manual_polygon,IMG_2031_r05_c04.jpg,IMG_2031.jpg,50,177,25,18,20260917
truffle_s_mores_0081,data/synthetic_slots/v1/dataset/images/validation/truffle_s_mores/truffle_s_mores_0081.jpg,validation,occupied,truffle_s_mores,S'mores,IMG_1971_c011,IMG_1971.jpg,manual_polygon,IMG_2020_r01_c02.jpg,IMG_2020.jpg,6,157,32,33,20260917
truffle_s_mores_0082,data/synthetic_slots/v1/dataset/images/validation/truffle_s_mores/truffle_s_mores_0082.jpg,validation,occupied,truffle_s_mores,S'mores,IMG_1971_c011,IMG_1971.jpg,manual_polygon,IMG_2023_r03_c01.jpg,IMG_2023.jpg,16,174,22,32,20260917
truffle_s_mores_0083,data/synthetic_slots/v1/dataset/images/validation/truffle_s_mores/truffle_s_mores_0083.jpg,validation,occupied,truffle_s_mores,S'mores,IMG_1971_c011,IMG_1971.jpg,manual_polygon,IMG_2030_r02_c02.jpg,IMG_2030.jpg,30,172,34,24,20260917
truffle_s_mores_0084,data/synthetic_slots/v1/dataset/images/validation/truffle_s_mores/truffle_s_mores_0084.jpg,validation,occupied,truffle_s_mores,S'mores,IMG_1971_c011,IMG_1971.jpg,manual_polygon,IMG_2034_r04_c01.jpg,IMG_2034.jpg,50,158,40,42,20260917
truffle_s_mores_0085,data/synthetic_slots/v1/dataset/images/validation/truffle_s_mores/truffle_s_mores_0085.jpg,validation,occupied,truffle_s_mores,S'mores,IMG_1971_c011,IMG_1971.jpg,manual_polygon,IMG_2020_r03_c01.jpg,IMG_2020.jpg,6,179,16,22,20260917
truffle_s_mores_0086,data/synthetic_slots/v1/dataset/images/validation/truffle_s_mores/truffle_s_mores_0086.jpg,validation,occupied,truffle_s_mores,S'mores,IMG_1971_c011,IMG_1971.jpg,manual_polygon,IMG_2023_r03_c03.jpg,IMG_2023.jpg,16,158,31,31,20260917
truffle_s_mores_0087,data/synthetic_slots/v1/dataset/images/validation/truffle_s_mores/truffle_s_mores_0087.jpg,validation,occupied,truffle_s_mores,S'mores,IMG_1971_c011,IMG_1971.jpg,manual_polygon,IMG_2030_r06_c04.jpg,IMG_2030.jpg,30,175,28,23,20260917
truffle_s_mores_0088,data/synthetic_slots/v1/dataset/images/validation/truffle_s_mores/truffle_s_mores_0088.jpg,validation,occupied,truffle_s_mores,S'mores,IMG_1971_c011,IMG_1971.jpg,manual_polygon,IMG_2034_r07_c04.jpg,IMG_2034.jpg,50,174,29,27,20260917
truffle_s_mores_0089,data/synthetic_slots/v1/dataset/images/validation/truffle_s_mores/truffle_s_mores_0089.jpg,validation,occupied,truffle_s_mores,S'mores,IMG_1971_c011,IMG_1971.jpg,manual_polygon,IMG_2020_r01_c01.jpg,IMG_2020.jpg,6,149,30,43,20260917
truffle_s_mores_0090,data/synthetic_slots/v1/dataset/images/validation/truffle_s_mores/truffle_s_mores_0090.jpg,validation,occupied,truffle_s_mores,S'mores,IMG_1971_c011,IMG_1971.jpg,manual_polygon,IMG_2023_r02_c03.jpg,IMG_2023.jpg,16,183,16,23,20260917
truffle_s_mores_0091,data/synthetic_slots/v1/dataset/images/validation/truffle_s_mores/truffle_s_mores_0091.jpg,validation,occupied,truffle_s_mores,S'mores,IMG_1971_c011,IMG_1971.jpg,manual_polygon,IMG_2030_r03_c03.jpg,IMG_2030.jpg,30,161,31,28,20260917
truffle_s_mores_0092,data/synthetic_slots/v1/dataset/images/validation/truffle_s_mores/truffle_s_mores_0092.jpg,validation,occupied,truffle_s_mores,S'mores,IMG_1971_c011,IMG_1971.jpg,manual_polygon,IMG_2034_r08_c02.jpg,IMG_2034.jpg,50,174,33,25,20260917
truffle_s_mores_0093,data/synthetic_slots/v1/dataset/images/validation/truffle_s_mores/truffle_s_mores_0093.jpg,validation,occupied,truffle_s_mores,S'mores,IMG_1971_c011,IMG_1971.jpg,manual_polygon,IMG_2020_r02_c02.jpg,IMG_2020.jpg,6,160,28,39,20260917
truffle_s_mores_0094,data/synthetic_slots/v1/dataset/images/validation/truffle_s_mores/truffle_s_mores_0094.jpg,validation,occupied,truffle_s_mores,S'mores,IMG_1971_c011,IMG_1971.jpg,manual_polygon,IMG_2023_r02_c01.jpg,IMG_2023.jpg,16,168,21,20,20260917
truffle_s_mores_0095,data/synthetic_slots/v1/dataset/images/validation/truffle_s_mores/truffle_s_mores_0095.jpg,validation,occupied,truffle_s_mores,S'mores,IMG_1971_c011,IMG_1971.jpg,manual_polygon,IMG_2030_r01_c01.jpg,IMG_2030.jpg,30,151,36,45,20260917
truffle_s_mores_0096,data/synthetic_slots/v1/dataset/images/validation/truffle_s_mores/truffle_s_mores_0096.jpg,validation,occupied,truffle_s_mores,S'mores,IMG_1971_c011,IMG_1971.jpg,manual_polygon,IMG_2034_r10_c02.jpg,IMG_2034.jpg,50,178,24,31,20260917
truffle_s_mores_0097,data/synthetic_slots/v1/dataset/images/validation/truffle_s_mores/truffle_s_mores_0097.jpg,validation,occupied,truffle_s_mores,S'mores,IMG_1971_c011,IMG_1971.jpg,manual_polygon,IMG_2020_r03_c02.jpg,IMG_2020.jpg,6,169,24,24,20260917
truffle_s_mores_0098,data/synthetic_slots/v1/dataset/images/validation/truffle_s_mores/truffle_s_mores_0098.jpg,validation,occupied,truffle_s_mores,S'mores,IMG_1971_c011,IMG_1971.jpg,manual_polygon,IMG_2023_r04_c04.jpg,IMG_2023.jpg,16,162,38,28,20260917
truffle_s_mores_0099,data/synthetic_slots/v1/dataset/images/validation/truffle_s_mores/truffle_s_mores_0099.jpg,validation,occupied,truffle_s_mores,S'mores,IMG_1971_c011,IMG_1971.jpg,manual_polygon,IMG_2030_r06_c01.jpg,IMG_2030.jpg,30,153,38,32,20260917
truffle_s_mores_0100,data/synthetic_slots/v1/dataset/images/validation/truffle_s_mores/truffle_s_mores_0100.jpg,validation,occupied,truffle_s_mores,S'mores,IMG_1971_c011,IMG_1971.jpg,manual_polygon,IMG_2034_r06_c04.jpg,IMG_2034.jpg,50,181,24,24,20260917
truffle_salted_caramel_0001,data/synthetic_slots/v1/dataset/images/train/truffle_salted_caramel/truffle_salted_caramel_0001.jpg,train,occupied,truffle_salted_caramel,Salted Caramel,IMG_1967_c004,IMG_1967.jpg,manual_polygon,IMG_2021_r02_c01.jpg,IMG_2021.jpg,6,176,32,28,20260917
truffle_salted_caramel_0002,data/synthetic_slots/v1/dataset/images/train/truffle_salted_caramel/truffle_salted_caramel_0002.jpg,train,occupied,truffle_salted_caramel,Salted Caramel,IMG_1967_c004,IMG_1967.jpg,manual_polygon,IMG_2022_r04_c01.jpg,IMG_2022.jpg,16,168,22,30,20260917
truffle_salted_caramel_0003,data/synthetic_slots/v1/dataset/images/train/truffle_salted_caramel/truffle_salted_caramel_0003.jpg,train,occupied,truffle_salted_caramel,Salted Caramel,IMG_1967_c004,IMG_1967.jpg,manual_polygon,IMG_2027_r04_c01.jpg,IMG_2027.jpg,30,164,37,36,20260917
truffle_salted_caramel_0004,data/synthetic_slots/v1/dataset/images/train/truffle_salted_caramel/truffle_salted_caramel_0004.jpg,train,occupied,truffle_salted_caramel,Salted Caramel,IMG_1967_c004,IMG_1967.jpg,manual_polygon,IMG_2032_r06_c03.jpg,IMG_2032.jpg,50,174,32,22,20260917
truffle_salted_caramel_0005,data/synthetic_slots/v1/dataset/images/train/truffle_salted_caramel/truffle_salted_caramel_0005.jpg,train,occupied,truffle_salted_caramel,Salted Caramel,IMG_1967_c004,IMG_1967.jpg,manual_polygon,IMG_2021_r03_c01.jpg,IMG_2021.jpg,6,165,28,21,20260917
truffle_salted_caramel_0006,data/synthetic_slots/v1/dataset/images/train/truffle_salted_caramel/truffle_salted_caramel_0006.jpg,train,occupied,truffle_salted_caramel,Salted Caramel,IMG_1967_c004,IMG_1967.jpg,manual_polygon,IMG_2026_r03_c02.jpg,IMG_2026.jpg,16,155,29,26,20260917
truffle_salted_caramel_0007,data/synthetic_slots/v1/dataset/images/train/truffle_salted_caramel/truffle_salted_caramel_0007.jpg,train,occupied,truffle_salted_caramel,Salted Caramel,IMG_1967_c004,IMG_1967.jpg,manual_polygon,IMG_2027_r05_c01.jpg,IMG_2027.jpg,30,151,36,29,20260917
truffle_salted_caramel_0008,data/synthetic_slots/v1/dataset/images/train/truffle_salted_caramel/truffle_salted_caramel_0008.jpg,train,occupied,truffle_salted_caramel,Salted Caramel,IMG_1967_c004,IMG_1967.jpg,manual_polygon,IMG_2033_r07_c01.jpg,IMG_2033.jpg,50,177,33,31,20260917
truffle_salted_caramel_0009,data/synthetic_slots/v1/dataset/images/train/truffle_salted_caramel/truffle_salted_caramel_0009.jpg,train,occupied,truffle_salted_caramel,Salted Caramel,IMG_1967_c004,IMG_1967.jpg,manual_polygon,IMG_2021_r03_c02.jpg,IMG_2021.jpg,6,180,18,29,20260917
truffle_salted_caramel_0010,data/synthetic_slots/v1/dataset/images/train/truffle_salted_caramel/truffle_salted_caramel_0010.jpg,train,occupied,truffle_salted_caramel,Salted Caramel,IMG_1967_c004,IMG_1967.jpg,manual_polygon,IMG_2026_r02_c01.jpg,IMG_2026.jpg,16,149,41,28,20260917
truffle_salted_caramel_0011,data/synthetic_slots/v1/dataset/images/train/truffle_salted_caramel/truffle_salted_caramel_0011.jpg,train,occupied,truffle_salted_caramel,Salted Caramel,IMG_1967_c004,IMG_1967.jpg,manual_polygon,IMG_2028_r01_c01.jpg,IMG_2028.jpg,30,160,41,36,20260917
truffle_salted_caramel_0012,data/synthetic_slots/v1/dataset/images/train/truffle_salted_caramel/truffle_salted_caramel_0012.jpg,train,occupied,truffle_salted_caramel,Salted Caramel,IMG_1967_c004,IMG_1967.jpg,manual_polygon,IMG_2033_r10_c01.jpg,IMG_2033.jpg,50,160,42,32,20260917
truffle_salted_caramel_0013,data/synthetic_slots/v1/dataset/images/train/truffle_salted_caramel/truffle_salted_caramel_0013.jpg,train,occupied,truffle_salted_caramel,Salted Caramel,IMG_1967_c004,IMG_1967.jpg,manual_polygon,IMG_2021_r02_c01.jpg,IMG_2021.jpg,6,156,29,25,20260917
truffle_salted_caramel_0014,data/synthetic_slots/v1/dataset/images/train/truffle_salted_caramel/truffle_salted_caramel_0014.jpg,train,occupied,truffle_salted_caramel,Salted Caramel,IMG_1967_c004,IMG_1967.jpg,manual_polygon,IMG_2026_r03_c02.jpg,IMG_2026.jpg,16,183,22,17,20260917
truffle_salted_caramel_0015,data/synthetic_slots/v1/dataset/images/train/truffle_salted_caramel/truffle_salted_caramel_0015.jpg,train,occupied,truffle_salted_caramel,Salted Caramel,IMG_1967_c004,IMG_1967.jpg,manual_polygon,IMG_2029_r06_c04.jpg,IMG_2029.jpg,30,185,15,20,20260917
truffle_salted_caramel_0016,data/synthetic_slots/v1/dataset/images/train/truffle_salted_caramel/truffle_salted_caramel_0016.jpg,train,occupied,truffle_salted_caramel,Salted Caramel,IMG_1967_c004,IMG_1967.jpg,manual_polygon,IMG_2033_r06_c02.jpg,IMG_2033.jpg,50,149,45,32,20260917
truffle_salted_caramel_0017,data/synthetic_slots/v1/dataset/images/train/truffle_salted_caramel/truffle_salted_caramel_0017.jpg,train,occupied,truffle_salted_caramel,Salted Caramel,IMG_1967_c004,IMG_1967.jpg,manual_polygon,IMG_2021_r01_c01.jpg,IMG_2021.jpg,6,161,42,38,20260917
truffle_salted_caramel_0018,data/synthetic_slots/v1/dataset/images/train/truffle_salted_caramel/truffle_salted_caramel_0018.jpg,train,occupied,truffle_salted_caramel,Salted Caramel,IMG_1967_c004,IMG_1967.jpg,manual_polygon,IMG_2025_r02_c04.jpg,IMG_2025.jpg,16,161,38,29,20260917
truffle_salted_caramel_0019,data/synthetic_slots/v1/dataset/images/train/truffle_salted_caramel/truffle_salted_caramel_0019.jpg,train,occupied,truffle_salted_caramel,Salted Caramel,IMG_1967_c004,IMG_1967.jpg,manual_polygon,IMG_2028_r06_c01.jpg,IMG_2028.jpg,30,158,32,42,20260917
truffle_salted_caramel_0020,data/synthetic_slots/v1/dataset/images/train/truffle_salted_caramel/truffle_salted_caramel_0020.jpg,train,occupied,truffle_salted_caramel,Salted Caramel,IMG_1967_c004,IMG_1967.jpg,manual_polygon,IMG_2032_r01_c05.jpg,IMG_2032.jpg,50,179,31,25,20260917
truffle_salted_caramel_0021,data/synthetic_slots/v1/dataset/images/train/truffle_salted_caramel/truffle_salted_caramel_0021.jpg,train,occupied,truffle_salted_caramel,Salted Caramel,IMG_1967_c004,IMG_1967.jpg,manual_polygon,IMG_2021_r01_c01.jpg,IMG_2021.jpg,6,168,37,19,20260917
truffle_salted_caramel_0022,data/synthetic_slots/v1/dataset/images/train/truffle_salted_caramel/truffle_salted_caramel_0022.jpg,train,occupied,truffle_salted_caramel,Salted Caramel,IMG_1967_c004,IMG_1967.jpg,manual_polygon,IMG_2022_r04_c03.jpg,IMG_2022.jpg,16,146,40,32,20260917
truffle_salted_caramel_0023,data/synthetic_slots/v1/dataset/images/train/truffle_salted_caramel/truffle_salted_caramel_0023.jpg,train,occupied,truffle_salted_caramel,Salted Caramel,IMG_1967_c004,IMG_1967.jpg,manual_polygon,IMG_2028_r03_c04.jpg,IMG_2028.jpg,30,158,44,35,20260917
truffle_salted_caramel_0024,data/synthetic_slots/v1/dataset/images/train/truffle_salted_caramel/truffle_salted_caramel_0024.jpg,train,occupied,truffle_salted_caramel,Salted Caramel,IMG_1967_c004,IMG_1967.jpg,manual_polygon,IMG_2032_r10_c03.jpg,IMG_2032.jpg,50,178,23,21,20260917
truffle_salted_caramel_0025,data/synthetic_slots/v1/dataset/images/train/truffle_salted_caramel/truffle_salted_caramel_0025.jpg,train,occupied,truffle_salted_caramel,Salted Caramel,IMG_1967_c004,IMG_1967.jpg,manual_polygon,IMG_2021_r03_c02.jpg,IMG_2021.jpg,6,159,33,34,20260917
truffle_salted_caramel_0026,data/synthetic_slots/v1/dataset/images/train/truffle_salted_caramel/truffle_salted_caramel_0026.jpg,train,occupied,truffle_salted_caramel,Salted Caramel,IMG_1967_c004,IMG_1967.jpg,manual_polygon,IMG_2022_r01_c02.jpg,IMG_2022.jpg,16,145,50,34,20260917
truffle_salted_caramel_0027,data/synthetic_slots/v1/dataset/images/train/truffle_salted_caramel/truffle_salted_caramel_0027.jpg,train,occupied,truffle_salted_caramel,Salted Caramel,IMG_1967_c004,IMG_1967.jpg,manual_polygon,IMG_2028_r02_c05.jpg,IMG_2028.jpg,30,179,19,13,20260917
truffle_salted_caramel_0028,data/synthetic_slots/v1/dataset/images/train/truffle_salted_caramel/truffle_salted_caramel_0028.jpg,train,occupied,truffle_salted_caramel,Salted Caramel,IMG_1967_c004,IMG_1967.jpg,manual_polygon,IMG_2032_r04_c02.jpg,IMG_2032.jpg,50,163,25,31,20260917
truffle_salted_caramel_0029,data/synthetic_slots/v1/dataset/images/train/truffle_salted_caramel/truffle_salted_caramel_0029.jpg,train,occupied,truffle_salted_caramel,Salted Caramel,IMG_1967_c004,IMG_1967.jpg,manual_polygon,IMG_2021_r01_c02.jpg,IMG_2021.jpg,6,167,24,19,20260917
truffle_salted_caramel_0030,data/synthetic_slots/v1/dataset/images/train/truffle_salted_caramel/truffle_salted_caramel_0030.jpg,train,occupied,truffle_salted_caramel,Salted Caramel,IMG_1967_c004,IMG_1967.jpg,manual_polygon,IMG_2026_r03_c03.jpg,IMG_2026.jpg,16,177,26,32,20260917
truffle_salted_caramel_0031,data/synthetic_slots/v1/dataset/images/train/truffle_salted_caramel/truffle_salted_caramel_0031.jpg,train,occupied,truffle_salted_caramel,Salted Caramel,IMG_1967_c004,IMG_1967.jpg,manual_polygon,IMG_2028_r01_c04.jpg,IMG_2028.jpg,30,178,29,25,20260917
truffle_salted_caramel_0032,data/synthetic_slots/v1/dataset/images/train/truffle_salted_caramel/truffle_salted_caramel_0032.jpg,train,occupied,truffle_salted_caramel,Salted Caramel,IMG_1967_c004,IMG_1967.jpg,manual_polygon,IMG_2031_r02_c04.jpg,IMG_2031.jpg,50,178,30,16,20260917
truffle_salted_caramel_0033,data/synthetic_slots/v1/dataset/images/train/truffle_salted_caramel/truffle_salted_caramel_0033.jpg,train,occupied,truffle_salted_caramel,Salted Caramel,IMG_1967_c004,IMG_1967.jpg,manual_polygon,IMG_2019_r01_c02.jpg,IMG_2019.jpg,6,169,35,30,20260917
truffle_salted_caramel_0034,data/synthetic_slots/v1/dataset/images/train/truffle_salted_caramel/truffle_salted_caramel_0034.jpg,train,occupied,truffle_salted_caramel,Salted Caramel,IMG_1967_c004,IMG_1967.jpg,manual_polygon,IMG_2024_r04_c01.jpg,IMG_2024.jpg,16,158,28,25,20260917
truffle_salted_caramel_0035,data/synthetic_slots/v1/dataset/images/train/truffle_salted_caramel/truffle_salted_caramel_0035.jpg,train,occupied,truffle_salted_caramel,Salted Caramel,IMG_1967_c004,IMG_1967.jpg,manual_polygon,IMG_2028_r03_c01.jpg,IMG_2028.jpg,30,159,30,30,20260917
truffle_salted_caramel_0036,data/synthetic_slots/v1/dataset/images/train/truffle_salted_caramel/truffle_salted_caramel_0036.jpg,train,occupied,truffle_salted_caramel,Salted Caramel,IMG_1967_c004,IMG_1967.jpg,manual_polygon,IMG_2031_r04_c05.jpg,IMG_2031.jpg,50,165,35,37,20260917
truffle_salted_caramel_0037,data/synthetic_slots/v1/dataset/images/train/truffle_salted_caramel/truffle_salted_caramel_0037.jpg,train,occupied,truffle_salted_caramel,Salted Caramel,IMG_1967_c004,IMG_1967.jpg,manual_polygon,IMG_2021_r03_c02.jpg,IMG_2021.jpg,6,175,26,20,20260917
truffle_salted_caramel_0038,data/synthetic_slots/v1/dataset/images/train/truffle_salted_caramel/truffle_salted_caramel_0038.jpg,train,occupied,truffle_salted_caramel,Salted Caramel,IMG_1967_c004,IMG_1967.jpg,manual_polygon,IMG_2024_r04_c02.jpg,IMG_2024.jpg,16,154,40,30,20260917
truffle_salted_caramel_0039,data/synthetic_slots/v1/dataset/images/train/truffle_salted_caramel/truffle_salted_caramel_0039.jpg,train,occupied,truffle_salted_caramel,Salted Caramel,IMG_1967_c004,IMG_1967.jpg,manual_polygon,IMG_2028_r01_c02.jpg,IMG_2028.jpg,30,172,32,23,20260917
truffle_salted_caramel_0040,data/synthetic_slots/v1/dataset/images/train/truffle_salted_caramel/truffle_salted_caramel_0040.jpg,train,occupied,truffle_salted_caramel,Salted Caramel,IMG_1967_c004,IMG_1967.jpg,manual_polygon,IMG_2031_r07_c02.jpg,IMG_2031.jpg,50,154,46,39,20260917
truffle_salted_caramel_0041,data/synthetic_slots/v1/dataset/images/train/truffle_salted_caramel/truffle_salted_caramel_0041.jpg,train,occupied,truffle_salted_caramel,Salted Caramel,IMG_1967_c004,IMG_1967.jpg,manual_polygon,IMG_2021_r03_c01.jpg,IMG_2021.jpg,6,169,22,20,20260917
truffle_salted_caramel_0042,data/synthetic_slots/v1/dataset/images/train/truffle_salted_caramel/truffle_salted_caramel_0042.jpg,train,occupied,truffle_salted_caramel,Salted Caramel,IMG_1967_c004,IMG_1967.jpg,manual_polygon,IMG_2026_r03_c02.jpg,IMG_2026.jpg,16,146,35,48,20260917
truffle_salted_caramel_0043,data/synthetic_slots/v1/dataset/images/train/truffle_salted_caramel/truffle_salted_caramel_0043.jpg,train,occupied,truffle_salted_caramel,Salted Caramel,IMG_1967_c004,IMG_1967.jpg,manual_polygon,IMG_2028_r03_c05.jpg,IMG_2028.jpg,30,183,32,18,20260917
truffle_salted_caramel_0044,data/synthetic_slots/v1/dataset/images/train/truffle_salted_caramel/truffle_salted_caramel_0044.jpg,train,occupied,truffle_salted_caramel,Salted Caramel,IMG_1967_c004,IMG_1967.jpg,manual_polygon,IMG_2031_r05_c01.jpg,IMG_2031.jpg,50,154,29,43,20260917
truffle_salted_caramel_0045,data/synthetic_slots/v1/dataset/images/train/truffle_salted_caramel/truffle_salted_caramel_0045.jpg,train,occupied,truffle_salted_caramel,Salted Caramel,IMG_1967_c004,IMG_1967.jpg,manual_polygon,IMG_2021_r01_c01.jpg,IMG_2021.jpg,6,168,34,20,20260917
truffle_salted_caramel_0046,data/synthetic_slots/v1/dataset/images/train/truffle_salted_caramel/truffle_salted_caramel_0046.jpg,train,occupied,truffle_salted_caramel,Salted Caramel,IMG_1967_c004,IMG_1967.jpg,manual_polygon,IMG_2025_r04_c02.jpg,IMG_2025.jpg,16,148,44,40,20260917
truffle_salted_caramel_0047,data/synthetic_slots/v1/dataset/images/train/truffle_salted_caramel/truffle_salted_caramel_0047.jpg,train,occupied,truffle_salted_caramel,Salted Caramel,IMG_1967_c004,IMG_1967.jpg,manual_polygon,IMG_2029_r02_c02.jpg,IMG_2029.jpg,30,181,23,22,20260917
truffle_salted_caramel_0048,data/synthetic_slots/v1/dataset/images/train/truffle_salted_caramel/truffle_salted_caramel_0048.jpg,train,occupied,truffle_salted_caramel,Salted Caramel,IMG_1967_c004,IMG_1967.jpg,manual_polygon,IMG_2031_r04_c03.jpg,IMG_2031.jpg,50,164,30,30,20260917
truffle_salted_caramel_0049,data/synthetic_slots/v1/dataset/images/train/truffle_salted_caramel/truffle_salted_caramel_0049.jpg,train,occupied,truffle_salted_caramel,Salted Caramel,IMG_1967_c004,IMG_1967.jpg,manual_polygon,IMG_2021_r03_c02.jpg,IMG_2021.jpg,6,178,35,32,20260917
truffle_salted_caramel_0050,data/synthetic_slots/v1/dataset/images/train/truffle_salted_caramel/truffle_salted_caramel_0050.jpg,train,occupied,truffle_salted_caramel,Salted Caramel,IMG_1967_c004,IMG_1967.jpg,manual_polygon,IMG_2026_r02_c02.jpg,IMG_2026.jpg,16,172,34,18,20260917
truffle_salted_caramel_0051,data/synthetic_slots/v1/dataset/images/train/truffle_salted_caramel/truffle_salted_caramel_0051.jpg,train,occupied,truffle_salted_caramel,Salted Caramel,IMG_1967_c004,IMG_1967.jpg,manual_polygon,IMG_2027_r01_c03.jpg,IMG_2027.jpg,30,159,38,24,20260917
truffle_salted_caramel_0052,data/synthetic_slots/v1/dataset/images/train/truffle_salted_caramel/truffle_salted_caramel_0052.jpg,train,occupied,truffle_salted_caramel,Salted Caramel,IMG_1967_c004,IMG_1967.jpg,manual_polygon,IMG_2033_r03_c05.jpg,IMG_2033.jpg,50,179,17,20,20260917
truffle_salted_caramel_0053,data/synthetic_slots/v1/dataset/images/train/truffle_salted_caramel/truffle_salted_caramel_0053.jpg,train,occupied,truffle_salted_caramel,Salted Caramel,IMG_1967_c004,IMG_1967.jpg,manual_polygon,IMG_2021_r02_c02.jpg,IMG_2021.jpg,6,160,43,31,20260917
truffle_salted_caramel_0054,data/synthetic_slots/v1/dataset/images/train/truffle_salted_caramel/truffle_salted_caramel_0054.jpg,train,occupied,truffle_salted_caramel,Salted Caramel,IMG_1967_c004,IMG_1967.jpg,manual_polygon,IMG_2022_r02_c04.jpg,IMG_2022.jpg,16,145,33,36,20260917
truffle_salted_caramel_0055,data/synthetic_slots/v1/dataset/images/train/truffle_salted_caramel/truffle_salted_caramel_0055.jpg,train,occupied,truffle_salted_caramel,Salted Caramel,IMG_1967_c004,IMG_1967.jpg,manual_polygon,IMG_2027_r05_c04.jpg,IMG_2027.jpg,30,150,41,46,20260917
truffle_salted_caramel_0056,data/synthetic_slots/v1/dataset/images/train/truffle_salted_caramel/truffle_salted_caramel_0056.jpg,train,occupied,truffle_salted_caramel,Salted Caramel,IMG_1967_c004,IMG_1967.jpg,manual_polygon,IMG_2033_r06_c02.jpg,IMG_2033.jpg,50,175,31,16,20260917
truffle_salted_caramel_0057,data/synthetic_slots/v1/dataset/images/train/truffle_salted_caramel/truffle_salted_caramel_0057.jpg,train,occupied,truffle_salted_caramel,Salted Caramel,IMG_1967_c004,IMG_1967.jpg,manual_polygon,IMG_2021_r03_c01.jpg,IMG_2021.jpg,6,161,26,24,20260917
truffle_salted_caramel_0058,data/synthetic_slots/v1/dataset/images/train/truffle_salted_caramel/truffle_salted_caramel_0058.jpg,train,occupied,truffle_salted_caramel,Salted Caramel,IMG_1967_c004,IMG_1967.jpg,manual_polygon,IMG_2024_r03_c01.jpg,IMG_2024.jpg,16,175,18,23,20260917
truffle_salted_caramel_0059,data/synthetic_slots/v1/dataset/images/train/truffle_salted_caramel/truffle_salted_caramel_0059.jpg,train,occupied,truffle_salted_caramel,Salted Caramel,IMG_1967_c004,IMG_1967.jpg,manual_polygon,IMG_2029_r02_c04.jpg,IMG_2029.jpg,30,153,37,34,20260917
truffle_salted_caramel_0060,data/synthetic_slots/v1/dataset/images/train/truffle_salted_caramel/truffle_salted_caramel_0060.jpg,train,occupied,truffle_salted_caramel,Salted Caramel,IMG_1967_c004,IMG_1967.jpg,manual_polygon,IMG_2031_r07_c02.jpg,IMG_2031.jpg,50,181,17,28,20260917
truffle_salted_caramel_0061,data/synthetic_slots/v1/dataset/images/train/truffle_salted_caramel/truffle_salted_caramel_0061.jpg,train,occupied,truffle_salted_caramel,Salted Caramel,IMG_1967_c004,IMG_1967.jpg,manual_polygon,IMG_2019_r03_c02.jpg,IMG_2019.jpg,6,168,38,30,20260917
truffle_salted_caramel_0062,data/synthetic_slots/v1/dataset/images/train/truffle_salted_caramel/truffle_salted_caramel_0062.jpg,train,occupied,truffle_salted_caramel,Salted Caramel,IMG_1967_c004,IMG_1967.jpg,manual_polygon,IMG_2026_r03_c02.jpg,IMG_2026.jpg,16,157,38,30,20260917
truffle_salted_caramel_0063,data/synthetic_slots/v1/dataset/images/train/truffle_salted_caramel/truffle_salted_caramel_0063.jpg,train,occupied,truffle_salted_caramel,Salted Caramel,IMG_1967_c004,IMG_1967.jpg,manual_polygon,IMG_2029_r03_c02.jpg,IMG_2029.jpg,30,173,30,24,20260917
truffle_salted_caramel_0064,data/synthetic_slots/v1/dataset/images/train/truffle_salted_caramel/truffle_salted_caramel_0064.jpg,train,occupied,truffle_salted_caramel,Salted Caramel,IMG_1967_c004,IMG_1967.jpg,manual_polygon,IMG_2031_r01_c04.jpg,IMG_2031.jpg,50,146,46,40,20260917
truffle_salted_caramel_0065,data/synthetic_slots/v1/dataset/images/train/truffle_salted_caramel/truffle_salted_caramel_0065.jpg,train,occupied,truffle_salted_caramel,Salted Caramel,IMG_1967_c004,IMG_1967.jpg,manual_polygon,IMG_2019_r02_c02.jpg,IMG_2019.jpg,6,152,37,45,20260917
truffle_salted_caramel_0066,data/synthetic_slots/v1/dataset/images/train/truffle_salted_caramel/truffle_salted_caramel_0066.jpg,train,occupied,truffle_salted_caramel,Salted Caramel,IMG_1967_c004,IMG_1967.jpg,manual_polygon,IMG_2026_r02_c02.jpg,IMG_2026.jpg,16,167,34,19,20260917
truffle_salted_caramel_0067,data/synthetic_slots/v1/dataset/images/train/truffle_salted_caramel/truffle_salted_caramel_0067.jpg,train,occupied,truffle_salted_caramel,Salted Caramel,IMG_1967_c004,IMG_1967.jpg,manual_polygon,IMG_2027_r05_c02.jpg,IMG_2027.jpg,30,164,39,34,20260917
truffle_salted_caramel_0068,data/synthetic_slots/v1/dataset/images/train/truffle_salted_caramel/truffle_salted_caramel_0068.jpg,train,occupied,truffle_salted_caramel,Salted Caramel,IMG_1967_c004,IMG_1967.jpg,manual_polygon,IMG_2032_r06_c02.jpg,IMG_2032.jpg,50,151,41,38,20260917
truffle_salted_caramel_0069,data/synthetic_slots/v1/dataset/images/train/truffle_salted_caramel/truffle_salted_caramel_0069.jpg,train,occupied,truffle_salted_caramel,Salted Caramel,IMG_1967_c004,IMG_1967.jpg,manual_polygon,IMG_2019_r02_c02.jpg,IMG_2019.jpg,6,167,39,32,20260917
truffle_salted_caramel_0070,data/synthetic_slots/v1/dataset/images/train/truffle_salted_caramel/truffle_salted_caramel_0070.jpg,train,occupied,truffle_salted_caramel,Salted Caramel,IMG_1967_c004,IMG_1967.jpg,manual_polygon,IMG_2026_r03_c03.jpg,IMG_2026.jpg,16,166,25,26,20260917
truffle_salted_caramel_0071,data/synthetic_slots/v1/dataset/images/train/truffle_salted_caramel/truffle_salted_caramel_0071.jpg,train,occupied,truffle_salted_caramel,Salted Caramel,IMG_1967_c004,IMG_1967.jpg,manual_polygon,IMG_2028_r06_c04.jpg,IMG_2028.jpg,30,147,49,33,20260917
truffle_salted_caramel_0072,data/synthetic_slots/v1/dataset/images/train/truffle_salted_caramel/truffle_salted_caramel_0072.jpg,train,occupied,truffle_salted_caramel,Salted Caramel,IMG_1967_c004,IMG_1967.jpg,manual_polygon,IMG_2031_r04_c04.jpg,IMG_2031.jpg,50,165,22,27,20260917
truffle_salted_caramel_0073,data/synthetic_slots/v1/dataset/images/train/truffle_salted_caramel/truffle_salted_caramel_0073.jpg,train,occupied,truffle_salted_caramel,Salted Caramel,IMG_1967_c004,IMG_1967.jpg,manual_polygon,IMG_2021_r03_c02.jpg,IMG_2021.jpg,6,175,23,18,20260917
truffle_salted_caramel_0074,data/synthetic_slots/v1/dataset/images/train/truffle_salted_caramel/truffle_salted_caramel_0074.jpg,train,occupied,truffle_salted_caramel,Salted Caramel,IMG_1967_c004,IMG_1967.jpg,manual_polygon,IMG_2022_r02_c01.jpg,IMG_2022.jpg,16,163,30,26,20260917
truffle_salted_caramel_0075,data/synthetic_slots/v1/dataset/images/train/truffle_salted_caramel/truffle_salted_caramel_0075.jpg,train,occupied,truffle_salted_caramel,Salted Caramel,IMG_1967_c004,IMG_1967.jpg,manual_polygon,IMG_2029_r06_c04.jpg,IMG_2029.jpg,30,180,26,22,20260917
truffle_salted_caramel_0076,data/synthetic_slots/v1/dataset/images/train/truffle_salted_caramel/truffle_salted_caramel_0076.jpg,train,occupied,truffle_salted_caramel,Salted Caramel,IMG_1967_c004,IMG_1967.jpg,manual_polygon,IMG_2033_r01_c02.jpg,IMG_2033.jpg,50,180,28,24,20260917
truffle_salted_caramel_0077,data/synthetic_slots/v1/dataset/images/train/truffle_salted_caramel/truffle_salted_caramel_0077.jpg,train,occupied,truffle_salted_caramel,Salted Caramel,IMG_1967_c004,IMG_1967.jpg,manual_polygon,IMG_2021_r02_c02.jpg,IMG_2021.jpg,6,178,28,16,20260917
truffle_salted_caramel_0078,data/synthetic_slots/v1/dataset/images/train/truffle_salted_caramel/truffle_salted_caramel_0078.jpg,train,occupied,truffle_salted_caramel,Salted Caramel,IMG_1967_c004,IMG_1967.jpg,manual_polygon,IMG_2025_r04_c03.jpg,IMG_2025.jpg,16,169,26,33,20260917
truffle_salted_caramel_0079,data/synthetic_slots/v1/dataset/images/train/truffle_salted_caramel/truffle_salted_caramel_0079.jpg,train,occupied,truffle_salted_caramel,Salted Caramel,IMG_1967_c004,IMG_1967.jpg,manual_polygon,IMG_2029_r05_c01.jpg,IMG_2029.jpg,30,164,37,39,20260917
truffle_salted_caramel_0080,data/synthetic_slots/v1/dataset/images/train/truffle_salted_caramel/truffle_salted_caramel_0080.jpg,train,occupied,truffle_salted_caramel,Salted Caramel,IMG_1967_c004,IMG_1967.jpg,manual_polygon,IMG_2031_r09_c02.jpg,IMG_2031.jpg,50,159,36,35,20260917
truffle_salted_caramel_0081,data/synthetic_slots/v1/dataset/images/validation/truffle_salted_caramel/truffle_salted_caramel_0081.jpg,validation,occupied,truffle_salted_caramel,Salted Caramel,IMG_1967_c004,IMG_1967.jpg,manual_polygon,IMG_2020_r03_c01.jpg,IMG_2020.jpg,6,175,32,23,20260917
truffle_salted_caramel_0082,data/synthetic_slots/v1/dataset/images/validation/truffle_salted_caramel/truffle_salted_caramel_0082.jpg,validation,occupied,truffle_salted_caramel,Salted Caramel,IMG_1967_c004,IMG_1967.jpg,manual_polygon,IMG_2023_r04_c03.jpg,IMG_2023.jpg,16,153,35,38,20260917
truffle_salted_caramel_0083,data/synthetic_slots/v1/dataset/images/validation/truffle_salted_caramel/truffle_salted_caramel_0083.jpg,validation,occupied,truffle_salted_caramel,Salted Caramel,IMG_1967_c004,IMG_1967.jpg,manual_polygon,IMG_2030_r06_c03.jpg,IMG_2030.jpg,30,185,18,16,20260917
truffle_salted_caramel_0084,data/synthetic_slots/v1/dataset/images/validation/truffle_salted_caramel/truffle_salted_caramel_0084.jpg,validation,occupied,truffle_salted_caramel,Salted Caramel,IMG_1967_c004,IMG_1967.jpg,manual_polygon,IMG_2034_r03_c04.jpg,IMG_2034.jpg,50,177,20,27,20260917
truffle_salted_caramel_0085,data/synthetic_slots/v1/dataset/images/validation/truffle_salted_caramel/truffle_salted_caramel_0085.jpg,validation,occupied,truffle_salted_caramel,Salted Caramel,IMG_1967_c004,IMG_1967.jpg,manual_polygon,IMG_2020_r01_c02.jpg,IMG_2020.jpg,6,178,29,22,20260917
truffle_salted_caramel_0086,data/synthetic_slots/v1/dataset/images/validation/truffle_salted_caramel/truffle_salted_caramel_0086.jpg,validation,occupied,truffle_salted_caramel,Salted Caramel,IMG_1967_c004,IMG_1967.jpg,manual_polygon,IMG_2023_r02_c02.jpg,IMG_2023.jpg,16,182,15,29,20260917
truffle_salted_caramel_0087,data/synthetic_slots/v1/dataset/images/validation/truffle_salted_caramel/truffle_salted_caramel_0087.jpg,validation,occupied,truffle_salted_caramel,Salted Caramel,IMG_1967_c004,IMG_1967.jpg,manual_polygon,IMG_2030_r04_c04.jpg,IMG_2030.jpg,30,146,50,32,20260917
truffle_salted_caramel_0088,data/synthetic_slots/v1/dataset/images/validation/truffle_salted_caramel/truffle_salted_caramel_0088.jpg,validation,occupied,truffle_salted_caramel,Salted Caramel,IMG_1967_c004,IMG_1967.jpg,manual_polygon,IMG_2034_r07_c01.jpg,IMG_2034.jpg,50,160,41,25,20260917
truffle_salted_caramel_0089,data/synthetic_slots/v1/dataset/images/validation/truffle_salted_caramel/truffle_salted_caramel_0089.jpg,validation,occupied,truffle_salted_caramel,Salted Caramel,IMG_1967_c004,IMG_1967.jpg,manual_polygon,IMG_2020_r02_c02.jpg,IMG_2020.jpg,6,154,46,34,20260917
truffle_salted_caramel_0090,data/synthetic_slots/v1/dataset/images/validation/truffle_salted_caramel/truffle_salted_caramel_0090.jpg,validation,occupied,truffle_salted_caramel,Salted Caramel,IMG_1967_c004,IMG_1967.jpg,manual_polygon,IMG_2023_r03_c02.jpg,IMG_2023.jpg,16,150,34,36,20260917
truffle_salted_caramel_0091,data/synthetic_slots/v1/dataset/images/validation/truffle_salted_caramel/truffle_salted_caramel_0091.jpg,validation,occupied,truffle_salted_caramel,Salted Caramel,IMG_1967_c004,IMG_1967.jpg,manual_polygon,IMG_2030_r04_c01.jpg,IMG_2030.jpg,30,151,32,39,20260917
truffle_salted_caramel_0092,data/synthetic_slots/v1/dataset/images/validation/truffle_salted_caramel/truffle_salted_caramel_0092.jpg,validation,occupied,truffle_salted_caramel,Salted Caramel,IMG_1967_c004,IMG_1967.jpg,manual_polygon,IMG_2034_r08_c04.jpg,IMG_2034.jpg,50,163,37,22,20260917
truffle_salted_caramel_0093,data/synthetic_slots/v1/dataset/images/validation/truffle_salted_caramel/truffle_salted_caramel_0093.jpg,validation,occupied,truffle_salted_caramel,Salted Caramel,IMG_1967_c004,IMG_1967.jpg,manual_polygon,IMG_2020_r02_c01.jpg,IMG_2020.jpg,6,178,31,22,20260917
truffle_salted_caramel_0094,data/synthetic_slots/v1/dataset/images/validation/truffle_salted_caramel/truffle_salted_caramel_0094.jpg,validation,occupied,truffle_salted_caramel,Salted Caramel,IMG_1967_c004,IMG_1967.jpg,manual_polygon,IMG_2023_r02_c02.jpg,IMG_2023.jpg,16,184,19,22,20260917
truffle_salted_caramel_0095,data/synthetic_slots/v1/dataset/images/validation/truffle_salted_caramel/truffle_salted_caramel_0095.jpg,validation,occupied,truffle_salted_caramel,Salted Caramel,IMG_1967_c004,IMG_1967.jpg,manual_polygon,IMG_2030_r05_c02.jpg,IMG_2030.jpg,30,177,27,14,20260917
truffle_salted_caramel_0096,data/synthetic_slots/v1/dataset/images/validation/truffle_salted_caramel/truffle_salted_caramel_0096.jpg,validation,occupied,truffle_salted_caramel,Salted Caramel,IMG_1967_c004,IMG_1967.jpg,manual_polygon,IMG_2034_r10_c01.jpg,IMG_2034.jpg,50,145,48,44,20260917
truffle_salted_caramel_0097,data/synthetic_slots/v1/dataset/images/validation/truffle_salted_caramel/truffle_salted_caramel_0097.jpg,validation,occupied,truffle_salted_caramel,Salted Caramel,IMG_1967_c004,IMG_1967.jpg,manual_polygon,IMG_2020_r02_c01.jpg,IMG_2020.jpg,6,152,31,32,20260917
truffle_salted_caramel_0098,data/synthetic_slots/v1/dataset/images/validation/truffle_salted_caramel/truffle_salted_caramel_0098.jpg,validation,occupied,truffle_salted_caramel,Salted Caramel,IMG_1967_c004,IMG_1967.jpg,manual_polygon,IMG_2023_r04_c03.jpg,IMG_2023.jpg,16,155,40,32,20260917
truffle_salted_caramel_0099,data/synthetic_slots/v1/dataset/images/validation/truffle_salted_caramel/truffle_salted_caramel_0099.jpg,validation,occupied,truffle_salted_caramel,Salted Caramel,IMG_1967_c004,IMG_1967.jpg,manual_polygon,IMG_2030_r02_c04.jpg,IMG_2030.jpg,30,166,29,38,20260917
truffle_salted_caramel_0100,data/synthetic_slots/v1/dataset/images/validation/truffle_salted_caramel/truffle_salted_caramel_0100.jpg,validation,occupied,truffle_salted_caramel,Salted Caramel,IMG_1967_c004,IMG_1967.jpg,manual_polygon,IMG_2034_r03_c02.jpg,IMG_2034.jpg,50,149,42,31,20260917
truffle_strawberry_shortcake_0001,data/synthetic_slots/v1/dataset/images/train/truffle_strawberry_shortcake/truffle_strawberry_shortcake_0001.jpg,train,occupied,truffle_strawberry_shortcake,Strawberry Shortcake,IMG_1990_c018,IMG_1990.jpg,expanded_u2net,IMG_2021_r02_c01.jpg,IMG_2021.jpg,6,162,34,33,20260917
truffle_strawberry_shortcake_0002,data/synthetic_slots/v1/dataset/images/train/truffle_strawberry_shortcake/truffle_strawberry_shortcake_0002.jpg,train,occupied,truffle_strawberry_shortcake,Strawberry Shortcake,IMG_1990_c018,IMG_1990.jpg,expanded_u2net,IMG_2022_r01_c01.jpg,IMG_2022.jpg,16,180,23,24,20260917
truffle_strawberry_shortcake_0003,data/synthetic_slots/v1/dataset/images/train/truffle_strawberry_shortcake/truffle_strawberry_shortcake_0003.jpg,train,occupied,truffle_strawberry_shortcake,Strawberry Shortcake,IMG_1990_c018,IMG_1990.jpg,expanded_u2net,IMG_2028_r05_c01.jpg,IMG_2028.jpg,30,167,23,27,20260917
truffle_strawberry_shortcake_0004,data/synthetic_slots/v1/dataset/images/train/truffle_strawberry_shortcake/truffle_strawberry_shortcake_0004.jpg,train,occupied,truffle_strawberry_shortcake,Strawberry Shortcake,IMG_1990_c018,IMG_1990.jpg,expanded_u2net,IMG_2033_r05_c02.jpg,IMG_2033.jpg,50,168,31,25,20260917
truffle_strawberry_shortcake_0005,data/synthetic_slots/v1/dataset/images/train/truffle_strawberry_shortcake/truffle_strawberry_shortcake_0005.jpg,train,occupied,truffle_strawberry_shortcake,Strawberry Shortcake,IMG_1990_c018,IMG_1990.jpg,expanded_u2net,IMG_2021_r03_c01.jpg,IMG_2021.jpg,6,157,32,34,20260917
truffle_strawberry_shortcake_0006,data/synthetic_slots/v1/dataset/images/train/truffle_strawberry_shortcake/truffle_strawberry_shortcake_0006.jpg,train,occupied,truffle_strawberry_shortcake,Strawberry Shortcake,IMG_1990_c018,IMG_1990.jpg,expanded_u2net,IMG_2025_r04_c02.jpg,IMG_2025.jpg,16,150,41,45,20260917
truffle_strawberry_shortcake_0007,data/synthetic_slots/v1/dataset/images/train/truffle_strawberry_shortcake/truffle_strawberry_shortcake_0007.jpg,train,occupied,truffle_strawberry_shortcake,Strawberry Shortcake,IMG_1990_c018,IMG_1990.jpg,expanded_u2net,IMG_2027_r02_c03.jpg,IMG_2027.jpg,30,176,21,28,20260917
truffle_strawberry_shortcake_0008,data/synthetic_slots/v1/dataset/images/train/truffle_strawberry_shortcake/truffle_strawberry_shortcake_0008.jpg,train,occupied,truffle_strawberry_shortcake,Strawberry Shortcake,IMG_1990_c018,IMG_1990.jpg,expanded_u2net,IMG_2033_r10_c04.jpg,IMG_2033.jpg,50,178,25,25,20260917
truffle_strawberry_shortcake_0009,data/synthetic_slots/v1/dataset/images/train/truffle_strawberry_shortcake/truffle_strawberry_shortcake_0009.jpg,train,occupied,truffle_strawberry_shortcake,Strawberry Shortcake,IMG_1990_c018,IMG_1990.jpg,expanded_u2net,IMG_2019_r01_c02.jpg,IMG_2019.jpg,6,157,39,40,20260917
truffle_strawberry_shortcake_0010,data/synthetic_slots/v1/dataset/images/train/truffle_strawberry_shortcake/truffle_strawberry_shortcake_0010.jpg,train,occupied,truffle_strawberry_shortcake,Strawberry Shortcake,IMG_1990_c018,IMG_1990.jpg,expanded_u2net,IMG_2022_r02_c01.jpg,IMG_2022.jpg,16,179,26,25,20260917
truffle_strawberry_shortcake_0011,data/synthetic_slots/v1/dataset/images/train/truffle_strawberry_shortcake/truffle_strawberry_shortcake_0011.jpg,train,occupied,truffle_strawberry_shortcake,Strawberry Shortcake,IMG_1990_c018,IMG_1990.jpg,expanded_u2net,IMG_2029_r05_c01.jpg,IMG_2029.jpg,30,167,20,24,20260917
truffle_strawberry_shortcake_0012,data/synthetic_slots/v1/dataset/images/train/truffle_strawberry_shortcake/truffle_strawberry_shortcake_0012.jpg,train,occupied,truffle_strawberry_shortcake,Strawberry Shortcake,IMG_1990_c018,IMG_1990.jpg,expanded_u2net,IMG_2032_r06_c03.jpg,IMG_2032.jpg,50,147,46,41,20260917
truffle_strawberry_shortcake_0013,data/synthetic_slots/v1/dataset/images/train/truffle_strawberry_shortcake/truffle_strawberry_shortcake_0013.jpg,train,occupied,truffle_strawberry_shortcake,Strawberry Shortcake,IMG_1990_c018,IMG_1990.jpg,expanded_u2net,IMG_2021_r02_c02.jpg,IMG_2021.jpg,6,184,29,24,20260917
truffle_strawberry_shortcake_0014,data/synthetic_slots/v1/dataset/images/train/truffle_strawberry_shortcake/truffle_strawberry_shortcake_0014.jpg,train,occupied,truffle_strawberry_shortcake,Strawberry Shortcake,IMG_1990_c018,IMG_1990.jpg,expanded_u2net,IMG_2022_r03_c02.jpg,IMG_2022.jpg,16,164,24,35,20260917
truffle_strawberry_shortcake_0015,data/synthetic_slots/v1/dataset/images/train/truffle_strawberry_shortcake/truffle_strawberry_shortcake_0015.jpg,train,occupied,truffle_strawberry_shortcake,Strawberry Shortcake,IMG_1990_c018,IMG_1990.jpg,expanded_u2net,IMG_2029_r01_c01.jpg,IMG_2029.jpg,30,173,26,36,20260917
truffle_strawberry_shortcake_0016,data/synthetic_slots/v1/dataset/images/train/truffle_strawberry_shortcake/truffle_strawberry_shortcake_0016.jpg,train,occupied,truffle_strawberry_shortcake,Strawberry Shortcake,IMG_1990_c018,IMG_1990.jpg,expanded_u2net,IMG_2032_r10_c02.jpg,IMG_2032.jpg,50,147,46,43,20260917
truffle_strawberry_shortcake_0017,data/synthetic_slots/v1/dataset/images/train/truffle_strawberry_shortcake/truffle_strawberry_shortcake_0017.jpg,train,occupied,truffle_strawberry_shortcake,Strawberry Shortcake,IMG_1990_c018,IMG_1990.jpg,expanded_u2net,IMG_2019_r02_c02.jpg,IMG_2019.jpg,6,171,19,26,20260917
truffle_strawberry_shortcake_0018,data/synthetic_slots/v1/dataset/images/train/truffle_strawberry_shortcake/truffle_strawberry_shortcake_0018.jpg,train,occupied,truffle_strawberry_shortcake,Strawberry Shortcake,IMG_1990_c018,IMG_1990.jpg,expanded_u2net,IMG_2022_r03_c02.jpg,IMG_2022.jpg,16,159,40,41,20260917
truffle_strawberry_shortcake_0019,data/synthetic_slots/v1/dataset/images/train/truffle_strawberry_shortcake/truffle_strawberry_shortcake_0019.jpg,train,occupied,truffle_strawberry_shortcake,Strawberry Shortcake,IMG_1990_c018,IMG_1990.jpg,expanded_u2net,IMG_2027_r05_c01.jpg,IMG_2027.jpg,30,169,25,21,20260917
truffle_strawberry_shortcake_0020,data/synthetic_slots/v1/dataset/images/train/truffle_strawberry_shortcake/truffle_strawberry_shortcake_0020.jpg,train,occupied,truffle_strawberry_shortcake,Strawberry Shortcake,IMG_1990_c018,IMG_1990.jpg,expanded_u2net,IMG_2033_r06_c02.jpg,IMG_2033.jpg,50,172,33,26,20260917
truffle_strawberry_shortcake_0021,data/synthetic_slots/v1/dataset/images/train/truffle_strawberry_shortcake/truffle_strawberry_shortcake_0021.jpg,train,occupied,truffle_strawberry_shortcake,Strawberry Shortcake,IMG_1990_c018,IMG_1990.jpg,expanded_u2net,IMG_2021_r02_c02.jpg,IMG_2021.jpg,6,163,31,40,20260917
truffle_strawberry_shortcake_0022,data/synthetic_slots/v1/dataset/images/train/truffle_strawberry_shortcake/truffle_strawberry_shortcake_0022.jpg,train,occupied,truffle_strawberry_shortcake,Strawberry Shortcake,IMG_1990_c018,IMG_1990.jpg,expanded_u2net,IMG_2022_r03_c04.jpg,IMG_2022.jpg,16,147,34,42,20260917
truffle_strawberry_shortcake_0023,data/synthetic_slots/v1/dataset/images/train/truffle_strawberry_shortcake/truffle_strawberry_shortcake_0023.jpg,train,occupied,truffle_strawberry_shortcake,Strawberry Shortcake,IMG_1990_c018,IMG_1990.jpg,expanded_u2net,IMG_2029_r03_c04.jpg,IMG_2029.jpg,30,159,31,42,20260917
truffle_strawberry_shortcake_0024,data/synthetic_slots/v1/dataset/images/train/truffle_strawberry_shortcake/truffle_strawberry_shortcake_0024.jpg,train,occupied,truffle_strawberry_shortcake,Strawberry Shortcake,IMG_1990_c018,IMG_1990.jpg,expanded_u2net,IMG_2032_r07_c04.jpg,IMG_2032.jpg,50,149,41,31,20260917
truffle_strawberry_shortcake_0025,data/synthetic_slots/v1/dataset/images/train/truffle_strawberry_shortcake/truffle_strawberry_shortcake_0025.jpg,train,occupied,truffle_strawberry_shortcake,Strawberry Shortcake,IMG_1990_c018,IMG_1990.jpg,expanded_u2net,IMG_2021_r03_c01.jpg,IMG_2021.jpg,6,179,29,31,20260917
truffle_strawberry_shortcake_0026,data/synthetic_slots/v1/dataset/images/train/truffle_strawberry_shortcake/truffle_strawberry_shortcake_0026.jpg,train,occupied,truffle_strawberry_shortcake,Strawberry Shortcake,IMG_1990_c018,IMG_1990.jpg,expanded_u2net,IMG_2024_r02_c02.jpg,IMG_2024.jpg,16,148,46,41,20260917
truffle_strawberry_shortcake_0027,data/synthetic_slots/v1/dataset/images/train/truffle_strawberry_shortcake/truffle_strawberry_shortcake_0027.jpg,train,occupied,truffle_strawberry_shortcake,Strawberry Shortcake,IMG_1990_c018,IMG_1990.jpg,expanded_u2net,IMG_2027_r03_c01.jpg,IMG_2027.jpg,30,182,30,13,20260917
truffle_strawberry_shortcake_0028,data/synthetic_slots/v1/dataset/images/train/truffle_strawberry_shortcake/truffle_strawberry_shortcake_0028.jpg,train,occupied,truffle_strawberry_shortcake,Strawberry Shortcake,IMG_1990_c018,IMG_1990.jpg,expanded_u2net,IMG_2032_r05_c05.jpg,IMG_2032.jpg,50,161,22,39,20260917
truffle_strawberry_shortcake_0029,data/synthetic_slots/v1/dataset/images/train/truffle_strawberry_shortcake/truffle_strawberry_shortcake_0029.jpg,train,occupied,truffle_strawberry_shortcake,Strawberry Shortcake,IMG_1990_c018,IMG_1990.jpg,expanded_u2net,IMG_2019_r03_c01.jpg,IMG_2019.jpg,6,154,29,43,20260917
truffle_strawberry_shortcake_0030,data/synthetic_slots/v1/dataset/images/train/truffle_strawberry_shortcake/truffle_strawberry_shortcake_0030.jpg,train,occupied,truffle_strawberry_shortcake,Strawberry Shortcake,IMG_1990_c018,IMG_1990.jpg,expanded_u2net,IMG_2024_r04_c03.jpg,IMG_2024.jpg,16,164,29,29,20260917
truffle_strawberry_shortcake_0031,data/synthetic_slots/v1/dataset/images/train/truffle_strawberry_shortcake/truffle_strawberry_shortcake_0031.jpg,train,occupied,truffle_strawberry_shortcake,Strawberry Shortcake,IMG_1990_c018,IMG_1990.jpg,expanded_u2net,IMG_2029_r04_c03.jpg,IMG_2029.jpg,30,159,39,35,20260917
truffle_strawberry_shortcake_0032,data/synthetic_slots/v1/dataset/images/train/truffle_strawberry_shortcake/truffle_strawberry_shortcake_0032.jpg,train,occupied,truffle_strawberry_shortcake,Strawberry Shortcake,IMG_1990_c018,IMG_1990.jpg,expanded_u2net,IMG_2031_r04_c01.jpg,IMG_2031.jpg,50,169,26,36,20260917
truffle_strawberry_shortcake_0033,data/synthetic_slots/v1/dataset/images/train/truffle_strawberry_shortcake/truffle_strawberry_shortcake_0033.jpg,train,occupied,truffle_strawberry_shortcake,Strawberry Shortcake,IMG_1990_c018,IMG_1990.jpg,expanded_u2net,IMG_2021_r03_c01.jpg,IMG_2021.jpg,6,171,22,36,20260917
truffle_strawberry_shortcake_0034,data/synthetic_slots/v1/dataset/images/train/truffle_strawberry_shortcake/truffle_strawberry_shortcake_0034.jpg,train,occupied,truffle_strawberry_shortcake,Strawberry Shortcake,IMG_1990_c018,IMG_1990.jpg,expanded_u2net,IMG_2022_r04_c01.jpg,IMG_2022.jpg,16,177,15,17,20260917
truffle_strawberry_shortcake_0035,data/synthetic_slots/v1/dataset/images/train/truffle_strawberry_shortcake/truffle_strawberry_shortcake_0035.jpg,train,occupied,truffle_strawberry_shortcake,Strawberry Shortcake,IMG_1990_c018,IMG_1990.jpg,expanded_u2net,IMG_2028_r03_c02.jpg,IMG_2028.jpg,30,166,29,28,20260917
truffle_strawberry_shortcake_0036,data/synthetic_slots/v1/dataset/images/train/truffle_strawberry_shortcake/truffle_strawberry_shortcake_0036.jpg,train,occupied,truffle_strawberry_shortcake,Strawberry Shortcake,IMG_1990_c018,IMG_1990.jpg,expanded_u2net,IMG_2031_r05_c03.jpg,IMG_2031.jpg,50,182,21,17,20260917
truffle_strawberry_shortcake_0037,data/synthetic_slots/v1/dataset/images/train/truffle_strawberry_shortcake/truffle_strawberry_shortcake_0037.jpg,train,occupied,truffle_strawberry_shortcake,Strawberry Shortcake,IMG_1990_c018,IMG_1990.jpg,expanded_u2net,IMG_2021_r01_c02.jpg,IMG_2021.jpg,6,185,28,26,20260917
truffle_strawberry_shortcake_0038,data/synthetic_slots/v1/dataset/images/train/truffle_strawberry_shortcake/truffle_strawberry_shortcake_0038.jpg,train,occupied,truffle_strawberry_shortcake,Strawberry Shortcake,IMG_1990_c018,IMG_1990.jpg,expanded_u2net,IMG_2024_r03_c02.jpg,IMG_2024.jpg,16,180,14,13,20260917
truffle_strawberry_shortcake_0039,data/synthetic_slots/v1/dataset/images/train/truffle_strawberry_shortcake/truffle_strawberry_shortcake_0039.jpg,train,occupied,truffle_strawberry_shortcake,Strawberry Shortcake,IMG_1990_c018,IMG_1990.jpg,expanded_u2net,IMG_2029_r06_c04.jpg,IMG_2029.jpg,30,181,24,15,20260917
truffle_strawberry_shortcake_0040,data/synthetic_slots/v1/dataset/images/train/truffle_strawberry_shortcake/truffle_strawberry_shortcake_0040.jpg,train,occupied,truffle_strawberry_shortcake,Strawberry Shortcake,IMG_1990_c018,IMG_1990.jpg,expanded_u2net,IMG_2032_r04_c03.jpg,IMG_2032.jpg,50,146,39,40,20260917
truffle_strawberry_shortcake_0041,data/synthetic_slots/v1/dataset/images/train/truffle_strawberry_shortcake/truffle_strawberry_shortcake_0041.jpg,train,occupied,truffle_strawberry_shortcake,Strawberry Shortcake,IMG_1990_c018,IMG_1990.jpg,expanded_u2net,IMG_2021_r02_c02.jpg,IMG_2021.jpg,6,160,24,30,20260917
truffle_strawberry_shortcake_0042,data/synthetic_slots/v1/dataset/images/train/truffle_strawberry_shortcake/truffle_strawberry_shortcake_0042.jpg,train,occupied,truffle_strawberry_shortcake,Strawberry Shortcake,IMG_1990_c018,IMG_1990.jpg,expanded_u2net,IMG_2022_r03_c01.jpg,IMG_2022.jpg,16,145,37,45,20260917
truffle_strawberry_shortcake_0043,data/synthetic_slots/v1/dataset/images/train/truffle_strawberry_shortcake/truffle_strawberry_shortcake_0043.jpg,train,occupied,truffle_strawberry_shortcake,Strawberry Shortcake,IMG_1990_c018,IMG_1990.jpg,expanded_u2net,IMG_2028_r06_c03.jpg,IMG_2028.jpg,30,166,27,25,20260917
truffle_strawberry_shortcake_0044,data/synthetic_slots/v1/dataset/images/train/truffle_strawberry_shortcake/truffle_strawberry_shortcake_0044.jpg,train,occupied,truffle_strawberry_shortcake,Strawberry Shortcake,IMG_1990_c018,IMG_1990.jpg,expanded_u2net,IMG_2032_r04_c05.jpg,IMG_2032.jpg,50,156,26,43,20260917
truffle_strawberry_shortcake_0045,data/synthetic_slots/v1/dataset/images/train/truffle_strawberry_shortcake/truffle_strawberry_shortcake_0045.jpg,train,occupied,truffle_strawberry_shortcake,Strawberry Shortcake,IMG_1990_c018,IMG_1990.jpg,expanded_u2net,IMG_2021_r01_c01.jpg,IMG_2021.jpg,6,161,26,31,20260917
truffle_strawberry_shortcake_0046,data/synthetic_slots/v1/dataset/images/train/truffle_strawberry_shortcake/truffle_strawberry_shortcake_0046.jpg,train,occupied,truffle_strawberry_shortcake,Strawberry Shortcake,IMG_1990_c018,IMG_1990.jpg,expanded_u2net,IMG_2025_r01_c01.jpg,IMG_2025.jpg,16,153,43,37,20260917
truffle_strawberry_shortcake_0047,data/synthetic_slots/v1/dataset/images/train/truffle_strawberry_shortcake/truffle_strawberry_shortcake_0047.jpg,train,occupied,truffle_strawberry_shortcake,Strawberry Shortcake,IMG_1990_c018,IMG_1990.jpg,expanded_u2net,IMG_2027_r06_c05.jpg,IMG_2027.jpg,30,175,18,29,20260917
truffle_strawberry_shortcake_0048,data/synthetic_slots/v1/dataset/images/train/truffle_strawberry_shortcake/truffle_strawberry_shortcake_0048.jpg,train,occupied,truffle_strawberry_shortcake,Strawberry Shortcake,IMG_1990_c018,IMG_1990.jpg,expanded_u2net,IMG_2031_r07_c02.jpg,IMG_2031.jpg,50,167,27,27,20260917
truffle_strawberry_shortcake_0049,data/synthetic_slots/v1/dataset/images/train/truffle_strawberry_shortcake/truffle_strawberry_shortcake_0049.jpg,train,occupied,truffle_strawberry_shortcake,Strawberry Shortcake,IMG_1990_c018,IMG_1990.jpg,expanded_u2net,IMG_2019_r02_c02.jpg,IMG_2019.jpg,6,154,39,31,20260917
truffle_strawberry_shortcake_0050,data/synthetic_slots/v1/dataset/images/train/truffle_strawberry_shortcake/truffle_strawberry_shortcake_0050.jpg,train,occupied,truffle_strawberry_shortcake,Strawberry Shortcake,IMG_1990_c018,IMG_1990.jpg,expanded_u2net,IMG_2025_r02_c02.jpg,IMG_2025.jpg,16,173,20,34,20260917
truffle_strawberry_shortcake_0051,data/synthetic_slots/v1/dataset/images/train/truffle_strawberry_shortcake/truffle_strawberry_shortcake_0051.jpg,train,occupied,truffle_strawberry_shortcake,Strawberry Shortcake,IMG_1990_c018,IMG_1990.jpg,expanded_u2net,IMG_2027_r03_c04.jpg,IMG_2027.jpg,30,145,35,36,20260917
truffle_strawberry_shortcake_0052,data/synthetic_slots/v1/dataset/images/train/truffle_strawberry_shortcake/truffle_strawberry_shortcake_0052.jpg,train,occupied,truffle_strawberry_shortcake,Strawberry Shortcake,IMG_1990_c018,IMG_1990.jpg,expanded_u2net,IMG_2033_r06_c01.jpg,IMG_2033.jpg,50,146,38,37,20260917
truffle_strawberry_shortcake_0053,data/synthetic_slots/v1/dataset/images/train/truffle_strawberry_shortcake/truffle_strawberry_shortcake_0053.jpg,train,occupied,truffle_strawberry_shortcake,Strawberry Shortcake,IMG_1990_c018,IMG_1990.jpg,expanded_u2net,IMG_2019_r02_c02.jpg,IMG_2019.jpg,6,179,23,21,20260917
truffle_strawberry_shortcake_0054,data/synthetic_slots/v1/dataset/images/train/truffle_strawberry_shortcake/truffle_strawberry_shortcake_0054.jpg,train,occupied,truffle_strawberry_shortcake,Strawberry Shortcake,IMG_1990_c018,IMG_1990.jpg,expanded_u2net,IMG_2025_r01_c03.jpg,IMG_2025.jpg,16,148,32,42,20260917
truffle_strawberry_shortcake_0055,data/synthetic_slots/v1/dataset/images/train/truffle_strawberry_shortcake/truffle_strawberry_shortcake_0055.jpg,train,occupied,truffle_strawberry_shortcake,Strawberry Shortcake,IMG_1990_c018,IMG_1990.jpg,expanded_u2net,IMG_2029_r02_c02.jpg,IMG_2029.jpg,30,150,40,36,20260917
truffle_strawberry_shortcake_0056,data/synthetic_slots/v1/dataset/images/train/truffle_strawberry_shortcake/truffle_strawberry_shortcake_0056.jpg,train,occupied,truffle_strawberry_shortcake,Strawberry Shortcake,IMG_1990_c018,IMG_1990.jpg,expanded_u2net,IMG_2031_r10_c02.jpg,IMG_2031.jpg,50,155,31,37,20260917
truffle_strawberry_shortcake_0057,data/synthetic_slots/v1/dataset/images/train/truffle_strawberry_shortcake/truffle_strawberry_shortcake_0057.jpg,train,occupied,truffle_strawberry_shortcake,Strawberry Shortcake,IMG_1990_c018,IMG_1990.jpg,expanded_u2net,IMG_2021_r01_c01.jpg,IMG_2021.jpg,6,151,31,35,20260917
truffle_strawberry_shortcake_0058,data/synthetic_slots/v1/dataset/images/train/truffle_strawberry_shortcake/truffle_strawberry_shortcake_0058.jpg,train,occupied,truffle_strawberry_shortcake,Strawberry Shortcake,IMG_1990_c018,IMG_1990.jpg,expanded_u2net,IMG_2022_r01_c01.jpg,IMG_2022.jpg,16,148,46,47,20260917
truffle_strawberry_shortcake_0059,data/synthetic_slots/v1/dataset/images/train/truffle_strawberry_shortcake/truffle_strawberry_shortcake_0059.jpg,train,occupied,truffle_strawberry_shortcake,Strawberry Shortcake,IMG_1990_c018,IMG_1990.jpg,expanded_u2net,IMG_2028_r05_c02.jpg,IMG_2028.jpg,30,163,24,37,20260917
truffle_strawberry_shortcake_0060,data/synthetic_slots/v1/dataset/images/train/truffle_strawberry_shortcake/truffle_strawberry_shortcake_0060.jpg,train,occupied,truffle_strawberry_shortcake,Strawberry Shortcake,IMG_1990_c018,IMG_1990.jpg,expanded_u2net,IMG_2032_r02_c05.jpg,IMG_2032.jpg,50,166,25,38,20260917
truffle_strawberry_shortcake_0061,data/synthetic_slots/v1/dataset/images/train/truffle_strawberry_shortcake/truffle_strawberry_shortcake_0061.jpg,train,occupied,truffle_strawberry_shortcake,Strawberry Shortcake,IMG_1990_c018,IMG_1990.jpg,expanded_u2net,IMG_2019_r03_c01.jpg,IMG_2019.jpg,6,158,36,30,20260917
truffle_strawberry_shortcake_0062,data/synthetic_slots/v1/dataset/images/train/truffle_strawberry_shortcake/truffle_strawberry_shortcake_0062.jpg,train,occupied,truffle_strawberry_shortcake,Strawberry Shortcake,IMG_1990_c018,IMG_1990.jpg,expanded_u2net,IMG_2024_r04_c01.jpg,IMG_2024.jpg,16,167,32,30,20260917
truffle_strawberry_shortcake_0063,data/synthetic_slots/v1/dataset/images/train/truffle_strawberry_shortcake/truffle_strawberry_shortcake_0063.jpg,train,occupied,truffle_strawberry_shortcake,Strawberry Shortcake,IMG_1990_c018,IMG_1990.jpg,expanded_u2net,IMG_2028_r05_c04.jpg,IMG_2028.jpg,30,148,36,45,20260917
truffle_strawberry_shortcake_0064,data/synthetic_slots/v1/dataset/images/train/truffle_strawberry_shortcake/truffle_strawberry_shortcake_0064.jpg,train,occupied,truffle_strawberry_shortcake,Strawberry Shortcake,IMG_1990_c018,IMG_1990.jpg,expanded_u2net,IMG_2033_r07_c02.jpg,IMG_2033.jpg,50,182,15,20,20260917
truffle_strawberry_shortcake_0065,data/synthetic_slots/v1/dataset/images/train/truffle_strawberry_shortcake/truffle_strawberry_shortcake_0065.jpg,train,occupied,truffle_strawberry_shortcake,Strawberry Shortcake,IMG_1990_c018,IMG_1990.jpg,expanded_u2net,IMG_2021_r02_c01.jpg,IMG_2021.jpg,6,174,20,33,20260917
truffle_strawberry_shortcake_0066,data/synthetic_slots/v1/dataset/images/train/truffle_strawberry_shortcake/truffle_strawberry_shortcake_0066.jpg,train,occupied,truffle_strawberry_shortcake,Strawberry Shortcake,IMG_1990_c018,IMG_1990.jpg,expanded_u2net,IMG_2026_r01_c04.jpg,IMG_2026.jpg,16,175,24,21,20260917
truffle_strawberry_shortcake_0067,data/synthetic_slots/v1/dataset/images/train/truffle_strawberry_shortcake/truffle_strawberry_shortcake_0067.jpg,train,occupied,truffle_strawberry_shortcake,Strawberry Shortcake,IMG_1990_c018,IMG_1990.jpg,expanded_u2net,IMG_2027_r05_c05.jpg,IMG_2027.jpg,30,150,44,45,20260917
truffle_strawberry_shortcake_0068,data/synthetic_slots/v1/dataset/images/train/truffle_strawberry_shortcake/truffle_strawberry_shortcake_0068.jpg,train,occupied,truffle_strawberry_shortcake,Strawberry Shortcake,IMG_1990_c018,IMG_1990.jpg,expanded_u2net,IMG_2031_r09_c02.jpg,IMG_2031.jpg,50,156,36,43,20260917
truffle_strawberry_shortcake_0069,data/synthetic_slots/v1/dataset/images/train/truffle_strawberry_shortcake/truffle_strawberry_shortcake_0069.jpg,train,occupied,truffle_strawberry_shortcake,Strawberry Shortcake,IMG_1990_c018,IMG_1990.jpg,expanded_u2net,IMG_2021_r03_c02.jpg,IMG_2021.jpg,6,178,17,32,20260917
truffle_strawberry_shortcake_0070,data/synthetic_slots/v1/dataset/images/train/truffle_strawberry_shortcake/truffle_strawberry_shortcake_0070.jpg,train,occupied,truffle_strawberry_shortcake,Strawberry Shortcake,IMG_1990_c018,IMG_1990.jpg,expanded_u2net,IMG_2022_r04_c01.jpg,IMG_2022.jpg,16,152,35,31,20260917
truffle_strawberry_shortcake_0071,data/synthetic_slots/v1/dataset/images/train/truffle_strawberry_shortcake/truffle_strawberry_shortcake_0071.jpg,train,occupied,truffle_strawberry_shortcake,Strawberry Shortcake,IMG_1990_c018,IMG_1990.jpg,expanded_u2net,IMG_2027_r02_c01.jpg,IMG_2027.jpg,30,158,34,36,20260917
truffle_strawberry_shortcake_0072,data/synthetic_slots/v1/dataset/images/train/truffle_strawberry_shortcake/truffle_strawberry_shortcake_0072.jpg,train,occupied,truffle_strawberry_shortcake,Strawberry Shortcake,IMG_1990_c018,IMG_1990.jpg,expanded_u2net,IMG_2031_r06_c01.jpg,IMG_2031.jpg,50,155,39,38,20260917
truffle_strawberry_shortcake_0073,data/synthetic_slots/v1/dataset/images/train/truffle_strawberry_shortcake/truffle_strawberry_shortcake_0073.jpg,train,occupied,truffle_strawberry_shortcake,Strawberry Shortcake,IMG_1990_c018,IMG_1990.jpg,expanded_u2net,IMG_2021_r03_c02.jpg,IMG_2021.jpg,6,146,38,46,20260917
truffle_strawberry_shortcake_0074,data/synthetic_slots/v1/dataset/images/train/truffle_strawberry_shortcake/truffle_strawberry_shortcake_0074.jpg,train,occupied,truffle_strawberry_shortcake,Strawberry Shortcake,IMG_1990_c018,IMG_1990.jpg,expanded_u2net,IMG_2024_r01_c01.jpg,IMG_2024.jpg,16,156,26,38,20260917
truffle_strawberry_shortcake_0075,data/synthetic_slots/v1/dataset/images/train/truffle_strawberry_shortcake/truffle_strawberry_shortcake_0075.jpg,train,occupied,truffle_strawberry_shortcake,Strawberry Shortcake,IMG_1990_c018,IMG_1990.jpg,expanded_u2net,IMG_2027_r03_c05.jpg,IMG_2027.jpg,30,168,20,26,20260917
truffle_strawberry_shortcake_0076,data/synthetic_slots/v1/dataset/images/train/truffle_strawberry_shortcake/truffle_strawberry_shortcake_0076.jpg,train,occupied,truffle_strawberry_shortcake,Strawberry Shortcake,IMG_1990_c018,IMG_1990.jpg,expanded_u2net,IMG_2031_r03_c05.jpg,IMG_2031.jpg,50,150,39,44,20260917
truffle_strawberry_shortcake_0077,data/synthetic_slots/v1/dataset/images/train/truffle_strawberry_shortcake/truffle_strawberry_shortcake_0077.jpg,train,occupied,truffle_strawberry_shortcake,Strawberry Shortcake,IMG_1990_c018,IMG_1990.jpg,expanded_u2net,IMG_2021_r02_c02.jpg,IMG_2021.jpg,6,177,16,15,20260917
truffle_strawberry_shortcake_0078,data/synthetic_slots/v1/dataset/images/train/truffle_strawberry_shortcake/truffle_strawberry_shortcake_0078.jpg,train,occupied,truffle_strawberry_shortcake,Strawberry Shortcake,IMG_1990_c018,IMG_1990.jpg,expanded_u2net,IMG_2025_r02_c03.jpg,IMG_2025.jpg,16,169,34,33,20260917
truffle_strawberry_shortcake_0079,data/synthetic_slots/v1/dataset/images/train/truffle_strawberry_shortcake/truffle_strawberry_shortcake_0079.jpg,train,occupied,truffle_strawberry_shortcake,Strawberry Shortcake,IMG_1990_c018,IMG_1990.jpg,expanded_u2net,IMG_2028_r01_c01.jpg,IMG_2028.jpg,30,176,22,29,20260917
truffle_strawberry_shortcake_0080,data/synthetic_slots/v1/dataset/images/train/truffle_strawberry_shortcake/truffle_strawberry_shortcake_0080.jpg,train,occupied,truffle_strawberry_shortcake,Strawberry Shortcake,IMG_1990_c018,IMG_1990.jpg,expanded_u2net,IMG_2031_r05_c01.jpg,IMG_2031.jpg,50,183,22,18,20260917
truffle_strawberry_shortcake_0081,data/synthetic_slots/v1/dataset/images/validation/truffle_strawberry_shortcake/truffle_strawberry_shortcake_0081.jpg,validation,occupied,truffle_strawberry_shortcake,Strawberry Shortcake,IMG_1990_c018,IMG_1990.jpg,expanded_u2net,IMG_2020_r01_c02.jpg,IMG_2020.jpg,6,157,31,29,20260917
truffle_strawberry_shortcake_0082,data/synthetic_slots/v1/dataset/images/validation/truffle_strawberry_shortcake/truffle_strawberry_shortcake_0082.jpg,validation,occupied,truffle_strawberry_shortcake,Strawberry Shortcake,IMG_1990_c018,IMG_1990.jpg,expanded_u2net,IMG_2023_r01_c02.jpg,IMG_2023.jpg,16,150,41,31,20260917
truffle_strawberry_shortcake_0083,data/synthetic_slots/v1/dataset/images/validation/truffle_strawberry_shortcake/truffle_strawberry_shortcake_0083.jpg,validation,occupied,truffle_strawberry_shortcake,Strawberry Shortcake,IMG_1990_c018,IMG_1990.jpg,expanded_u2net,IMG_2030_r04_c01.jpg,IMG_2030.jpg,30,155,27,42,20260917
truffle_strawberry_shortcake_0084,data/synthetic_slots/v1/dataset/images/validation/truffle_strawberry_shortcake/truffle_strawberry_shortcake_0084.jpg,validation,occupied,truffle_strawberry_shortcake,Strawberry Shortcake,IMG_1990_c018,IMG_1990.jpg,expanded_u2net,IMG_2034_r04_c02.jpg,IMG_2034.jpg,50,183,19,26,20260917
truffle_strawberry_shortcake_0085,data/synthetic_slots/v1/dataset/images/validation/truffle_strawberry_shortcake/truffle_strawberry_shortcake_0085.jpg,validation,occupied,truffle_strawberry_shortcake,Strawberry Shortcake,IMG_1990_c018,IMG_1990.jpg,expanded_u2net,IMG_2020_r02_c02.jpg,IMG_2020.jpg,6,170,25,37,20260917
truffle_strawberry_shortcake_0086,data/synthetic_slots/v1/dataset/images/validation/truffle_strawberry_shortcake/truffle_strawberry_shortcake_0086.jpg,validation,occupied,truffle_strawberry_shortcake,Strawberry Shortcake,IMG_1990_c018,IMG_1990.jpg,expanded_u2net,IMG_2023_r01_c01.jpg,IMG_2023.jpg,16,176,25,20,20260917
truffle_strawberry_shortcake_0087,data/synthetic_slots/v1/dataset/images/validation/truffle_strawberry_shortcake/truffle_strawberry_shortcake_0087.jpg,validation,occupied,truffle_strawberry_shortcake,Strawberry Shortcake,IMG_1990_c018,IMG_1990.jpg,expanded_u2net,IMG_2030_r03_c05.jpg,IMG_2030.jpg,30,163,36,37,20260917
truffle_strawberry_shortcake_0088,data/synthetic_slots/v1/dataset/images/validation/truffle_strawberry_shortcake/truffle_strawberry_shortcake_0088.jpg,validation,occupied,truffle_strawberry_shortcake,Strawberry Shortcake,IMG_1990_c018,IMG_1990.jpg,expanded_u2net,IMG_2034_r09_c02.jpg,IMG_2034.jpg,50,157,36,36,20260917
truffle_strawberry_shortcake_0089,data/synthetic_slots/v1/dataset/images/validation/truffle_strawberry_shortcake/truffle_strawberry_shortcake_0089.jpg,validation,occupied,truffle_strawberry_shortcake,Strawberry Shortcake,IMG_1990_c018,IMG_1990.jpg,expanded_u2net,IMG_2020_r01_c02.jpg,IMG_2020.jpg,6,166,32,30,20260917
truffle_strawberry_shortcake_0090,data/synthetic_slots/v1/dataset/images/validation/truffle_strawberry_shortcake/truffle_strawberry_shortcake_0090.jpg,validation,occupied,truffle_strawberry_shortcake,Strawberry Shortcake,IMG_1990_c018,IMG_1990.jpg,expanded_u2net,IMG_2023_r03_c03.jpg,IMG_2023.jpg,16,175,30,31,20260917
truffle_strawberry_shortcake_0091,data/synthetic_slots/v1/dataset/images/validation/truffle_strawberry_shortcake/truffle_strawberry_shortcake_0091.jpg,validation,occupied,truffle_strawberry_shortcake,Strawberry Shortcake,IMG_1990_c018,IMG_1990.jpg,expanded_u2net,IMG_2030_r03_c02.jpg,IMG_2030.jpg,30,153,34,29,20260917
truffle_strawberry_shortcake_0092,data/synthetic_slots/v1/dataset/images/validation/truffle_strawberry_shortcake/truffle_strawberry_shortcake_0092.jpg,validation,occupied,truffle_strawberry_shortcake,Strawberry Shortcake,IMG_1990_c018,IMG_1990.jpg,expanded_u2net,IMG_2034_r05_c05.jpg,IMG_2034.jpg,50,156,35,31,20260917
truffle_strawberry_shortcake_0093,data/synthetic_slots/v1/dataset/images/validation/truffle_strawberry_shortcake/truffle_strawberry_shortcake_0093.jpg,validation,occupied,truffle_strawberry_shortcake,Strawberry Shortcake,IMG_1990_c018,IMG_1990.jpg,expanded_u2net,IMG_2020_r01_c02.jpg,IMG_2020.jpg,6,177,22,30,20260917
truffle_strawberry_shortcake_0094,data/synthetic_slots/v1/dataset/images/validation/truffle_strawberry_shortcake/truffle_strawberry_shortcake_0094.jpg,validation,occupied,truffle_strawberry_shortcake,Strawberry Shortcake,IMG_1990_c018,IMG_1990.jpg,expanded_u2net,IMG_2023_r04_c03.jpg,IMG_2023.jpg,16,177,21,33,20260917
truffle_strawberry_shortcake_0095,data/synthetic_slots/v1/dataset/images/validation/truffle_strawberry_shortcake/truffle_strawberry_shortcake_0095.jpg,validation,occupied,truffle_strawberry_shortcake,Strawberry Shortcake,IMG_1990_c018,IMG_1990.jpg,expanded_u2net,IMG_2030_r04_c02.jpg,IMG_2030.jpg,30,180,29,23,20260917
truffle_strawberry_shortcake_0096,data/synthetic_slots/v1/dataset/images/validation/truffle_strawberry_shortcake/truffle_strawberry_shortcake_0096.jpg,validation,occupied,truffle_strawberry_shortcake,Strawberry Shortcake,IMG_1990_c018,IMG_1990.jpg,expanded_u2net,IMG_2034_r08_c02.jpg,IMG_2034.jpg,50,146,42,47,20260917
truffle_strawberry_shortcake_0097,data/synthetic_slots/v1/dataset/images/validation/truffle_strawberry_shortcake/truffle_strawberry_shortcake_0097.jpg,validation,occupied,truffle_strawberry_shortcake,Strawberry Shortcake,IMG_1990_c018,IMG_1990.jpg,expanded_u2net,IMG_2020_r03_c02.jpg,IMG_2020.jpg,6,168,37,30,20260917
truffle_strawberry_shortcake_0098,data/synthetic_slots/v1/dataset/images/validation/truffle_strawberry_shortcake/truffle_strawberry_shortcake_0098.jpg,validation,occupied,truffle_strawberry_shortcake,Strawberry Shortcake,IMG_1990_c018,IMG_1990.jpg,expanded_u2net,IMG_2023_r03_c01.jpg,IMG_2023.jpg,16,179,28,15,20260917
truffle_strawberry_shortcake_0099,data/synthetic_slots/v1/dataset/images/validation/truffle_strawberry_shortcake/truffle_strawberry_shortcake_0099.jpg,validation,occupied,truffle_strawberry_shortcake,Strawberry Shortcake,IMG_1990_c018,IMG_1990.jpg,expanded_u2net,IMG_2030_r04_c01.jpg,IMG_2030.jpg,30,158,33,36,20260917
truffle_strawberry_shortcake_0100,data/synthetic_slots/v1/dataset/images/validation/truffle_strawberry_shortcake/truffle_strawberry_shortcake_0100.jpg,validation,occupied,truffle_strawberry_shortcake,Strawberry Shortcake,IMG_1990_c018,IMG_1990.jpg,expanded_u2net,IMG_2034_r09_c03.jpg,IMG_2034.jpg,50,147,37,33,20260917
truffle_tea_honey_0001,data/synthetic_slots/v1/dataset/images/train/truffle_tea_honey/truffle_tea_honey_0001.jpg,train,occupied,truffle_tea_honey,Tea & Honey,IMG_1959_c020,IMG_1959.jpg,expanded_u2net,IMG_2021_r02_c01.jpg,IMG_2021.jpg,6,145,41,48,20260917
truffle_tea_honey_0002,data/synthetic_slots/v1/dataset/images/train/truffle_tea_honey/truffle_tea_honey_0002.jpg,train,occupied,truffle_tea_honey,Tea & Honey,IMG_1959_c020,IMG_1959.jpg,expanded_u2net,IMG_2022_r04_c03.jpg,IMG_2022.jpg,16,160,41,35,20260917
truffle_tea_honey_0003,data/synthetic_slots/v1/dataset/images/train/truffle_tea_honey/truffle_tea_honey_0003.jpg,train,occupied,truffle_tea_honey,Tea & Honey,IMG_1959_c020,IMG_1959.jpg,expanded_u2net,IMG_2029_r06_c03.jpg,IMG_2029.jpg,30,172,19,34,20260917
truffle_tea_honey_0004,data/synthetic_slots/v1/dataset/images/train/truffle_tea_honey/truffle_tea_honey_0004.jpg,train,occupied,truffle_tea_honey,Tea & Honey,IMG_1959_c020,IMG_1959.jpg,expanded_u2net,IMG_2033_r09_c01.jpg,IMG_2033.jpg,50,158,31,31,20260917
truffle_tea_honey_0005,data/synthetic_slots/v1/dataset/images/train/truffle_tea_honey/truffle_tea_honey_0005.jpg,train,occupied,truffle_tea_honey,Tea & Honey,IMG_1959_c020,IMG_1959.jpg,expanded_u2net,IMG_2021_r03_c02.jpg,IMG_2021.jpg,6,174,32,28,20260917
truffle_tea_honey_0006,data/synthetic_slots/v1/dataset/images/train/truffle_tea_honey/truffle_tea_honey_0006.jpg,train,occupied,truffle_tea_honey,Tea & Honey,IMG_1959_c020,IMG_1959.jpg,expanded_u2net,IMG_2024_r03_c02.jpg,IMG_2024.jpg,16,174,29,34,20260917
truffle_tea_honey_0007,data/synthetic_slots/v1/dataset/images/train/truffle_tea_honey/truffle_tea_honey_0007.jpg,train,occupied,truffle_tea_honey,Tea & Honey,IMG_1959_c020,IMG_1959.jpg,expanded_u2net,IMG_2028_r05_c05.jpg,IMG_2028.jpg,30,155,34,33,20260917
truffle_tea_honey_0008,data/synthetic_slots/v1/dataset/images/train/truffle_tea_honey/truffle_tea_honey_0008.jpg,train,occupied,truffle_tea_honey,Tea & Honey,IMG_1959_c020,IMG_1959.jpg,expanded_u2net,IMG_2032_r05_c03.jpg,IMG_2032.jpg,50,155,38,47,20260917
truffle_tea_honey_0009,data/synthetic_slots/v1/dataset/images/train/truffle_tea_honey/truffle_tea_honey_0009.jpg,train,occupied,truffle_tea_honey,Tea & Honey,IMG_1959_c020,IMG_1959.jpg,expanded_u2net,IMG_2021_r03_c01.jpg,IMG_2021.jpg,6,179,26,34,20260917
truffle_tea_honey_0010,data/synthetic_slots/v1/dataset/images/train/truffle_tea_honey/truffle_tea_honey_0010.jpg,train,occupied,truffle_tea_honey,Tea & Honey,IMG_1959_c020,IMG_1959.jpg,expanded_u2net,IMG_2022_r03_c04.jpg,IMG_2022.jpg,16,166,24,35,20260917
truffle_tea_honey_0011,data/synthetic_slots/v1/dataset/images/train/truffle_tea_honey/truffle_tea_honey_0011.jpg,train,occupied,truffle_tea_honey,Tea & Honey,IMG_1959_c020,IMG_1959.jpg,expanded_u2net,IMG_2027_r05_c03.jpg,IMG_2027.jpg,30,172,33,35,20260917
truffle_tea_honey_0012,data/synthetic_slots/v1/dataset/images/train/truffle_tea_honey/truffle_tea_honey_0012.jpg,train,occupied,truffle_tea_honey,Tea & Honey,IMG_1959_c020,IMG_1959.jpg,expanded_u2net,IMG_2031_r09_c02.jpg,IMG_2031.jpg,50,177,25,25,20260917
truffle_tea_honey_0013,data/synthetic_slots/v1/dataset/images/train/truffle_tea_honey/truffle_tea_honey_0013.jpg,train,occupied,truffle_tea_honey,Tea & Honey,IMG_1959_c020,IMG_1959.jpg,expanded_u2net,IMG_2021_r01_c02.jpg,IMG_2021.jpg,6,176,20,24,20260917
truffle_tea_honey_0014,data/synthetic_slots/v1/dataset/images/train/truffle_tea_honey/truffle_tea_honey_0014.jpg,train,occupied,truffle_tea_honey,Tea & Honey,IMG_1959_c020,IMG_1959.jpg,expanded_u2net,IMG_2026_r01_c01.jpg,IMG_2026.jpg,16,185,17,31,20260917
truffle_tea_honey_0015,data/synthetic_slots/v1/dataset/images/train/truffle_tea_honey/truffle_tea_honey_0015.jpg,train,occupied,truffle_tea_honey,Tea & Honey,IMG_1959_c020,IMG_1959.jpg,expanded_u2net,IMG_2028_r05_c04.jpg,IMG_2028.jpg,30,177,22,34,20260917
truffle_tea_honey_0016,data/synthetic_slots/v1/dataset/images/train/truffle_tea_honey/truffle_tea_honey_0016.jpg,train,occupied,truffle_tea_honey,Tea & Honey,IMG_1959_c020,IMG_1959.jpg,expanded_u2net,IMG_2033_r04_c03.jpg,IMG_2033.jpg,50,167,30,26,20260917
truffle_tea_honey_0017,data/synthetic_slots/v1/dataset/images/train/truffle_tea_honey/truffle_tea_honey_0017.jpg,train,occupied,truffle_tea_honey,Tea & Honey,IMG_1959_c020,IMG_1959.jpg,expanded_u2net,IMG_2019_r02_c01.jpg,IMG_2019.jpg,6,148,34,38,20260917
truffle_tea_honey_0018,data/synthetic_slots/v1/dataset/images/train/truffle_tea_honey/truffle_tea_honey_0018.jpg,train,occupied,truffle_tea_honey,Tea & Honey,IMG_1959_c020,IMG_1959.jpg,expanded_u2net,IMG_2026_r01_c04.jpg,IMG_2026.jpg,16,151,42,42,20260917
truffle_tea_honey_0019,data/synthetic_slots/v1/dataset/images/train/truffle_tea_honey/truffle_tea_honey_0019.jpg,train,occupied,truffle_tea_honey,Tea & Honey,IMG_1959_c020,IMG_1959.jpg,expanded_u2net,IMG_2029_r03_c01.jpg,IMG_2029.jpg,30,164,38,24,20260917
truffle_tea_honey_0020,data/synthetic_slots/v1/dataset/images/train/truffle_tea_honey/truffle_tea_honey_0020.jpg,train,occupied,truffle_tea_honey,Tea & Honey,IMG_1959_c020,IMG_1959.jpg,expanded_u2net,IMG_2033_r04_c04.jpg,IMG_2033.jpg,50,177,23,30,20260917
truffle_tea_honey_0021,data/synthetic_slots/v1/dataset/images/train/truffle_tea_honey/truffle_tea_honey_0021.jpg,train,occupied,truffle_tea_honey,Tea & Honey,IMG_1959_c020,IMG_1959.jpg,expanded_u2net,IMG_2021_r03_c01.jpg,IMG_2021.jpg,6,183,18,25,20260917
truffle_tea_honey_0022,data/synthetic_slots/v1/dataset/images/train/truffle_tea_honey/truffle_tea_honey_0022.jpg,train,occupied,truffle_tea_honey,Tea & Honey,IMG_1959_c020,IMG_1959.jpg,expanded_u2net,IMG_2025_r03_c03.jpg,IMG_2025.jpg,16,158,41,37,20260917
truffle_tea_honey_0023,data/synthetic_slots/v1/dataset/images/train/truffle_tea_honey/truffle_tea_honey_0023.jpg,train,occupied,truffle_tea_honey,Tea & Honey,IMG_1959_c020,IMG_1959.jpg,expanded_u2net,IMG_2029_r04_c02.jpg,IMG_2029.jpg,30,162,29,32,20260917
truffle_tea_honey_0024,data/synthetic_slots/v1/dataset/images/train/truffle_tea_honey/truffle_tea_honey_0024.jpg,train,occupied,truffle_tea_honey,Tea & Honey,IMG_1959_c020,IMG_1959.jpg,expanded_u2net,IMG_2031_r10_c02.jpg,IMG_2031.jpg,50,145,43,40,20260917
truffle_tea_honey_0025,data/synthetic_slots/v1/dataset/images/train/truffle_tea_honey/truffle_tea_honey_0025.jpg,train,occupied,truffle_tea_honey,Tea & Honey,IMG_1959_c020,IMG_1959.jpg,expanded_u2net,IMG_2021_r02_c01.jpg,IMG_2021.jpg,6,172,31,30,20260917
truffle_tea_honey_0026,data/synthetic_slots/v1/dataset/images/train/truffle_tea_honey/truffle_tea_honey_0026.jpg,train,occupied,truffle_tea_honey,Tea & Honey,IMG_1959_c020,IMG_1959.jpg,expanded_u2net,IMG_2025_r01_c04.jpg,IMG_2025.jpg,16,166,22,26,20260917
truffle_tea_honey_0027,data/synthetic_slots/v1/dataset/images/train/truffle_tea_honey/truffle_tea_honey_0027.jpg,train,occupied,truffle_tea_honey,Tea & Honey,IMG_1959_c020,IMG_1959.jpg,expanded_u2net,IMG_2028_r01_c02.jpg,IMG_2028.jpg,30,155,36,45,20260917
truffle_tea_honey_0028,data/synthetic_slots/v1/dataset/images/train/truffle_tea_honey/truffle_tea_honey_0028.jpg,train,occupied,truffle_tea_honey,Tea & Honey,IMG_1959_c020,IMG_1959.jpg,expanded_u2net,IMG_2031_r03_c01.jpg,IMG_2031.jpg,50,160,35,36,20260917
truffle_tea_honey_0029,data/synthetic_slots/v1/dataset/images/train/truffle_tea_honey/truffle_tea_honey_0029.jpg,train,occupied,truffle_tea_honey,Tea & Honey,IMG_1959_c020,IMG_1959.jpg,expanded_u2net,IMG_2021_r02_c02.jpg,IMG_2021.jpg,6,174,33,24,20260917
truffle_tea_honey_0030,data/synthetic_slots/v1/dataset/images/train/truffle_tea_honey/truffle_tea_honey_0030.jpg,train,occupied,truffle_tea_honey,Tea & Honey,IMG_1959_c020,IMG_1959.jpg,expanded_u2net,IMG_2025_r01_c03.jpg,IMG_2025.jpg,16,161,26,28,20260917
truffle_tea_honey_0031,data/synthetic_slots/v1/dataset/images/train/truffle_tea_honey/truffle_tea_honey_0031.jpg,train,occupied,truffle_tea_honey,Tea & Honey,IMG_1959_c020,IMG_1959.jpg,expanded_u2net,IMG_2027_r05_c02.jpg,IMG_2027.jpg,30,146,48,46,20260917
truffle_tea_honey_0032,data/synthetic_slots/v1/dataset/images/train/truffle_tea_honey/truffle_tea_honey_0032.jpg,train,occupied,truffle_tea_honey,Tea & Honey,IMG_1959_c020,IMG_1959.jpg,expanded_u2net,IMG_2032_r10_c04.jpg,IMG_2032.jpg,50,168,21,35,20260917
truffle_tea_honey_0033,data/synthetic_slots/v1/dataset/images/train/truffle_tea_honey/truffle_tea_honey_0033.jpg,train,occupied,truffle_tea_honey,Tea & Honey,IMG_1959_c020,IMG_1959.jpg,expanded_u2net,IMG_2021_r03_c01.jpg,IMG_2021.jpg,6,184,29,26,20260917
truffle_tea_honey_0034,data/synthetic_slots/v1/dataset/images/train/truffle_tea_honey/truffle_tea_honey_0034.jpg,train,occupied,truffle_tea_honey,Tea & Honey,IMG_1959_c020,IMG_1959.jpg,expanded_u2net,IMG_2022_r04_c04.jpg,IMG_2022.jpg,16,153,44,40,20260917
truffle_tea_honey_0035,data/synthetic_slots/v1/dataset/images/train/truffle_tea_honey/truffle_tea_honey_0035.jpg,train,occupied,truffle_tea_honey,Tea & Honey,IMG_1959_c020,IMG_1959.jpg,expanded_u2net,IMG_2028_r03_c01.jpg,IMG_2028.jpg,30,164,23,37,20260917
truffle_tea_honey_0036,data/synthetic_slots/v1/dataset/images/train/truffle_tea_honey/truffle_tea_honey_0036.jpg,train,occupied,truffle_tea_honey,Tea & Honey,IMG_1959_c020,IMG_1959.jpg,expanded_u2net,IMG_2031_r10_c02.jpg,IMG_2031.jpg,50,162,34,28,20260917
truffle_tea_honey_0037,data/synthetic_slots/v1/dataset/images/train/truffle_tea_honey/truffle_tea_honey_0037.jpg,train,occupied,truffle_tea_honey,Tea & Honey,IMG_1959_c020,IMG_1959.jpg,expanded_u2net,IMG_2019_r02_c01.jpg,IMG_2019.jpg,6,145,48,42,20260917
truffle_tea_honey_0038,data/synthetic_slots/v1/dataset/images/train/truffle_tea_honey/truffle_tea_honey_0038.jpg,train,occupied,truffle_tea_honey,Tea & Honey,IMG_1959_c020,IMG_1959.jpg,expanded_u2net,IMG_2024_r03_c01.jpg,IMG_2024.jpg,16,156,39,38,20260917
truffle_tea_honey_0039,data/synthetic_slots/v1/dataset/images/train/truffle_tea_honey/truffle_tea_honey_0039.jpg,train,occupied,truffle_tea_honey,Tea & Honey,IMG_1959_c020,IMG_1959.jpg,expanded_u2net,IMG_2029_r06_c02.jpg,IMG_2029.jpg,30,154,40,46,20260917
truffle_tea_honey_0040,data/synthetic_slots/v1/dataset/images/train/truffle_tea_honey/truffle_tea_honey_0040.jpg,train,occupied,truffle_tea_honey,Tea & Honey,IMG_1959_c020,IMG_1959.jpg,expanded_u2net,IMG_2032_r06_c02.jpg,IMG_2032.jpg,50,171,24,31,20260917
truffle_tea_honey_0041,data/synthetic_slots/v1/dataset/images/train/truffle_tea_honey/truffle_tea_honey_0041.jpg,train,occupied,truffle_tea_honey,Tea & Honey,IMG_1959_c020,IMG_1959.jpg,expanded_u2net,IMG_2019_r03_c01.jpg,IMG_2019.jpg,6,181,25,32,20260917
truffle_tea_honey_0042,data/synthetic_slots/v1/dataset/images/train/truffle_tea_honey/truffle_tea_honey_0042.jpg,train,occupied,truffle_tea_honey,Tea & Honey,IMG_1959_c020,IMG_1959.jpg,expanded_u2net,IMG_2026_r02_c02.jpg,IMG_2026.jpg,16,176,22,31,20260917
truffle_tea_honey_0043,data/synthetic_slots/v1/dataset/images/train/truffle_tea_honey/truffle_tea_honey_0043.jpg,train,occupied,truffle_tea_honey,Tea & Honey,IMG_1959_c020,IMG_1959.jpg,expanded_u2net,IMG_2028_r03_c02.jpg,IMG_2028.jpg,30,164,30,26,20260917
truffle_tea_honey_0044,data/synthetic_slots/v1/dataset/images/train/truffle_tea_honey/truffle_tea_honey_0044.jpg,train,occupied,truffle_tea_honey,Tea & Honey,IMG_1959_c020,IMG_1959.jpg,expanded_u2net,IMG_2031_r04_c02.jpg,IMG_2031.jpg,50,161,40,36,20260917
truffle_tea_honey_0045,data/synthetic_slots/v1/dataset/images/train/truffle_tea_honey/truffle_tea_honey_0045.jpg,train,occupied,truffle_tea_honey,Tea & Honey,IMG_1959_c020,IMG_1959.jpg,expanded_u2net,IMG_2019_r01_c01.jpg,IMG_2019.jpg,6,170,22,37,20260917
truffle_tea_honey_0046,data/synthetic_slots/v1/dataset/images/train/truffle_tea_honey/truffle_tea_honey_0046.jpg,train,occupied,truffle_tea_honey,Tea & Honey,IMG_1959_c020,IMG_1959.jpg,expanded_u2net,IMG_2026_r03_c03.jpg,IMG_2026.jpg,16,181,12,20,20260917
truffle_tea_honey_0047,data/synthetic_slots/v1/dataset/images/train/truffle_tea_honey/truffle_tea_honey_0047.jpg,train,occupied,truffle_tea_honey,Tea & Honey,IMG_1959_c020,IMG_1959.jpg,expanded_u2net,IMG_2027_r04_c03.jpg,IMG_2027.jpg,30,178,26,35,20260917
truffle_tea_honey_0048,data/synthetic_slots/v1/dataset/images/train/truffle_tea_honey/truffle_tea_honey_0048.jpg,train,occupied,truffle_tea_honey,Tea & Honey,IMG_1959_c020,IMG_1959.jpg,expanded_u2net,IMG_2033_r09_c04.jpg,IMG_2033.jpg,50,165,37,29,20260917
truffle_tea_honey_0049,data/synthetic_slots/v1/dataset/images/train/truffle_tea_honey/truffle_tea_honey_0049.jpg,train,occupied,truffle_tea_honey,Tea & Honey,IMG_1959_c020,IMG_1959.jpg,expanded_u2net,IMG_2019_r03_c01.jpg,IMG_2019.jpg,6,168,25,24,20260917
truffle_tea_honey_0050,data/synthetic_slots/v1/dataset/images/train/truffle_tea_honey/truffle_tea_honey_0050.jpg,train,occupied,truffle_tea_honey,Tea & Honey,IMG_1959_c020,IMG_1959.jpg,expanded_u2net,IMG_2025_r03_c02.jpg,IMG_2025.jpg,16,150,41,48,20260917
truffle_tea_honey_0051,data/synthetic_slots/v1/dataset/images/train/truffle_tea_honey/truffle_tea_honey_0051.jpg,train,occupied,truffle_tea_honey,Tea & Honey,IMG_1959_c020,IMG_1959.jpg,expanded_u2net,IMG_2027_r05_c04.jpg,IMG_2027.jpg,30,161,22,29,20260917
truffle_tea_honey_0052,data/synthetic_slots/v1/dataset/images/train/truffle_tea_honey/truffle_tea_honey_0052.jpg,train,occupied,truffle_tea_honey,Tea & Honey,IMG_1959_c020,IMG_1959.jpg,expanded_u2net,IMG_2032_r09_c03.jpg,IMG_2032.jpg,50,183,29,16,20260917
truffle_tea_honey_0053,data/synthetic_slots/v1/dataset/images/train/truffle_tea_honey/truffle_tea_honey_0053.jpg,train,occupied,truffle_tea_honey,Tea & Honey,IMG_1959_c020,IMG_1959.jpg,expanded_u2net,IMG_2021_r01_c02.jpg,IMG_2021.jpg,6,170,23,34,20260917
truffle_tea_honey_0054,data/synthetic_slots/v1/dataset/images/train/truffle_tea_honey/truffle_tea_honey_0054.jpg,train,occupied,truffle_tea_honey,Tea & Honey,IMG_1959_c020,IMG_1959.jpg,expanded_u2net,IMG_2025_r02_c04.jpg,IMG_2025.jpg,16,152,37,32,20260917
truffle_tea_honey_0055,data/synthetic_slots/v1/dataset/images/train/truffle_tea_honey/truffle_tea_honey_0055.jpg,train,occupied,truffle_tea_honey,Tea & Honey,IMG_1959_c020,IMG_1959.jpg,expanded_u2net,IMG_2028_r01_c04.jpg,IMG_2028.jpg,30,158,31,45,20260917
truffle_tea_honey_0056,data/synthetic_slots/v1/dataset/images/train/truffle_tea_honey/truffle_tea_honey_0056.jpg,train,occupied,truffle_tea_honey,Tea & Honey,IMG_1959_c020,IMG_1959.jpg,expanded_u2net,IMG_2032_r02_c01.jpg,IMG_2032.jpg,50,146,41,41,20260917
truffle_tea_honey_0057,data/synthetic_slots/v1/dataset/images/train/truffle_tea_honey/truffle_tea_honey_0057.jpg,train,occupied,truffle_tea_honey,Tea & Honey,IMG_1959_c020,IMG_1959.jpg,expanded_u2net,IMG_2019_r03_c02.jpg,IMG_2019.jpg,6,152,36,40,20260917
truffle_tea_honey_0058,data/synthetic_slots/v1/dataset/images/train/truffle_tea_honey/truffle_tea_honey_0058.jpg,train,occupied,truffle_tea_honey,Tea & Honey,IMG_1959_c020,IMG_1959.jpg,expanded_u2net,IMG_2025_r03_c02.jpg,IMG_2025.jpg,16,158,31,35,20260917
truffle_tea_honey_0059,data/synthetic_slots/v1/dataset/images/train/truffle_tea_honey/truffle_tea_honey_0059.jpg,train,occupied,truffle_tea_honey,Tea & Honey,IMG_1959_c020,IMG_1959.jpg,expanded_u2net,IMG_2027_r04_c03.jpg,IMG_2027.jpg,30,158,33,33,20260917
truffle_tea_honey_0060,data/synthetic_slots/v1/dataset/images/train/truffle_tea_honey/truffle_tea_honey_0060.jpg,train,occupied,truffle_tea_honey,Tea & Honey,IMG_1959_c020,IMG_1959.jpg,expanded_u2net,IMG_2033_r04_c05.jpg,IMG_2033.jpg,50,151,31,43,20260917
truffle_tea_honey_0061,data/synthetic_slots/v1/dataset/images/train/truffle_tea_honey/truffle_tea_honey_0061.jpg,train,occupied,truffle_tea_honey,Tea & Honey,IMG_1959_c020,IMG_1959.jpg,expanded_u2net,IMG_2019_r01_c01.jpg,IMG_2019.jpg,6,182,21,26,20260917
truffle_tea_honey_0062,data/synthetic_slots/v1/dataset/images/train/truffle_tea_honey/truffle_tea_honey_0062.jpg,train,occupied,truffle_tea_honey,Tea & Honey,IMG_1959_c020,IMG_1959.jpg,expanded_u2net,IMG_2025_r04_c03.jpg,IMG_2025.jpg,16,182,28,32,20260917
truffle_tea_honey_0063,data/synthetic_slots/v1/dataset/images/train/truffle_tea_honey/truffle_tea_honey_0063.jpg,train,occupied,truffle_tea_honey,Tea & Honey,IMG_1959_c020,IMG_1959.jpg,expanded_u2net,IMG_2029_r02_c05.jpg,IMG_2029.jpg,30,151,37,42,20260917
truffle_tea_honey_0064,data/synthetic_slots/v1/dataset/images/train/truffle_tea_honey/truffle_tea_honey_0064.jpg,train,occupied,truffle_tea_honey,Tea & Honey,IMG_1959_c020,IMG_1959.jpg,expanded_u2net,IMG_2032_r03_c01.jpg,IMG_2032.jpg,50,154,28,32,20260917
truffle_tea_honey_0065,data/synthetic_slots/v1/dataset/images/train/truffle_tea_honey/truffle_tea_honey_0065.jpg,train,occupied,truffle_tea_honey,Tea & Honey,IMG_1959_c020,IMG_1959.jpg,expanded_u2net,IMG_2019_r01_c01.jpg,IMG_2019.jpg,6,168,33,29,20260917
truffle_tea_honey_0066,data/synthetic_slots/v1/dataset/images/train/truffle_tea_honey/truffle_tea_honey_0066.jpg,train,occupied,truffle_tea_honey,Tea & Honey,IMG_1959_c020,IMG_1959.jpg,expanded_u2net,IMG_2022_r02_c01.jpg,IMG_2022.jpg,16,171,31,32,20260917
truffle_tea_honey_0067,data/synthetic_slots/v1/dataset/images/train/truffle_tea_honey/truffle_tea_honey_0067.jpg,train,occupied,truffle_tea_honey,Tea & Honey,IMG_1959_c020,IMG_1959.jpg,expanded_u2net,IMG_2027_r02_c04.jpg,IMG_2027.jpg,30,179,30,22,20260917
truffle_tea_honey_0068,data/synthetic_slots/v1/dataset/images/train/truffle_tea_honey/truffle_tea_honey_0068.jpg,train,occupied,truffle_tea_honey,Tea & Honey,IMG_1959_c020,IMG_1959.jpg,expanded_u2net,IMG_2031_r01_c03.jpg,IMG_2031.jpg,50,159,37,31,20260917
truffle_tea_honey_0069,data/synthetic_slots/v1/dataset/images/train/truffle_tea_honey/truffle_tea_honey_0069.jpg,train,occupied,truffle_tea_honey,Tea & Honey,IMG_1959_c020,IMG_1959.jpg,expanded_u2net,IMG_2021_r03_c02.jpg,IMG_2021.jpg,6,161,25,44,20260917
truffle_tea_honey_0070,data/synthetic_slots/v1/dataset/images/train/truffle_tea_honey/truffle_tea_honey_0070.jpg,train,occupied,truffle_tea_honey,Tea & Honey,IMG_1959_c020,IMG_1959.jpg,expanded_u2net,IMG_2024_r03_c01.jpg,IMG_2024.jpg,16,151,36,50,20260917
truffle_tea_honey_0071,data/synthetic_slots/v1/dataset/images/train/truffle_tea_honey/truffle_tea_honey_0071.jpg,train,occupied,truffle_tea_honey,Tea & Honey,IMG_1959_c020,IMG_1959.jpg,expanded_u2net,IMG_2028_r01_c02.jpg,IMG_2028.jpg,30,163,34,28,20260917
truffle_tea_honey_0072,data/synthetic_slots/v1/dataset/images/train/truffle_tea_honey/truffle_tea_honey_0072.jpg,train,occupied,truffle_tea_honey,Tea & Honey,IMG_1959_c020,IMG_1959.jpg,expanded_u2net,IMG_2033_r04_c02.jpg,IMG_2033.jpg,50,155,33,37,20260917
truffle_tea_honey_0073,data/synthetic_slots/v1/dataset/images/train/truffle_tea_honey/truffle_tea_honey_0073.jpg,train,occupied,truffle_tea_honey,Tea & Honey,IMG_1959_c020,IMG_1959.jpg,expanded_u2net,IMG_2021_r01_c02.jpg,IMG_2021.jpg,6,152,38,30,20260917
truffle_tea_honey_0074,data/synthetic_slots/v1/dataset/images/train/truffle_tea_honey/truffle_tea_honey_0074.jpg,train,occupied,truffle_tea_honey,Tea & Honey,IMG_1959_c020,IMG_1959.jpg,expanded_u2net,IMG_2024_r01_c03.jpg,IMG_2024.jpg,16,150,31,41,20260917
truffle_tea_honey_0075,data/synthetic_slots/v1/dataset/images/train/truffle_tea_honey/truffle_tea_honey_0075.jpg,train,occupied,truffle_tea_honey,Tea & Honey,IMG_1959_c020,IMG_1959.jpg,expanded_u2net,IMG_2029_r06_c02.jpg,IMG_2029.jpg,30,174,19,24,20260917
truffle_tea_honey_0076,data/synthetic_slots/v1/dataset/images/train/truffle_tea_honey/truffle_tea_honey_0076.jpg,train,occupied,truffle_tea_honey,Tea & Honey,IMG_1959_c020,IMG_1959.jpg,expanded_u2net,IMG_2031_r06_c04.jpg,IMG_2031.jpg,50,185,12,16,20260917
truffle_tea_honey_0077,data/synthetic_slots/v1/dataset/images/train/truffle_tea_honey/truffle_tea_honey_0077.jpg,train,occupied,truffle_tea_honey,Tea & Honey,IMG_1959_c020,IMG_1959.jpg,expanded_u2net,IMG_2019_r03_c01.jpg,IMG_2019.jpg,6,148,41,48,20260917
truffle_tea_honey_0078,data/synthetic_slots/v1/dataset/images/train/truffle_tea_honey/truffle_tea_honey_0078.jpg,train,occupied,truffle_tea_honey,Tea & Honey,IMG_1959_c020,IMG_1959.jpg,expanded_u2net,IMG_2025_r02_c04.jpg,IMG_2025.jpg,16,171,30,38,20260917
truffle_tea_honey_0079,data/synthetic_slots/v1/dataset/images/train/truffle_tea_honey/truffle_tea_honey_0079.jpg,train,occupied,truffle_tea_honey,Tea & Honey,IMG_1959_c020,IMG_1959.jpg,expanded_u2net,IMG_2029_r05_c03.jpg,IMG_2029.jpg,30,151,35,48,20260917
truffle_tea_honey_0080,data/synthetic_slots/v1/dataset/images/train/truffle_tea_honey/truffle_tea_honey_0080.jpg,train,occupied,truffle_tea_honey,Tea & Honey,IMG_1959_c020,IMG_1959.jpg,expanded_u2net,IMG_2031_r07_c03.jpg,IMG_2031.jpg,50,169,18,35,20260917
truffle_tea_honey_0081,data/synthetic_slots/v1/dataset/images/validation/truffle_tea_honey/truffle_tea_honey_0081.jpg,validation,occupied,truffle_tea_honey,Tea & Honey,IMG_1959_c020,IMG_1959.jpg,expanded_u2net,IMG_2020_r01_c01.jpg,IMG_2020.jpg,6,171,23,27,20260917
truffle_tea_honey_0082,data/synthetic_slots/v1/dataset/images/validation/truffle_tea_honey/truffle_tea_honey_0082.jpg,validation,occupied,truffle_tea_honey,Tea & Honey,IMG_1959_c020,IMG_1959.jpg,expanded_u2net,IMG_2023_r02_c01.jpg,IMG_2023.jpg,16,158,30,31,20260917
truffle_tea_honey_0083,data/synthetic_slots/v1/dataset/images/validation/truffle_tea_honey/truffle_tea_honey_0083.jpg,validation,occupied,truffle_tea_honey,Tea & Honey,IMG_1959_c020,IMG_1959.jpg,expanded_u2net,IMG_2030_r01_c05.jpg,IMG_2030.jpg,30,146,42,33,20260917
truffle_tea_honey_0084,data/synthetic_slots/v1/dataset/images/validation/truffle_tea_honey/truffle_tea_honey_0084.jpg,validation,occupied,truffle_tea_honey,Tea & Honey,IMG_1959_c020,IMG_1959.jpg,expanded_u2net,IMG_2034_r04_c01.jpg,IMG_2034.jpg,50,180,15,25,20260917
truffle_tea_honey_0085,data/synthetic_slots/v1/dataset/images/validation/truffle_tea_honey/truffle_tea_honey_0085.jpg,validation,occupied,truffle_tea_honey,Tea & Honey,IMG_1959_c020,IMG_1959.jpg,expanded_u2net,IMG_2020_r02_c02.jpg,IMG_2020.jpg,6,147,37,39,20260917
truffle_tea_honey_0086,data/synthetic_slots/v1/dataset/images/validation/truffle_tea_honey/truffle_tea_honey_0086.jpg,validation,occupied,truffle_tea_honey,Tea & Honey,IMG_1959_c020,IMG_1959.jpg,expanded_u2net,IMG_2023_r01_c01.jpg,IMG_2023.jpg,16,169,32,26,20260917
truffle_tea_honey_0087,data/synthetic_slots/v1/dataset/images/validation/truffle_tea_honey/truffle_tea_honey_0087.jpg,validation,occupied,truffle_tea_honey,Tea & Honey,IMG_1959_c020,IMG_1959.jpg,expanded_u2net,IMG_2030_r04_c04.jpg,IMG_2030.jpg,30,177,24,33,20260917
truffle_tea_honey_0088,data/synthetic_slots/v1/dataset/images/validation/truffle_tea_honey/truffle_tea_honey_0088.jpg,validation,occupied,truffle_tea_honey,Tea & Honey,IMG_1959_c020,IMG_1959.jpg,expanded_u2net,IMG_2034_r09_c04.jpg,IMG_2034.jpg,50,181,26,34,20260917
truffle_tea_honey_0089,data/synthetic_slots/v1/dataset/images/validation/truffle_tea_honey/truffle_tea_honey_0089.jpg,validation,occupied,truffle_tea_honey,Tea & Honey,IMG_1959_c020,IMG_1959.jpg,expanded_u2net,IMG_2020_r01_c01.jpg,IMG_2020.jpg,6,164,37,40,20260917
truffle_tea_honey_0090,data/synthetic_slots/v1/dataset/images/validation/truffle_tea_honey/truffle_tea_honey_0090.jpg,validation,occupied,truffle_tea_honey,Tea & Honey,IMG_1959_c020,IMG_1959.jpg,expanded_u2net,IMG_2023_r02_c03.jpg,IMG_2023.jpg,16,152,29,35,20260917
truffle_tea_honey_0091,data/synthetic_slots/v1/dataset/images/validation/truffle_tea_honey/truffle_tea_honey_0091.jpg,validation,occupied,truffle_tea_honey,Tea & Honey,IMG_1959_c020,IMG_1959.jpg,expanded_u2net,IMG_2030_r02_c03.jpg,IMG_2030.jpg,30,162,34,42,20260917
truffle_tea_honey_0092,data/synthetic_slots/v1/dataset/images/validation/truffle_tea_honey/truffle_tea_honey_0092.jpg,validation,occupied,truffle_tea_honey,Tea & Honey,IMG_1959_c020,IMG_1959.jpg,expanded_u2net,IMG_2034_r07_c05.jpg,IMG_2034.jpg,50,155,31,38,20260917
truffle_tea_honey_0093,data/synthetic_slots/v1/dataset/images/validation/truffle_tea_honey/truffle_tea_honey_0093.jpg,validation,occupied,truffle_tea_honey,Tea & Honey,IMG_1959_c020,IMG_1959.jpg,expanded_u2net,IMG_2020_r01_c01.jpg,IMG_2020.jpg,6,161,25,39,20260917
truffle_tea_honey_0094,data/synthetic_slots/v1/dataset/images/validation/truffle_tea_honey/truffle_tea_honey_0094.jpg,validation,occupied,truffle_tea_honey,Tea & Honey,IMG_1959_c020,IMG_1959.jpg,expanded_u2net,IMG_2023_r01_c04.jpg,IMG_2023.jpg,16,157,28,34,20260917
truffle_tea_honey_0095,data/synthetic_slots/v1/dataset/images/validation/truffle_tea_honey/truffle_tea_honey_0095.jpg,validation,occupied,truffle_tea_honey,Tea & Honey,IMG_1959_c020,IMG_1959.jpg,expanded_u2net,IMG_2030_r03_c04.jpg,IMG_2030.jpg,30,164,38,40,20260917
truffle_tea_honey_0096,data/synthetic_slots/v1/dataset/images/validation/truffle_tea_honey/truffle_tea_honey_0096.jpg,validation,occupied,truffle_tea_honey,Tea & Honey,IMG_1959_c020,IMG_1959.jpg,expanded_u2net,IMG_2034_r02_c01.jpg,IMG_2034.jpg,50,185,15,20,20260917
truffle_tea_honey_0097,data/synthetic_slots/v1/dataset/images/validation/truffle_tea_honey/truffle_tea_honey_0097.jpg,validation,occupied,truffle_tea_honey,Tea & Honey,IMG_1959_c020,IMG_1959.jpg,expanded_u2net,IMG_2020_r01_c01.jpg,IMG_2020.jpg,6,165,33,30,20260917
truffle_tea_honey_0098,data/synthetic_slots/v1/dataset/images/validation/truffle_tea_honey/truffle_tea_honey_0098.jpg,validation,occupied,truffle_tea_honey,Tea & Honey,IMG_1959_c020,IMG_1959.jpg,expanded_u2net,IMG_2023_r02_c04.jpg,IMG_2023.jpg,16,157,35,30,20260917
truffle_tea_honey_0099,data/synthetic_slots/v1/dataset/images/validation/truffle_tea_honey/truffle_tea_honey_0099.jpg,validation,occupied,truffle_tea_honey,Tea & Honey,IMG_1959_c020,IMG_1959.jpg,expanded_u2net,IMG_2030_r02_c02.jpg,IMG_2030.jpg,30,145,31,50,20260917
truffle_tea_honey_0100,data/synthetic_slots/v1/dataset/images/validation/truffle_tea_honey/truffle_tea_honey_0100.jpg,validation,occupied,truffle_tea_honey,Tea & Honey,IMG_1959_c020,IMG_1959.jpg,expanded_u2net,IMG_2034_r01_c04.jpg,IMG_2034.jpg,50,149,32,50,20260917
truffle_turtle_0001,data/synthetic_slots/v1/dataset/images/train/truffle_turtle/truffle_turtle_0001.jpg,train,occupied,truffle_turtle,Turtle,IMG_1968_c007,IMG_1968.jpg,expanded_u2net,IMG_2019_r01_c01.jpg,IMG_2019.jpg,6,181,18,29,20260917
truffle_turtle_0002,data/synthetic_slots/v1/dataset/images/train/truffle_turtle/truffle_turtle_0002.jpg,train,occupied,truffle_turtle,Turtle,IMG_1968_c007,IMG_1968.jpg,expanded_u2net,IMG_2025_r01_c03.jpg,IMG_2025.jpg,16,182,28,26,20260917
truffle_turtle_0003,data/synthetic_slots/v1/dataset/images/train/truffle_turtle/truffle_turtle_0003.jpg,train,occupied,truffle_turtle,Turtle,IMG_1968_c007,IMG_1968.jpg,expanded_u2net,IMG_2029_r05_c01.jpg,IMG_2029.jpg,30,154,38,39,20260917
truffle_turtle_0004,data/synthetic_slots/v1/dataset/images/train/truffle_turtle/truffle_turtle_0004.jpg,train,occupied,truffle_turtle,Turtle,IMG_1968_c007,IMG_1968.jpg,expanded_u2net,IMG_2032_r05_c01.jpg,IMG_2032.jpg,50,171,27,22,20260917
truffle_turtle_0005,data/synthetic_slots/v1/dataset/images/train/truffle_turtle/truffle_turtle_0005.jpg,train,occupied,truffle_turtle,Turtle,IMG_1968_c007,IMG_1968.jpg,expanded_u2net,IMG_2021_r01_c01.jpg,IMG_2021.jpg,6,177,31,31,20260917
truffle_turtle_0006,data/synthetic_slots/v1/dataset/images/train/truffle_turtle/truffle_turtle_0006.jpg,train,occupied,truffle_turtle,Turtle,IMG_1968_c007,IMG_1968.jpg,expanded_u2net,IMG_2022_r04_c04.jpg,IMG_2022.jpg,16,152,43,31,20260917
truffle_turtle_0007,data/synthetic_slots/v1/dataset/images/train/truffle_turtle/truffle_turtle_0007.jpg,train,occupied,truffle_turtle,Turtle,IMG_1968_c007,IMG_1968.jpg,expanded_u2net,IMG_2027_r01_c01.jpg,IMG_2027.jpg,30,173,41,21,20260917
truffle_turtle_0008,data/synthetic_slots/v1/dataset/images/train/truffle_turtle/truffle_turtle_0008.jpg,train,occupied,truffle_turtle,Turtle,IMG_1968_c007,IMG_1968.jpg,expanded_u2net,IMG_2033_r10_c03.jpg,IMG_2033.jpg,50,149,48,33,20260917
truffle_turtle_0009,data/synthetic_slots/v1/dataset/images/train/truffle_turtle/truffle_turtle_0009.jpg,train,occupied,truffle_turtle,Turtle,IMG_1968_c007,IMG_1968.jpg,expanded_u2net,IMG_2021_r02_c01.jpg,IMG_2021.jpg,6,170,34,34,20260917
truffle_turtle_0010,data/synthetic_slots/v1/dataset/images/train/truffle_turtle/truffle_turtle_0010.jpg,train,occupied,truffle_turtle,Turtle,IMG_1968_c007,IMG_1968.jpg,expanded_u2net,IMG_2026_r01_c02.jpg,IMG_2026.jpg,16,159,38,40,20260917
truffle_turtle_0011,data/synthetic_slots/v1/dataset/images/train/truffle_turtle/truffle_turtle_0011.jpg,train,occupied,truffle_turtle,Turtle,IMG_1968_c007,IMG_1968.jpg,expanded_u2net,IMG_2029_r01_c05.jpg,IMG_2029.jpg,30,169,44,19,20260917
truffle_turtle_0012,data/synthetic_slots/v1/dataset/images/train/truffle_turtle/truffle_turtle_0012.jpg,train,occupied,truffle_turtle,Turtle,IMG_1968_c007,IMG_1968.jpg,expanded_u2net,IMG_2032_r06_c04.jpg,IMG_2032.jpg,50,183,22,20,20260917
truffle_turtle_0013,data/synthetic_slots/v1/dataset/images/train/truffle_turtle/truffle_turtle_0013.jpg,train,occupied,truffle_turtle,Turtle,IMG_1968_c007,IMG_1968.jpg,expanded_u2net,IMG_2021_r02_c02.jpg,IMG_2021.jpg,6,172,28,25,20260917
truffle_turtle_0014,data/synthetic_slots/v1/dataset/images/train/truffle_turtle/truffle_turtle_0014.jpg,train,occupied,truffle_turtle,Turtle,IMG_1968_c007,IMG_1968.jpg,expanded_u2net,IMG_2022_r01_c03.jpg,IMG_2022.jpg,16,161,36,38,20260917
truffle_turtle_0015,data/synthetic_slots/v1/dataset/images/train/truffle_turtle/truffle_turtle_0015.jpg,train,occupied,truffle_turtle,Turtle,IMG_1968_c007,IMG_1968.jpg,expanded_u2net,IMG_2029_r06_c01.jpg,IMG_2029.jpg,30,157,39,32,20260917
truffle_turtle_0016,data/synthetic_slots/v1/dataset/images/train/truffle_turtle/truffle_turtle_0016.jpg,train,occupied,truffle_turtle,Turtle,IMG_1968_c007,IMG_1968.jpg,expanded_u2net,IMG_2032_r03_c01.jpg,IMG_2032.jpg,50,167,34,22,20260917
truffle_turtle_0017,data/synthetic_slots/v1/dataset/images/train/truffle_turtle/truffle_turtle_0017.jpg,train,occupied,truffle_turtle,Turtle,IMG_1968_c007,IMG_1968.jpg,expanded_u2net,IMG_2021_r03_c01.jpg,IMG_2021.jpg,6,150,34,34,20260917
truffle_turtle_0018,data/synthetic_slots/v1/dataset/images/train/truffle_turtle/truffle_turtle_0018.jpg,train,occupied,truffle_turtle,Turtle,IMG_1968_c007,IMG_1968.jpg,expanded_u2net,IMG_2024_r04_c02.jpg,IMG_2024.jpg,16,151,45,38,20260917
truffle_turtle_0019,data/synthetic_slots/v1/dataset/images/train/truffle_turtle/truffle_turtle_0019.jpg,train,occupied,truffle_turtle,Turtle,IMG_1968_c007,IMG_1968.jpg,expanded_u2net,IMG_2028_r02_c04.jpg,IMG_2028.jpg,30,179,22,31,20260917
truffle_turtle_0020,data/synthetic_slots/v1/dataset/images/train/truffle_turtle/truffle_turtle_0020.jpg,train,occupied,truffle_turtle,Turtle,IMG_1968_c007,IMG_1968.jpg,expanded_u2net,IMG_2031_r01_c02.jpg,IMG_2031.jpg,50,155,46,33,20260917
truffle_turtle_0021,data/synthetic_slots/v1/dataset/images/train/truffle_turtle/truffle_turtle_0021.jpg,train,occupied,truffle_turtle,Turtle,IMG_1968_c007,IMG_1968.jpg,expanded_u2net,IMG_2019_r02_c01.jpg,IMG_2019.jpg,6,145,51,42,20260917
truffle_turtle_0022,data/synthetic_slots/v1/dataset/images/train/truffle_turtle/truffle_turtle_0022.jpg,train,occupied,truffle_turtle,Turtle,IMG_1968_c007,IMG_1968.jpg,expanded_u2net,IMG_2024_r02_c02.jpg,IMG_2024.jpg,16,171,25,30,20260917
truffle_turtle_0023,data/synthetic_slots/v1/dataset/images/train/truffle_turtle/truffle_turtle_0023.jpg,train,occupied,truffle_turtle,Turtle,IMG_1968_c007,IMG_1968.jpg,expanded_u2net,IMG_2028_r06_c05.jpg,IMG_2028.jpg,30,154,32,37,20260917
truffle_turtle_0024,data/synthetic_slots/v1/dataset/images/train/truffle_turtle/truffle_turtle_0024.jpg,train,occupied,truffle_turtle,Turtle,IMG_1968_c007,IMG_1968.jpg,expanded_u2net,IMG_2031_r04_c04.jpg,IMG_2031.jpg,50,152,40,29,20260917
truffle_turtle_0025,data/synthetic_slots/v1/dataset/images/train/truffle_turtle/truffle_turtle_0025.jpg,train,occupied,truffle_turtle,Turtle,IMG_1968_c007,IMG_1968.jpg,expanded_u2net,IMG_2019_r03_c02.jpg,IMG_2019.jpg,6,155,43,37,20260917
truffle_turtle_0026,data/synthetic_slots/v1/dataset/images/train/truffle_turtle/truffle_turtle_0026.jpg,train,occupied,truffle_turtle,Turtle,IMG_1968_c007,IMG_1968.jpg,expanded_u2net,IMG_2026_r01_c03.jpg,IMG_2026.jpg,16,171,41,30,20260917
truffle_turtle_0027,data/synthetic_slots/v1/dataset/images/train/truffle_turtle/truffle_turtle_0027.jpg,train,occupied,truffle_turtle,Turtle,IMG_1968_c007,IMG_1968.jpg,expanded_u2net,IMG_2029_r04_c05.jpg,IMG_2029.jpg,30,167,34,33,20260917
truffle_turtle_0028,data/synthetic_slots/v1/dataset/images/train/truffle_turtle/truffle_turtle_0028.jpg,train,occupied,truffle_turtle,Turtle,IMG_1968_c007,IMG_1968.jpg,expanded_u2net,IMG_2032_r06_c05.jpg,IMG_2032.jpg,50,178,38,31,20260917
truffle_turtle_0029,data/synthetic_slots/v1/dataset/images/train/truffle_turtle/truffle_turtle_0029.jpg,train,occupied,truffle_turtle,Turtle,IMG_1968_c007,IMG_1968.jpg,expanded_u2net,IMG_2021_r02_c02.jpg,IMG_2021.jpg,6,176,26,26,20260917
truffle_turtle_0030,data/synthetic_slots/v1/dataset/images/train/truffle_turtle/truffle_turtle_0030.jpg,train,occupied,truffle_turtle,Turtle,IMG_1968_c007,IMG_1968.jpg,expanded_u2net,IMG_2026_r03_c03.jpg,IMG_2026.jpg,16,160,44,33,20260917
truffle_turtle_0031,data/synthetic_slots/v1/dataset/images/train/truffle_turtle/truffle_turtle_0031.jpg,train,occupied,truffle_turtle,Turtle,IMG_1968_c007,IMG_1968.jpg,expanded_u2net,IMG_2027_r06_c02.jpg,IMG_2027.jpg,30,176,27,30,20260917
truffle_turtle_0032,data/synthetic_slots/v1/dataset/images/train/truffle_turtle/truffle_turtle_0032.jpg,train,occupied,truffle_turtle,Turtle,IMG_1968_c007,IMG_1968.jpg,expanded_u2net,IMG_2033_r02_c03.jpg,IMG_2033.jpg,50,181,25,22,20260917
truffle_turtle_0033,data/synthetic_slots/v1/dataset/images/train/truffle_turtle/truffle_turtle_0033.jpg,train,occupied,truffle_turtle,Turtle,IMG_1968_c007,IMG_1968.jpg,expanded_u2net,IMG_2019_r03_c01.jpg,IMG_2019.jpg,6,170,30,20,20260917
truffle_turtle_0034,data/synthetic_slots/v1/dataset/images/train/truffle_turtle/truffle_turtle_0034.jpg,train,occupied,truffle_turtle,Turtle,IMG_1968_c007,IMG_1968.jpg,expanded_u2net,IMG_2025_r03_c03.jpg,IMG_2025.jpg,16,145,43,48,20260917
truffle_turtle_0035,data/synthetic_slots/v1/dataset/images/train/truffle_turtle/truffle_turtle_0035.jpg,train,occupied,truffle_turtle,Turtle,IMG_1968_c007,IMG_1968.jpg,expanded_u2net,IMG_2027_r02_c04.jpg,IMG_2027.jpg,30,175,40,17,20260917
truffle_turtle_0036,data/synthetic_slots/v1/dataset/images/train/truffle_turtle/truffle_turtle_0036.jpg,train,occupied,truffle_turtle,Turtle,IMG_1968_c007,IMG_1968.jpg,expanded_u2net,IMG_2033_r04_c02.jpg,IMG_2033.jpg,50,166,30,38,20260917
truffle_turtle_0037,data/synthetic_slots/v1/dataset/images/train/truffle_turtle/truffle_turtle_0037.jpg,train,occupied,truffle_turtle,Turtle,IMG_1968_c007,IMG_1968.jpg,expanded_u2net,IMG_2019_r01_c01.jpg,IMG_2019.jpg,6,146,41,31,20260917
truffle_turtle_0038,data/synthetic_slots/v1/dataset/images/train/truffle_turtle/truffle_turtle_0038.jpg,train,occupied,truffle_turtle,Turtle,IMG_1968_c007,IMG_1968.jpg,expanded_u2net,IMG_2025_r01_c02.jpg,IMG_2025.jpg,16,150,48,28,20260917
truffle_turtle_0039,data/synthetic_slots/v1/dataset/images/train/truffle_turtle/truffle_turtle_0039.jpg,train,occupied,truffle_turtle,Turtle,IMG_1968_c007,IMG_1968.jpg,expanded_u2net,IMG_2027_r05_c02.jpg,IMG_2027.jpg,30,185,27,18,20260917
truffle_turtle_0040,data/synthetic_slots/v1/dataset/images/train/truffle_turtle/truffle_turtle_0040.jpg,train,occupied,truffle_turtle,Turtle,IMG_1968_c007,IMG_1968.jpg,expanded_u2net,IMG_2031_r02_c03.jpg,IMG_2031.jpg,50,157,32,34,20260917
truffle_turtle_0041,data/synthetic_slots/v1/dataset/images/train/truffle_turtle/truffle_turtle_0041.jpg,train,occupied,truffle_turtle,Turtle,IMG_1968_c007,IMG_1968.jpg,expanded_u2net,IMG_2019_r03_c01.jpg,IMG_2019.jpg,6,172,38,30,20260917
truffle_turtle_0042,data/synthetic_slots/v1/dataset/images/train/truffle_turtle/truffle_turtle_0042.jpg,train,occupied,truffle_turtle,Turtle,IMG_1968_c007,IMG_1968.jpg,expanded_u2net,IMG_2025_r03_c03.jpg,IMG_2025.jpg,16,166,30,32,20260917
truffle_turtle_0043,data/synthetic_slots/v1/dataset/images/train/truffle_turtle/truffle_turtle_0043.jpg,train,occupied,truffle_turtle,Turtle,IMG_1968_c007,IMG_1968.jpg,expanded_u2net,IMG_2029_r05_c03.jpg,IMG_2029.jpg,30,178,30,29,20260917
truffle_turtle_0044,data/synthetic_slots/v1/dataset/images/train/truffle_turtle/truffle_turtle_0044.jpg,train,occupied,truffle_turtle,Turtle,IMG_1968_c007,IMG_1968.jpg,expanded_u2net,IMG_2031_r06_c02.jpg,IMG_2031.jpg,50,174,38,18,20260917
truffle_turtle_0045,data/synthetic_slots/v1/dataset/images/train/truffle_turtle/truffle_turtle_0045.jpg,train,occupied,truffle_turtle,Turtle,IMG_1968_c007,IMG_1968.jpg,expanded_u2net,IMG_2021_r01_c02.jpg,IMG_2021.jpg,6,153,47,29,20260917
truffle_turtle_0046,data/synthetic_slots/v1/dataset/images/train/truffle_turtle/truffle_turtle_0046.jpg,train,occupied,truffle_turtle,Turtle,IMG_1968_c007,IMG_1968.jpg,expanded_u2net,IMG_2022_r02_c04.jpg,IMG_2022.jpg,16,160,37,28,20260917
truffle_turtle_0047,data/synthetic_slots/v1/dataset/images/train/truffle_turtle/truffle_turtle_0047.jpg,train,occupied,truffle_turtle,Turtle,IMG_1968_c007,IMG_1968.jpg,expanded_u2net,IMG_2027_r03_c05.jpg,IMG_2027.jpg,30,180,29,17,20260917
truffle_turtle_0048,data/synthetic_slots/v1/dataset/images/train/truffle_turtle/truffle_turtle_0048.jpg,train,occupied,truffle_turtle,Turtle,IMG_1968_c007,IMG_1968.jpg,expanded_u2net,IMG_2033_r10_c05.jpg,IMG_2033.jpg,50,161,41,33,20260917
truffle_turtle_0049,data/synthetic_slots/v1/dataset/images/train/truffle_turtle/truffle_turtle_0049.jpg,train,occupied,truffle_turtle,Turtle,IMG_1968_c007,IMG_1968.jpg,expanded_u2net,IMG_2019_r03_c02.jpg,IMG_2019.jpg,6,176,25,18,20260917
truffle_turtle_0050,data/synthetic_slots/v1/dataset/images/train/truffle_turtle/truffle_turtle_0050.jpg,train,occupied,truffle_turtle,Turtle,IMG_1968_c007,IMG_1968.jpg,expanded_u2net,IMG_2022_r04_c01.jpg,IMG_2022.jpg,16,159,41,27,20260917
truffle_turtle_0051,data/synthetic_slots/v1/dataset/images/train/truffle_turtle/truffle_turtle_0051.jpg,train,occupied,truffle_turtle,Turtle,IMG_1968_c007,IMG_1968.jpg,expanded_u2net,IMG_2027_r01_c04.jpg,IMG_2027.jpg,30,174,34,28,20260917
truffle_turtle_0052,data/synthetic_slots/v1/dataset/images/train/truffle_turtle/truffle_turtle_0052.jpg,train,occupied,truffle_turtle,Turtle,IMG_1968_c007,IMG_1968.jpg,expanded_u2net,IMG_2033_r04_c04.jpg,IMG_2033.jpg,50,148,46,41,20260917
truffle_turtle_0053,data/synthetic_slots/v1/dataset/images/train/truffle_turtle/truffle_turtle_0053.jpg,train,occupied,truffle_turtle,Turtle,IMG_1968_c007,IMG_1968.jpg,expanded_u2net,IMG_2021_r01_c02.jpg,IMG_2021.jpg,6,170,36,35,20260917
truffle_turtle_0054,data/synthetic_slots/v1/dataset/images/train/truffle_turtle/truffle_turtle_0054.jpg,train,occupied,truffle_turtle,Turtle,IMG_1968_c007,IMG_1968.jpg,expanded_u2net,IMG_2022_r02_c04.jpg,IMG_2022.jpg,16,146,51,44,20260917
truffle_turtle_0055,data/synthetic_slots/v1/dataset/images/train/truffle_turtle/truffle_turtle_0055.jpg,train,occupied,truffle_turtle,Turtle,IMG_1968_c007,IMG_1968.jpg,expanded_u2net,IMG_2027_r04_c01.jpg,IMG_2027.jpg,30,165,30,25,20260917
truffle_turtle_0056,data/synthetic_slots/v1/dataset/images/train/truffle_turtle/truffle_turtle_0056.jpg,train,occupied,truffle_turtle,Turtle,IMG_1968_c007,IMG_1968.jpg,expanded_u2net,IMG_2032_r01_c05.jpg,IMG_2032.jpg,50,177,30,27,20260917
truffle_turtle_0057,data/synthetic_slots/v1/dataset/images/train/truffle_turtle/truffle_turtle_0057.jpg,train,occupied,truffle_turtle,Turtle,IMG_1968_c007,IMG_1968.jpg,expanded_u2net,IMG_2019_r01_c02.jpg,IMG_2019.jpg,6,164,32,30,20260917
truffle_turtle_0058,data/synthetic_slots/v1/dataset/images/train/truffle_turtle/truffle_turtle_0058.jpg,train,occupied,truffle_turtle,Turtle,IMG_1968_c007,IMG_1968.jpg,expanded_u2net,IMG_2024_r02_c02.jpg,IMG_2024.jpg,16,155,36,35,20260917
truffle_turtle_0059,data/synthetic_slots/v1/dataset/images/train/truffle_turtle/truffle_turtle_0059.jpg,train,occupied,truffle_turtle,Turtle,IMG_1968_c007,IMG_1968.jpg,expanded_u2net,IMG_2029_r06_c05.jpg,IMG_2029.jpg,30,153,36,37,20260917
truffle_turtle_0060,data/synthetic_slots/v1/dataset/images/train/truffle_turtle/truffle_turtle_0060.jpg,train,occupied,truffle_turtle,Turtle,IMG_1968_c007,IMG_1968.jpg,expanded_u2net,IMG_2033_r08_c04.jpg,IMG_2033.jpg,50,150,46,46,20260917
truffle_turtle_0061,data/synthetic_slots/v1/dataset/images/train/truffle_turtle/truffle_turtle_0061.jpg,train,occupied,truffle_turtle,Turtle,IMG_1968_c007,IMG_1968.jpg,expanded_u2net,IMG_2019_r02_c01.jpg,IMG_2019.jpg,6,146,38,30,20260917
truffle_turtle_0062,data/synthetic_slots/v1/dataset/images/train/truffle_turtle/truffle_turtle_0062.jpg,train,occupied,truffle_turtle,Turtle,IMG_1968_c007,IMG_1968.jpg,expanded_u2net,IMG_2022_r04_c04.jpg,IMG_2022.jpg,16,151,39,28,20260917
truffle_turtle_0063,data/synthetic_slots/v1/dataset/images/train/truffle_turtle/truffle_turtle_0063.jpg,train,occupied,truffle_turtle,Turtle,IMG_1968_c007,IMG_1968.jpg,expanded_u2net,IMG_2027_r01_c02.jpg,IMG_2027.jpg,30,179,38,18,20260917
truffle_turtle_0064,data/synthetic_slots/v1/dataset/images/train/truffle_turtle/truffle_turtle_0064.jpg,train,occupied,truffle_turtle,Turtle,IMG_1968_c007,IMG_1968.jpg,expanded_u2net,IMG_2033_r06_c02.jpg,IMG_2033.jpg,50,164,40,39,20260917
truffle_turtle_0065,data/synthetic_slots/v1/dataset/images/train/truffle_turtle/truffle_turtle_0065.jpg,train,occupied,truffle_turtle,Turtle,IMG_1968_c007,IMG_1968.jpg,expanded_u2net,IMG_2021_r03_c01.jpg,IMG_2021.jpg,6,171,37,33,20260917
truffle_turtle_0066,data/synthetic_slots/v1/dataset/images/train/truffle_turtle/truffle_turtle_0066.jpg,train,occupied,truffle_turtle,Turtle,IMG_1968_c007,IMG_1968.jpg,expanded_u2net,IMG_2026_r03_c01.jpg,IMG_2026.jpg,16,157,47,39,20260917
truffle_turtle_0067,data/synthetic_slots/v1/dataset/images/train/truffle_turtle/truffle_turtle_0067.jpg,train,occupied,truffle_turtle,Turtle,IMG_1968_c007,IMG_1968.jpg,expanded_u2net,IMG_2028_r06_c05.jpg,IMG_2028.jpg,30,159,42,36,20260917
truffle_turtle_0068,data/synthetic_slots/v1/dataset/images/train/truffle_turtle/truffle_turtle_0068.jpg,train,occupied,truffle_turtle,Turtle,IMG_1968_c007,IMG_1968.jpg,expanded_u2net,IMG_2031_r07_c02.jpg,IMG_2031.jpg,50,145,51,40,20260917
truffle_turtle_0069,data/synthetic_slots/v1/dataset/images/train/truffle_turtle/truffle_turtle_0069.jpg,train,occupied,truffle_turtle,Turtle,IMG_1968_c007,IMG_1968.jpg,expanded_u2net,IMG_2019_r02_c02.jpg,IMG_2019.jpg,6,176,29,22,20260917
truffle_turtle_0070,data/synthetic_slots/v1/dataset/images/train/truffle_turtle/truffle_turtle_0070.jpg,train,occupied,truffle_turtle,Turtle,IMG_1968_c007,IMG_1968.jpg,expanded_u2net,IMG_2024_r03_c01.jpg,IMG_2024.jpg,16,166,41,20,20260917
truffle_turtle_0071,data/synthetic_slots/v1/dataset/images/train/truffle_turtle/truffle_turtle_0071.jpg,train,occupied,truffle_turtle,Turtle,IMG_1968_c007,IMG_1968.jpg,expanded_u2net,IMG_2027_r06_c03.jpg,IMG_2027.jpg,30,176,36,23,20260917
truffle_turtle_0072,data/synthetic_slots/v1/dataset/images/train/truffle_turtle/truffle_turtle_0072.jpg,train,occupied,truffle_turtle,Turtle,IMG_1968_c007,IMG_1968.jpg,expanded_u2net,IMG_2033_r06_c04.jpg,IMG_2033.jpg,50,172,32,33,20260917
truffle_turtle_0073,data/synthetic_slots/v1/dataset/images/train/truffle_turtle/truffle_turtle_0073.jpg,train,occupied,truffle_turtle,Turtle,IMG_1968_c007,IMG_1968.jpg,expanded_u2net,IMG_2021_r02_c02.jpg,IMG_2021.jpg,6,150,40,31,20260917
truffle_turtle_0074,data/synthetic_slots/v1/dataset/images/train/truffle_turtle/truffle_turtle_0074.jpg,train,occupied,truffle_turtle,Turtle,IMG_1968_c007,IMG_1968.jpg,expanded_u2net,IMG_2024_r03_c03.jpg,IMG_2024.jpg,16,159,46,38,20260917
truffle_turtle_0075,data/synthetic_slots/v1/dataset/images/train/truffle_turtle/truffle_turtle_0075.jpg,train,occupied,truffle_turtle,Turtle,IMG_1968_c007,IMG_1968.jpg,expanded_u2net,IMG_2027_r03_c05.jpg,IMG_2027.jpg,30,155,31,38,20260917
truffle_turtle_0076,data/synthetic_slots/v1/dataset/images/train/truffle_turtle/truffle_turtle_0076.jpg,train,occupied,truffle_turtle,Turtle,IMG_1968_c007,IMG_1968.jpg,expanded_u2net,IMG_2032_r08_c02.jpg,IMG_2032.jpg,50,184,37,29,20260917
truffle_turtle_0077,data/synthetic_slots/v1/dataset/images/train/truffle_turtle/truffle_turtle_0077.jpg,train,occupied,truffle_turtle,Turtle,IMG_1968_c007,IMG_1968.jpg,expanded_u2net,IMG_2021_r02_c01.jpg,IMG_2021.jpg,6,149,39,46,20260917
truffle_turtle_0078,data/synthetic_slots/v1/dataset/images/train/truffle_turtle/truffle_turtle_0078.jpg,train,occupied,truffle_turtle,Turtle,IMG_1968_c007,IMG_1968.jpg,expanded_u2net,IMG_2022_r01_c01.jpg,IMG_2022.jpg,16,155,45,42,20260917
truffle_turtle_0079,data/synthetic_slots/v1/dataset/images/train/truffle_turtle/truffle_turtle_0079.jpg,train,occupied,truffle_turtle,Turtle,IMG_1968_c007,IMG_1968.jpg,expanded_u2net,IMG_2029_r01_c03.jpg,IMG_2029.jpg,30,173,25,26,20260917
truffle_turtle_0080,data/synthetic_slots/v1/dataset/images/train/truffle_turtle/truffle_turtle_0080.jpg,train,occupied,truffle_turtle,Turtle,IMG_1968_c007,IMG_1968.jpg,expanded_u2net,IMG_2033_r02_c01.jpg,IMG_2033.jpg,50,165,44,28,20260917
truffle_turtle_0081,data/synthetic_slots/v1/dataset/images/validation/truffle_turtle/truffle_turtle_0081.jpg,validation,occupied,truffle_turtle,Turtle,IMG_1968_c007,IMG_1968.jpg,expanded_u2net,IMG_2020_r02_c02.jpg,IMG_2020.jpg,6,183,33,26,20260917
truffle_turtle_0082,data/synthetic_slots/v1/dataset/images/validation/truffle_turtle/truffle_turtle_0082.jpg,validation,occupied,truffle_turtle,Turtle,IMG_1968_c007,IMG_1968.jpg,expanded_u2net,IMG_2023_r02_c04.jpg,IMG_2023.jpg,16,183,33,29,20260917
truffle_turtle_0083,data/synthetic_slots/v1/dataset/images/validation/truffle_turtle/truffle_turtle_0083.jpg,validation,occupied,truffle_turtle,Turtle,IMG_1968_c007,IMG_1968.jpg,expanded_u2net,IMG_2030_r03_c02.jpg,IMG_2030.jpg,30,168,35,37,20260917
truffle_turtle_0084,data/synthetic_slots/v1/dataset/images/validation/truffle_turtle/truffle_turtle_0084.jpg,validation,occupied,truffle_turtle,Turtle,IMG_1968_c007,IMG_1968.jpg,expanded_u2net,IMG_2034_r03_c05.jpg,IMG_2034.jpg,50,176,21,24,20260917
truffle_turtle_0085,data/synthetic_slots/v1/dataset/images/validation/truffle_turtle/truffle_turtle_0085.jpg,validation,occupied,truffle_turtle,Turtle,IMG_1968_c007,IMG_1968.jpg,expanded_u2net,IMG_2020_r02_c01.jpg,IMG_2020.jpg,6,156,41,27,20260917
truffle_turtle_0086,data/synthetic_slots/v1/dataset/images/validation/truffle_turtle/truffle_turtle_0086.jpg,validation,occupied,truffle_turtle,Turtle,IMG_1968_c007,IMG_1968.jpg,expanded_u2net,IMG_2023_r03_c04.jpg,IMG_2023.jpg,16,151,32,33,20260917
truffle_turtle_0087,data/synthetic_slots/v1/dataset/images/validation/truffle_turtle/truffle_turtle_0087.jpg,validation,occupied,truffle_turtle,Turtle,IMG_1968_c007,IMG_1968.jpg,expanded_u2net,IMG_2030_r06_c02.jpg,IMG_2030.jpg,30,159,47,36,20260917
truffle_turtle_0088,data/synthetic_slots/v1/dataset/images/validation/truffle_turtle/truffle_turtle_0088.jpg,validation,occupied,truffle_turtle,Turtle,IMG_1968_c007,IMG_1968.jpg,expanded_u2net,IMG_2034_r04_c03.jpg,IMG_2034.jpg,50,166,35,31,20260917
truffle_turtle_0089,data/synthetic_slots/v1/dataset/images/validation/truffle_turtle/truffle_turtle_0089.jpg,validation,occupied,truffle_turtle,Turtle,IMG_1968_c007,IMG_1968.jpg,expanded_u2net,IMG_2020_r02_c02.jpg,IMG_2020.jpg,6,152,43,34,20260917
truffle_turtle_0090,data/synthetic_slots/v1/dataset/images/validation/truffle_turtle/truffle_turtle_0090.jpg,validation,occupied,truffle_turtle,Turtle,IMG_1968_c007,IMG_1968.jpg,expanded_u2net,IMG_2023_r03_c03.jpg,IMG_2023.jpg,16,177,32,24,20260917
truffle_turtle_0091,data/synthetic_slots/v1/dataset/images/validation/truffle_turtle/truffle_turtle_0091.jpg,validation,occupied,truffle_turtle,Turtle,IMG_1968_c007,IMG_1968.jpg,expanded_u2net,IMG_2030_r03_c01.jpg,IMG_2030.jpg,30,178,20,19,20260917
truffle_turtle_0092,data/synthetic_slots/v1/dataset/images/validation/truffle_turtle/truffle_turtle_0092.jpg,validation,occupied,truffle_turtle,Turtle,IMG_1968_c007,IMG_1968.jpg,expanded_u2net,IMG_2034_r08_c01.jpg,IMG_2034.jpg,50,156,40,39,20260917
truffle_turtle_0093,data/synthetic_slots/v1/dataset/images/validation/truffle_turtle/truffle_turtle_0093.jpg,validation,occupied,truffle_turtle,Turtle,IMG_1968_c007,IMG_1968.jpg,expanded_u2net,IMG_2020_r03_c01.jpg,IMG_2020.jpg,6,157,33,31,20260917
truffle_turtle_0094,data/synthetic_slots/v1/dataset/images/validation/truffle_turtle/truffle_turtle_0094.jpg,validation,occupied,truffle_turtle,Turtle,IMG_1968_c007,IMG_1968.jpg,expanded_u2net,IMG_2023_r04_c02.jpg,IMG_2023.jpg,16,178,23,32,20260917
truffle_turtle_0095,data/synthetic_slots/v1/dataset/images/validation/truffle_turtle/truffle_turtle_0095.jpg,validation,occupied,truffle_turtle,Turtle,IMG_1968_c007,IMG_1968.jpg,expanded_u2net,IMG_2030_r01_c02.jpg,IMG_2030.jpg,30,183,23,20,20260917
truffle_turtle_0096,data/synthetic_slots/v1/dataset/images/validation/truffle_turtle/truffle_turtle_0096.jpg,validation,occupied,truffle_turtle,Turtle,IMG_1968_c007,IMG_1968.jpg,expanded_u2net,IMG_2034_r07_c05.jpg,IMG_2034.jpg,50,180,36,15,20260917
truffle_turtle_0097,data/synthetic_slots/v1/dataset/images/validation/truffle_turtle/truffle_turtle_0097.jpg,validation,occupied,truffle_turtle,Turtle,IMG_1968_c007,IMG_1968.jpg,expanded_u2net,IMG_2020_r01_c02.jpg,IMG_2020.jpg,6,184,35,24,20260917
truffle_turtle_0098,data/synthetic_slots/v1/dataset/images/validation/truffle_turtle/truffle_turtle_0098.jpg,validation,occupied,truffle_turtle,Turtle,IMG_1968_c007,IMG_1968.jpg,expanded_u2net,IMG_2023_r02_c04.jpg,IMG_2023.jpg,16,171,24,32,20260917
truffle_turtle_0099,data/synthetic_slots/v1/dataset/images/validation/truffle_turtle/truffle_turtle_0099.jpg,validation,occupied,truffle_turtle,Turtle,IMG_1968_c007,IMG_1968.jpg,expanded_u2net,IMG_2030_r04_c01.jpg,IMG_2030.jpg,30,152,43,32,20260917
truffle_turtle_0100,data/synthetic_slots/v1/dataset/images/validation/truffle_turtle/truffle_turtle_0100.jpg,validation,occupied,truffle_turtle,Turtle,IMG_1968_c007,IMG_1968.jpg,expanded_u2net,IMG_2034_r07_c04.jpg,IMG_2034.jpg,50,160,30,34,20260917
IMG_2019_r01_c01,data/boxes/slots/empty/6/IMG_2019_r01_c01.jpg,train,empty,empty,Empty,,,real_empty_slot,IMG_2019_r01_c01.jpg,IMG_2019.jpg,6,0,0,0,20260917
IMG_2019_r01_c02,data/boxes/slots/empty/6/IMG_2019_r01_c02.jpg,train,empty,empty,Empty,,,real_empty_slot,IMG_2019_r01_c02.jpg,IMG_2019.jpg,6,0,0,0,20260917
IMG_2019_r02_c01,data/boxes/slots/empty/6/IMG_2019_r02_c01.jpg,train,empty,empty,Empty,,,real_empty_slot,IMG_2019_r02_c01.jpg,IMG_2019.jpg,6,0,0,0,20260917
IMG_2019_r02_c02,data/boxes/slots/empty/6/IMG_2019_r02_c02.jpg,train,empty,empty,Empty,,,real_empty_slot,IMG_2019_r02_c02.jpg,IMG_2019.jpg,6,0,0,0,20260917
IMG_2019_r03_c01,data/boxes/slots/empty/6/IMG_2019_r03_c01.jpg,train,empty,empty,Empty,,,real_empty_slot,IMG_2019_r03_c01.jpg,IMG_2019.jpg,6,0,0,0,20260917
IMG_2019_r03_c02,data/boxes/slots/empty/6/IMG_2019_r03_c02.jpg,train,empty,empty,Empty,,,real_empty_slot,IMG_2019_r03_c02.jpg,IMG_2019.jpg,6,0,0,0,20260917
IMG_2020_r01_c01,data/boxes/slots/empty/6/IMG_2020_r01_c01.jpg,validation,empty,empty,Empty,,,real_empty_slot,IMG_2020_r01_c01.jpg,IMG_2020.jpg,6,0,0,0,20260917
IMG_2020_r01_c02,data/boxes/slots/empty/6/IMG_2020_r01_c02.jpg,validation,empty,empty,Empty,,,real_empty_slot,IMG_2020_r01_c02.jpg,IMG_2020.jpg,6,0,0,0,20260917
IMG_2020_r02_c01,data/boxes/slots/empty/6/IMG_2020_r02_c01.jpg,validation,empty,empty,Empty,,,real_empty_slot,IMG_2020_r02_c01.jpg,IMG_2020.jpg,6,0,0,0,20260917
IMG_2020_r02_c02,data/boxes/slots/empty/6/IMG_2020_r02_c02.jpg,validation,empty,empty,Empty,,,real_empty_slot,IMG_2020_r02_c02.jpg,IMG_2020.jpg,6,0,0,0,20260917
IMG_2020_r03_c01,data/boxes/slots/empty/6/IMG_2020_r03_c01.jpg,validation,empty,empty,Empty,,,real_empty_slot,IMG_2020_r03_c01.jpg,IMG_2020.jpg,6,0,0,0,20260917
IMG_2020_r03_c02,data/boxes/slots/empty/6/IMG_2020_r03_c02.jpg,validation,empty,empty,Empty,,,real_empty_slot,IMG_2020_r03_c02.jpg,IMG_2020.jpg,6,0,0,0,20260917
IMG_2021_r01_c01,data/boxes/slots/empty/6/IMG_2021_r01_c01.jpg,train,empty,empty,Empty,,,real_empty_slot,IMG_2021_r01_c01.jpg,IMG_2021.jpg,6,0,0,0,20260917
IMG_2021_r01_c02,data/boxes/slots/empty/6/IMG_2021_r01_c02.jpg,train,empty,empty,Empty,,,real_empty_slot,IMG_2021_r01_c02.jpg,IMG_2021.jpg,6,0,0,0,20260917
IMG_2021_r02_c01,data/boxes/slots/empty/6/IMG_2021_r02_c01.jpg,train,empty,empty,Empty,,,real_empty_slot,IMG_2021_r02_c01.jpg,IMG_2021.jpg,6,0,0,0,20260917
IMG_2021_r02_c02,data/boxes/slots/empty/6/IMG_2021_r02_c02.jpg,train,empty,empty,Empty,,,real_empty_slot,IMG_2021_r02_c02.jpg,IMG_2021.jpg,6,0,0,0,20260917
IMG_2021_r03_c01,data/boxes/slots/empty/6/IMG_2021_r03_c01.jpg,train,empty,empty,Empty,,,real_empty_slot,IMG_2021_r03_c01.jpg,IMG_2021.jpg,6,0,0,0,20260917
IMG_2021_r03_c02,data/boxes/slots/empty/6/IMG_2021_r03_c02.jpg,train,empty,empty,Empty,,,real_empty_slot,IMG_2021_r03_c02.jpg,IMG_2021.jpg,6,0,0,0,20260917
IMG_2022_r01_c01,data/boxes/slots/empty/16/IMG_2022_r01_c01.jpg,train,empty,empty,Empty,,,real_empty_slot,IMG_2022_r01_c01.jpg,IMG_2022.jpg,16,0,0,0,20260917
IMG_2022_r01_c02,data/boxes/slots/empty/16/IMG_2022_r01_c02.jpg,train,empty,empty,Empty,,,real_empty_slot,IMG_2022_r01_c02.jpg,IMG_2022.jpg,16,0,0,0,20260917
IMG_2022_r01_c03,data/boxes/slots/empty/16/IMG_2022_r01_c03.jpg,train,empty,empty,Empty,,,real_empty_slot,IMG_2022_r01_c03.jpg,IMG_2022.jpg,16,0,0,0,20260917
IMG_2022_r01_c04,data/boxes/slots/empty/16/IMG_2022_r01_c04.jpg,train,empty,empty,Empty,,,real_empty_slot,IMG_2022_r01_c04.jpg,IMG_2022.jpg,16,0,0,0,20260917
IMG_2022_r02_c01,data/boxes/slots/empty/16/IMG_2022_r02_c01.jpg,train,empty,empty,Empty,,,real_empty_slot,IMG_2022_r02_c01.jpg,IMG_2022.jpg,16,0,0,0,20260917
IMG_2022_r02_c02,data/boxes/slots/empty/16/IMG_2022_r02_c02.jpg,train,empty,empty,Empty,,,real_empty_slot,IMG_2022_r02_c02.jpg,IMG_2022.jpg,16,0,0,0,20260917
IMG_2022_r02_c03,data/boxes/slots/empty/16/IMG_2022_r02_c03.jpg,train,empty,empty,Empty,,,real_empty_slot,IMG_2022_r02_c03.jpg,IMG_2022.jpg,16,0,0,0,20260917
IMG_2022_r02_c04,data/boxes/slots/empty/16/IMG_2022_r02_c04.jpg,train,empty,empty,Empty,,,real_empty_slot,IMG_2022_r02_c04.jpg,IMG_2022.jpg,16,0,0,0,20260917
IMG_2022_r03_c01,data/boxes/slots/empty/16/IMG_2022_r03_c01.jpg,train,empty,empty,Empty,,,real_empty_slot,IMG_2022_r03_c01.jpg,IMG_2022.jpg,16,0,0,0,20260917
IMG_2022_r03_c02,data/boxes/slots/empty/16/IMG_2022_r03_c02.jpg,train,empty,empty,Empty,,,real_empty_slot,IMG_2022_r03_c02.jpg,IMG_2022.jpg,16,0,0,0,20260917
IMG_2022_r03_c03,data/boxes/slots/empty/16/IMG_2022_r03_c03.jpg,train,empty,empty,Empty,,,real_empty_slot,IMG_2022_r03_c03.jpg,IMG_2022.jpg,16,0,0,0,20260917
IMG_2022_r03_c04,data/boxes/slots/empty/16/IMG_2022_r03_c04.jpg,train,empty,empty,Empty,,,real_empty_slot,IMG_2022_r03_c04.jpg,IMG_2022.jpg,16,0,0,0,20260917
IMG_2022_r04_c01,data/boxes/slots/empty/16/IMG_2022_r04_c01.jpg,train,empty,empty,Empty,,,real_empty_slot,IMG_2022_r04_c01.jpg,IMG_2022.jpg,16,0,0,0,20260917
IMG_2022_r04_c02,data/boxes/slots/empty/16/IMG_2022_r04_c02.jpg,train,empty,empty,Empty,,,real_empty_slot,IMG_2022_r04_c02.jpg,IMG_2022.jpg,16,0,0,0,20260917
IMG_2022_r04_c03,data/boxes/slots/empty/16/IMG_2022_r04_c03.jpg,train,empty,empty,Empty,,,real_empty_slot,IMG_2022_r04_c03.jpg,IMG_2022.jpg,16,0,0,0,20260917
IMG_2022_r04_c04,data/boxes/slots/empty/16/IMG_2022_r04_c04.jpg,train,empty,empty,Empty,,,real_empty_slot,IMG_2022_r04_c04.jpg,IMG_2022.jpg,16,0,0,0,20260917
IMG_2023_r01_c01,data/boxes/slots/empty/16/IMG_2023_r01_c01.jpg,validation,empty,empty,Empty,,,real_empty_slot,IMG_2023_r01_c01.jpg,IMG_2023.jpg,16,0,0,0,20260917
IMG_2023_r01_c02,data/boxes/slots/empty/16/IMG_2023_r01_c02.jpg,validation,empty,empty,Empty,,,real_empty_slot,IMG_2023_r01_c02.jpg,IMG_2023.jpg,16,0,0,0,20260917
IMG_2023_r01_c03,data/boxes/slots/empty/16/IMG_2023_r01_c03.jpg,validation,empty,empty,Empty,,,real_empty_slot,IMG_2023_r01_c03.jpg,IMG_2023.jpg,16,0,0,0,20260917
IMG_2023_r01_c04,data/boxes/slots/empty/16/IMG_2023_r01_c04.jpg,validation,empty,empty,Empty,,,real_empty_slot,IMG_2023_r01_c04.jpg,IMG_2023.jpg,16,0,0,0,20260917
IMG_2023_r02_c01,data/boxes/slots/empty/16/IMG_2023_r02_c01.jpg,validation,empty,empty,Empty,,,real_empty_slot,IMG_2023_r02_c01.jpg,IMG_2023.jpg,16,0,0,0,20260917
IMG_2023_r02_c02,data/boxes/slots/empty/16/IMG_2023_r02_c02.jpg,validation,empty,empty,Empty,,,real_empty_slot,IMG_2023_r02_c02.jpg,IMG_2023.jpg,16,0,0,0,20260917
IMG_2023_r02_c03,data/boxes/slots/empty/16/IMG_2023_r02_c03.jpg,validation,empty,empty,Empty,,,real_empty_slot,IMG_2023_r02_c03.jpg,IMG_2023.jpg,16,0,0,0,20260917
IMG_2023_r02_c04,data/boxes/slots/empty/16/IMG_2023_r02_c04.jpg,validation,empty,empty,Empty,,,real_empty_slot,IMG_2023_r02_c04.jpg,IMG_2023.jpg,16,0,0,0,20260917
IMG_2023_r03_c01,data/boxes/slots/empty/16/IMG_2023_r03_c01.jpg,validation,empty,empty,Empty,,,real_empty_slot,IMG_2023_r03_c01.jpg,IMG_2023.jpg,16,0,0,0,20260917
IMG_2023_r03_c02,data/boxes/slots/empty/16/IMG_2023_r03_c02.jpg,validation,empty,empty,Empty,,,real_empty_slot,IMG_2023_r03_c02.jpg,IMG_2023.jpg,16,0,0,0,20260917
IMG_2023_r03_c03,data/boxes/slots/empty/16/IMG_2023_r03_c03.jpg,validation,empty,empty,Empty,,,real_empty_slot,IMG_2023_r03_c03.jpg,IMG_2023.jpg,16,0,0,0,20260917
IMG_2023_r03_c04,data/boxes/slots/empty/16/IMG_2023_r03_c04.jpg,validation,empty,empty,Empty,,,real_empty_slot,IMG_2023_r03_c04.jpg,IMG_2023.jpg,16,0,0,0,20260917
IMG_2023_r04_c01,data/boxes/slots/empty/16/IMG_2023_r04_c01.jpg,validation,empty,empty,Empty,,,real_empty_slot,IMG_2023_r04_c01.jpg,IMG_2023.jpg,16,0,0,0,20260917
IMG_2023_r04_c02,data/boxes/slots/empty/16/IMG_2023_r04_c02.jpg,validation,empty,empty,Empty,,,real_empty_slot,IMG_2023_r04_c02.jpg,IMG_2023.jpg,16,0,0,0,20260917
IMG_2023_r04_c03,data/boxes/slots/empty/16/IMG_2023_r04_c03.jpg,validation,empty,empty,Empty,,,real_empty_slot,IMG_2023_r04_c03.jpg,IMG_2023.jpg,16,0,0,0,20260917
IMG_2023_r04_c04,data/boxes/slots/empty/16/IMG_2023_r04_c04.jpg,validation,empty,empty,Empty,,,real_empty_slot,IMG_2023_r04_c04.jpg,IMG_2023.jpg,16,0,0,0,20260917
IMG_2024_r01_c01,data/boxes/slots/empty/16/IMG_2024_r01_c01.jpg,train,empty,empty,Empty,,,real_empty_slot,IMG_2024_r01_c01.jpg,IMG_2024.jpg,16,0,0,0,20260917
IMG_2024_r01_c02,data/boxes/slots/empty/16/IMG_2024_r01_c02.jpg,train,empty,empty,Empty,,,real_empty_slot,IMG_2024_r01_c02.jpg,IMG_2024.jpg,16,0,0,0,20260917
IMG_2024_r01_c03,data/boxes/slots/empty/16/IMG_2024_r01_c03.jpg,train,empty,empty,Empty,,,real_empty_slot,IMG_2024_r01_c03.jpg,IMG_2024.jpg,16,0,0,0,20260917
IMG_2024_r01_c04,data/boxes/slots/empty/16/IMG_2024_r01_c04.jpg,train,empty,empty,Empty,,,real_empty_slot,IMG_2024_r01_c04.jpg,IMG_2024.jpg,16,0,0,0,20260917
IMG_2024_r02_c01,data/boxes/slots/empty/16/IMG_2024_r02_c01.jpg,train,empty,empty,Empty,,,real_empty_slot,IMG_2024_r02_c01.jpg,IMG_2024.jpg,16,0,0,0,20260917
IMG_2024_r02_c02,data/boxes/slots/empty/16/IMG_2024_r02_c02.jpg,train,empty,empty,Empty,,,real_empty_slot,IMG_2024_r02_c02.jpg,IMG_2024.jpg,16,0,0,0,20260917
IMG_2024_r02_c03,data/boxes/slots/empty/16/IMG_2024_r02_c03.jpg,train,empty,empty,Empty,,,real_empty_slot,IMG_2024_r02_c03.jpg,IMG_2024.jpg,16,0,0,0,20260917
IMG_2024_r02_c04,data/boxes/slots/empty/16/IMG_2024_r02_c04.jpg,train,empty,empty,Empty,,,real_empty_slot,IMG_2024_r02_c04.jpg,IMG_2024.jpg,16,0,0,0,20260917
IMG_2024_r03_c01,data/boxes/slots/empty/16/IMG_2024_r03_c01.jpg,train,empty,empty,Empty,,,real_empty_slot,IMG_2024_r03_c01.jpg,IMG_2024.jpg,16,0,0,0,20260917
IMG_2024_r03_c02,data/boxes/slots/empty/16/IMG_2024_r03_c02.jpg,train,empty,empty,Empty,,,real_empty_slot,IMG_2024_r03_c02.jpg,IMG_2024.jpg,16,0,0,0,20260917
IMG_2024_r03_c03,data/boxes/slots/empty/16/IMG_2024_r03_c03.jpg,train,empty,empty,Empty,,,real_empty_slot,IMG_2024_r03_c03.jpg,IMG_2024.jpg,16,0,0,0,20260917
IMG_2024_r03_c04,data/boxes/slots/empty/16/IMG_2024_r03_c04.jpg,train,empty,empty,Empty,,,real_empty_slot,IMG_2024_r03_c04.jpg,IMG_2024.jpg,16,0,0,0,20260917
IMG_2024_r04_c01,data/boxes/slots/empty/16/IMG_2024_r04_c01.jpg,train,empty,empty,Empty,,,real_empty_slot,IMG_2024_r04_c01.jpg,IMG_2024.jpg,16,0,0,0,20260917
IMG_2024_r04_c02,data/boxes/slots/empty/16/IMG_2024_r04_c02.jpg,train,empty,empty,Empty,,,real_empty_slot,IMG_2024_r04_c02.jpg,IMG_2024.jpg,16,0,0,0,20260917
IMG_2024_r04_c03,data/boxes/slots/empty/16/IMG_2024_r04_c03.jpg,train,empty,empty,Empty,,,real_empty_slot,IMG_2024_r04_c03.jpg,IMG_2024.jpg,16,0,0,0,20260917
IMG_2024_r04_c04,data/boxes/slots/empty/16/IMG_2024_r04_c04.jpg,train,empty,empty,Empty,,,real_empty_slot,IMG_2024_r04_c04.jpg,IMG_2024.jpg,16,0,0,0,20260917
IMG_2025_r01_c01,data/boxes/slots/empty/16/IMG_2025_r01_c01.jpg,train,empty,empty,Empty,,,real_empty_slot,IMG_2025_r01_c01.jpg,IMG_2025.jpg,16,0,0,0,20260917
IMG_2025_r01_c02,data/boxes/slots/empty/16/IMG_2025_r01_c02.jpg,train,empty,empty,Empty,,,real_empty_slot,IMG_2025_r01_c02.jpg,IMG_2025.jpg,16,0,0,0,20260917
IMG_2025_r01_c03,data/boxes/slots/empty/16/IMG_2025_r01_c03.jpg,train,empty,empty,Empty,,,real_empty_slot,IMG_2025_r01_c03.jpg,IMG_2025.jpg,16,0,0,0,20260917
IMG_2025_r01_c04,data/boxes/slots/empty/16/IMG_2025_r01_c04.jpg,train,empty,empty,Empty,,,real_empty_slot,IMG_2025_r01_c04.jpg,IMG_2025.jpg,16,0,0,0,20260917
IMG_2025_r02_c01,data/boxes/slots/empty/16/IMG_2025_r02_c01.jpg,train,empty,empty,Empty,,,real_empty_slot,IMG_2025_r02_c01.jpg,IMG_2025.jpg,16,0,0,0,20260917
IMG_2025_r02_c02,data/boxes/slots/empty/16/IMG_2025_r02_c02.jpg,train,empty,empty,Empty,,,real_empty_slot,IMG_2025_r02_c02.jpg,IMG_2025.jpg,16,0,0,0,20260917
IMG_2025_r02_c03,data/boxes/slots/empty/16/IMG_2025_r02_c03.jpg,train,empty,empty,Empty,,,real_empty_slot,IMG_2025_r02_c03.jpg,IMG_2025.jpg,16,0,0,0,20260917
IMG_2025_r02_c04,data/boxes/slots/empty/16/IMG_2025_r02_c04.jpg,train,empty,empty,Empty,,,real_empty_slot,IMG_2025_r02_c04.jpg,IMG_2025.jpg,16,0,0,0,20260917
IMG_2025_r03_c01,data/boxes/slots/empty/16/IMG_2025_r03_c01.jpg,train,empty,empty,Empty,,,real_empty_slot,IMG_2025_r03_c01.jpg,IMG_2025.jpg,16,0,0,0,20260917
IMG_2025_r03_c02,data/boxes/slots/empty/16/IMG_2025_r03_c02.jpg,train,empty,empty,Empty,,,real_empty_slot,IMG_2025_r03_c02.jpg,IMG_2025.jpg,16,0,0,0,20260917
IMG_2025_r03_c03,data/boxes/slots/empty/16/IMG_2025_r03_c03.jpg,train,empty,empty,Empty,,,real_empty_slot,IMG_2025_r03_c03.jpg,IMG_2025.jpg,16,0,0,0,20260917
IMG_2025_r03_c04,data/boxes/slots/empty/16/IMG_2025_r03_c04.jpg,train,empty,empty,Empty,,,real_empty_slot,IMG_2025_r03_c04.jpg,IMG_2025.jpg,16,0,0,0,20260917
IMG_2025_r04_c01,data/boxes/slots/empty/16/IMG_2025_r04_c01.jpg,train,empty,empty,Empty,,,real_empty_slot,IMG_2025_r04_c01.jpg,IMG_2025.jpg,16,0,0,0,20260917
IMG_2025_r04_c02,data/boxes/slots/empty/16/IMG_2025_r04_c02.jpg,train,empty,empty,Empty,,,real_empty_slot,IMG_2025_r04_c02.jpg,IMG_2025.jpg,16,0,0,0,20260917
IMG_2025_r04_c03,data/boxes/slots/empty/16/IMG_2025_r04_c03.jpg,train,empty,empty,Empty,,,real_empty_slot,IMG_2025_r04_c03.jpg,IMG_2025.jpg,16,0,0,0,20260917
IMG_2025_r04_c04,data/boxes/slots/empty/16/IMG_2025_r04_c04.jpg,train,empty,empty,Empty,,,real_empty_slot,IMG_2025_r04_c04.jpg,IMG_2025.jpg,16,0,0,0,20260917
IMG_2026_r01_c01,data/boxes/slots/empty/16/IMG_2026_r01_c01.jpg,train,empty,empty,Empty,,,real_empty_slot,IMG_2026_r01_c01.jpg,IMG_2026.jpg,16,0,0,0,20260917
IMG_2026_r01_c02,data/boxes/slots/empty/16/IMG_2026_r01_c02.jpg,train,empty,empty,Empty,,,real_empty_slot,IMG_2026_r01_c02.jpg,IMG_2026.jpg,16,0,0,0,20260917
IMG_2026_r01_c03,data/boxes/slots/empty/16/IMG_2026_r01_c03.jpg,train,empty,empty,Empty,,,real_empty_slot,IMG_2026_r01_c03.jpg,IMG_2026.jpg,16,0,0,0,20260917
IMG_2026_r01_c04,data/boxes/slots/empty/16/IMG_2026_r01_c04.jpg,train,empty,empty,Empty,,,real_empty_slot,IMG_2026_r01_c04.jpg,IMG_2026.jpg,16,0,0,0,20260917
IMG_2026_r02_c01,data/boxes/slots/empty/16/IMG_2026_r02_c01.jpg,train,empty,empty,Empty,,,real_empty_slot,IMG_2026_r02_c01.jpg,IMG_2026.jpg,16,0,0,0,20260917
IMG_2026_r02_c02,data/boxes/slots/empty/16/IMG_2026_r02_c02.jpg,train,empty,empty,Empty,,,real_empty_slot,IMG_2026_r02_c02.jpg,IMG_2026.jpg,16,0,0,0,20260917
IMG_2026_r02_c03,data/boxes/slots/empty/16/IMG_2026_r02_c03.jpg,train,empty,empty,Empty,,,real_empty_slot,IMG_2026_r02_c03.jpg,IMG_2026.jpg,16,0,0,0,20260917
IMG_2026_r02_c04,data/boxes/slots/empty/16/IMG_2026_r02_c04.jpg,train,empty,empty,Empty,,,real_empty_slot,IMG_2026_r02_c04.jpg,IMG_2026.jpg,16,0,0,0,20260917
IMG_2026_r03_c01,data/boxes/slots/empty/16/IMG_2026_r03_c01.jpg,train,empty,empty,Empty,,,real_empty_slot,IMG_2026_r03_c01.jpg,IMG_2026.jpg,16,0,0,0,20260917
IMG_2026_r03_c02,data/boxes/slots/empty/16/IMG_2026_r03_c02.jpg,train,empty,empty,Empty,,,real_empty_slot,IMG_2026_r03_c02.jpg,IMG_2026.jpg,16,0,0,0,20260917
IMG_2026_r03_c03,data/boxes/slots/empty/16/IMG_2026_r03_c03.jpg,train,empty,empty,Empty,,,real_empty_slot,IMG_2026_r03_c03.jpg,IMG_2026.jpg,16,0,0,0,20260917
IMG_2026_r03_c04,data/boxes/slots/empty/16/IMG_2026_r03_c04.jpg,train,empty,empty,Empty,,,real_empty_slot,IMG_2026_r03_c04.jpg,IMG_2026.jpg,16,0,0,0,20260917
IMG_2026_r04_c01,data/boxes/slots/empty/16/IMG_2026_r04_c01.jpg,train,empty,empty,Empty,,,real_empty_slot,IMG_2026_r04_c01.jpg,IMG_2026.jpg,16,0,0,0,20260917
IMG_2026_r04_c02,data/boxes/slots/empty/16/IMG_2026_r04_c02.jpg,train,empty,empty,Empty,,,real_empty_slot,IMG_2026_r04_c02.jpg,IMG_2026.jpg,16,0,0,0,20260917
IMG_2026_r04_c03,data/boxes/slots/empty/16/IMG_2026_r04_c03.jpg,train,empty,empty,Empty,,,real_empty_slot,IMG_2026_r04_c03.jpg,IMG_2026.jpg,16,0,0,0,20260917
IMG_2026_r04_c04,data/boxes/slots/empty/16/IMG_2026_r04_c04.jpg,train,empty,empty,Empty,,,real_empty_slot,IMG_2026_r04_c04.jpg,IMG_2026.jpg,16,0,0,0,20260917
IMG_2027_r01_c01,data/boxes/slots/empty/30/IMG_2027_r01_c01.jpg,train,empty,empty,Empty,,,real_empty_slot,IMG_2027_r01_c01.jpg,IMG_2027.jpg,30,0,0,0,20260917
IMG_2027_r01_c02,data/boxes/slots/empty/30/IMG_2027_r01_c02.jpg,train,empty,empty,Empty,,,real_empty_slot,IMG_2027_r01_c02.jpg,IMG_2027.jpg,30,0,0,0,20260917
IMG_2027_r01_c03,data/boxes/slots/empty/30/IMG_2027_r01_c03.jpg,train,empty,empty,Empty,,,real_empty_slot,IMG_2027_r01_c03.jpg,IMG_2027.jpg,30,0,0,0,20260917
IMG_2027_r01_c04,data/boxes/slots/empty/30/IMG_2027_r01_c04.jpg,train,empty,empty,Empty,,,real_empty_slot,IMG_2027_r01_c04.jpg,IMG_2027.jpg,30,0,0,0,20260917
IMG_2027_r01_c05,data/boxes/slots/empty/30/IMG_2027_r01_c05.jpg,train,empty,empty,Empty,,,real_empty_slot,IMG_2027_r01_c05.jpg,IMG_2027.jpg,30,0,0,0,20260917
IMG_2027_r02_c01,data/boxes/slots/empty/30/IMG_2027_r02_c01.jpg,train,empty,empty,Empty,,,real_empty_slot,IMG_2027_r02_c01.jpg,IMG_2027.jpg,30,0,0,0,20260917
IMG_2027_r02_c02,data/boxes/slots/empty/30/IMG_2027_r02_c02.jpg,train,empty,empty,Empty,,,real_empty_slot,IMG_2027_r02_c02.jpg,IMG_2027.jpg,30,0,0,0,20260917
IMG_2027_r02_c03,data/boxes/slots/empty/30/IMG_2027_r02_c03.jpg,train,empty,empty,Empty,,,real_empty_slot,IMG_2027_r02_c03.jpg,IMG_2027.jpg,30,0,0,0,20260917
IMG_2027_r02_c04,data/boxes/slots/empty/30/IMG_2027_r02_c04.jpg,train,empty,empty,Empty,,,real_empty_slot,IMG_2027_r02_c04.jpg,IMG_2027.jpg,30,0,0,0,20260917
IMG_2027_r02_c05,data/boxes/slots/empty/30/IMG_2027_r02_c05.jpg,train,empty,empty,Empty,,,real_empty_slot,IMG_2027_r02_c05.jpg,IMG_2027.jpg,30,0,0,0,20260917
IMG_2027_r03_c01,data/boxes/slots/empty/30/IMG_2027_r03_c01.jpg,train,empty,empty,Empty,,,real_empty_slot,IMG_2027_r03_c01.jpg,IMG_2027.jpg,30,0,0,0,20260917
IMG_2027_r03_c02,data/boxes/slots/empty/30/IMG_2027_r03_c02.jpg,train,empty,empty,Empty,,,real_empty_slot,IMG_2027_r03_c02.jpg,IMG_2027.jpg,30,0,0,0,20260917
IMG_2027_r03_c03,data/boxes/slots/empty/30/IMG_2027_r03_c03.jpg,train,empty,empty,Empty,,,real_empty_slot,IMG_2027_r03_c03.jpg,IMG_2027.jpg,30,0,0,0,20260917
IMG_2027_r03_c04,data/boxes/slots/empty/30/IMG_2027_r03_c04.jpg,train,empty,empty,Empty,,,real_empty_slot,IMG_2027_r03_c04.jpg,IMG_2027.jpg,30,0,0,0,20260917
IMG_2027_r03_c05,data/boxes/slots/empty/30/IMG_2027_r03_c05.jpg,train,empty,empty,Empty,,,real_empty_slot,IMG_2027_r03_c05.jpg,IMG_2027.jpg,30,0,0,0,20260917
IMG_2027_r04_c01,data/boxes/slots/empty/30/IMG_2027_r04_c01.jpg,train,empty,empty,Empty,,,real_empty_slot,IMG_2027_r04_c01.jpg,IMG_2027.jpg,30,0,0,0,20260917
IMG_2027_r04_c02,data/boxes/slots/empty/30/IMG_2027_r04_c02.jpg,train,empty,empty,Empty,,,real_empty_slot,IMG_2027_r04_c02.jpg,IMG_2027.jpg,30,0,0,0,20260917
IMG_2027_r04_c03,data/boxes/slots/empty/30/IMG_2027_r04_c03.jpg,train,empty,empty,Empty,,,real_empty_slot,IMG_2027_r04_c03.jpg,IMG_2027.jpg,30,0,0,0,20260917
IMG_2027_r04_c04,data/boxes/slots/empty/30/IMG_2027_r04_c04.jpg,train,empty,empty,Empty,,,real_empty_slot,IMG_2027_r04_c04.jpg,IMG_2027.jpg,30,0,0,0,20260917
IMG_2027_r04_c05,data/boxes/slots/empty/30/IMG_2027_r04_c05.jpg,train,empty,empty,Empty,,,real_empty_slot,IMG_2027_r04_c05.jpg,IMG_2027.jpg,30,0,0,0,20260917
IMG_2027_r05_c01,data/boxes/slots/empty/30/IMG_2027_r05_c01.jpg,train,empty,empty,Empty,,,real_empty_slot,IMG_2027_r05_c01.jpg,IMG_2027.jpg,30,0,0,0,20260917
IMG_2027_r05_c02,data/boxes/slots/empty/30/IMG_2027_r05_c02.jpg,train,empty,empty,Empty,,,real_empty_slot,IMG_2027_r05_c02.jpg,IMG_2027.jpg,30,0,0,0,20260917
IMG_2027_r05_c03,data/boxes/slots/empty/30/IMG_2027_r05_c03.jpg,train,empty,empty,Empty,,,real_empty_slot,IMG_2027_r05_c03.jpg,IMG_2027.jpg,30,0,0,0,20260917
IMG_2027_r05_c04,data/boxes/slots/empty/30/IMG_2027_r05_c04.jpg,train,empty,empty,Empty,,,real_empty_slot,IMG_2027_r05_c04.jpg,IMG_2027.jpg,30,0,0,0,20260917
IMG_2027_r05_c05,data/boxes/slots/empty/30/IMG_2027_r05_c05.jpg,train,empty,empty,Empty,,,real_empty_slot,IMG_2027_r05_c05.jpg,IMG_2027.jpg,30,0,0,0,20260917
IMG_2027_r06_c01,data/boxes/slots/empty/30/IMG_2027_r06_c01.jpg,train,empty,empty,Empty,,,real_empty_slot,IMG_2027_r06_c01.jpg,IMG_2027.jpg,30,0,0,0,20260917
IMG_2027_r06_c02,data/boxes/slots/empty/30/IMG_2027_r06_c02.jpg,train,empty,empty,Empty,,,real_empty_slot,IMG_2027_r06_c02.jpg,IMG_2027.jpg,30,0,0,0,20260917
IMG_2027_r06_c03,data/boxes/slots/empty/30/IMG_2027_r06_c03.jpg,train,empty,empty,Empty,,,real_empty_slot,IMG_2027_r06_c03.jpg,IMG_2027.jpg,30,0,0,0,20260917
IMG_2027_r06_c04,data/boxes/slots/empty/30/IMG_2027_r06_c04.jpg,train,empty,empty,Empty,,,real_empty_slot,IMG_2027_r06_c04.jpg,IMG_2027.jpg,30,0,0,0,20260917
IMG_2027_r06_c05,data/boxes/slots/empty/30/IMG_2027_r06_c05.jpg,train,empty,empty,Empty,,,real_empty_slot,IMG_2027_r06_c05.jpg,IMG_2027.jpg,30,0,0,0,20260917
IMG_2028_r01_c01,data/boxes/slots/empty/30/IMG_2028_r01_c01.jpg,train,empty,empty,Empty,,,real_empty_slot,IMG_2028_r01_c01.jpg,IMG_2028.jpg,30,0,0,0,20260917
IMG_2028_r01_c02,data/boxes/slots/empty/30/IMG_2028_r01_c02.jpg,train,empty,empty,Empty,,,real_empty_slot,IMG_2028_r01_c02.jpg,IMG_2028.jpg,30,0,0,0,20260917
IMG_2028_r01_c03,data/boxes/slots/empty/30/IMG_2028_r01_c03.jpg,train,empty,empty,Empty,,,real_empty_slot,IMG_2028_r01_c03.jpg,IMG_2028.jpg,30,0,0,0,20260917
IMG_2028_r01_c04,data/boxes/slots/empty/30/IMG_2028_r01_c04.jpg,train,empty,empty,Empty,,,real_empty_slot,IMG_2028_r01_c04.jpg,IMG_2028.jpg,30,0,0,0,20260917
IMG_2028_r01_c05,data/boxes/slots/empty/30/IMG_2028_r01_c05.jpg,train,empty,empty,Empty,,,real_empty_slot,IMG_2028_r01_c05.jpg,IMG_2028.jpg,30,0,0,0,20260917
IMG_2028_r02_c01,data/boxes/slots/empty/30/IMG_2028_r02_c01.jpg,train,empty,empty,Empty,,,real_empty_slot,IMG_2028_r02_c01.jpg,IMG_2028.jpg,30,0,0,0,20260917
IMG_2028_r02_c02,data/boxes/slots/empty/30/IMG_2028_r02_c02.jpg,train,empty,empty,Empty,,,real_empty_slot,IMG_2028_r02_c02.jpg,IMG_2028.jpg,30,0,0,0,20260917
IMG_2028_r02_c03,data/boxes/slots/empty/30/IMG_2028_r02_c03.jpg,train,empty,empty,Empty,,,real_empty_slot,IMG_2028_r02_c03.jpg,IMG_2028.jpg,30,0,0,0,20260917
IMG_2028_r02_c04,data/boxes/slots/empty/30/IMG_2028_r02_c04.jpg,train,empty,empty,Empty,,,real_empty_slot,IMG_2028_r02_c04.jpg,IMG_2028.jpg,30,0,0,0,20260917
IMG_2028_r02_c05,data/boxes/slots/empty/30/IMG_2028_r02_c05.jpg,train,empty,empty,Empty,,,real_empty_slot,IMG_2028_r02_c05.jpg,IMG_2028.jpg,30,0,0,0,20260917
IMG_2028_r03_c01,data/boxes/slots/empty/30/IMG_2028_r03_c01.jpg,train,empty,empty,Empty,,,real_empty_slot,IMG_2028_r03_c01.jpg,IMG_2028.jpg,30,0,0,0,20260917
IMG_2028_r03_c02,data/boxes/slots/empty/30/IMG_2028_r03_c02.jpg,train,empty,empty,Empty,,,real_empty_slot,IMG_2028_r03_c02.jpg,IMG_2028.jpg,30,0,0,0,20260917
IMG_2028_r03_c03,data/boxes/slots/empty/30/IMG_2028_r03_c03.jpg,train,empty,empty,Empty,,,real_empty_slot,IMG_2028_r03_c03.jpg,IMG_2028.jpg,30,0,0,0,20260917
IMG_2028_r03_c04,data/boxes/slots/empty/30/IMG_2028_r03_c04.jpg,train,empty,empty,Empty,,,real_empty_slot,IMG_2028_r03_c04.jpg,IMG_2028.jpg,30,0,0,0,20260917
IMG_2028_r03_c05,data/boxes/slots/empty/30/IMG_2028_r03_c05.jpg,train,empty,empty,Empty,,,real_empty_slot,IMG_2028_r03_c05.jpg,IMG_2028.jpg,30,0,0,0,20260917
IMG_2028_r04_c01,data/boxes/slots/empty/30/IMG_2028_r04_c01.jpg,train,empty,empty,Empty,,,real_empty_slot,IMG_2028_r04_c01.jpg,IMG_2028.jpg,30,0,0,0,20260917
IMG_2028_r04_c02,data/boxes/slots/empty/30/IMG_2028_r04_c02.jpg,train,empty,empty,Empty,,,real_empty_slot,IMG_2028_r04_c02.jpg,IMG_2028.jpg,30,0,0,0,20260917
IMG_2028_r04_c03,data/boxes/slots/empty/30/IMG_2028_r04_c03.jpg,train,empty,empty,Empty,,,real_empty_slot,IMG_2028_r04_c03.jpg,IMG_2028.jpg,30,0,0,0,20260917
IMG_2028_r04_c04,data/boxes/slots/empty/30/IMG_2028_r04_c04.jpg,train,empty,empty,Empty,,,real_empty_slot,IMG_2028_r04_c04.jpg,IMG_2028.jpg,30,0,0,0,20260917
IMG_2028_r04_c05,data/boxes/slots/empty/30/IMG_2028_r04_c05.jpg,train,empty,empty,Empty,,,real_empty_slot,IMG_2028_r04_c05.jpg,IMG_2028.jpg,30,0,0,0,20260917
IMG_2028_r05_c01,data/boxes/slots/empty/30/IMG_2028_r05_c01.jpg,train,empty,empty,Empty,,,real_empty_slot,IMG_2028_r05_c01.jpg,IMG_2028.jpg,30,0,0,0,20260917
IMG_2028_r05_c02,data/boxes/slots/empty/30/IMG_2028_r05_c02.jpg,train,empty,empty,Empty,,,real_empty_slot,IMG_2028_r05_c02.jpg,IMG_2028.jpg,30,0,0,0,20260917
IMG_2028_r05_c03,data/boxes/slots/empty/30/IMG_2028_r05_c03.jpg,train,empty,empty,Empty,,,real_empty_slot,IMG_2028_r05_c03.jpg,IMG_2028.jpg,30,0,0,0,20260917
IMG_2028_r05_c04,data/boxes/slots/empty/30/IMG_2028_r05_c04.jpg,train,empty,empty,Empty,,,real_empty_slot,IMG_2028_r05_c04.jpg,IMG_2028.jpg,30,0,0,0,20260917
IMG_2028_r05_c05,data/boxes/slots/empty/30/IMG_2028_r05_c05.jpg,train,empty,empty,Empty,,,real_empty_slot,IMG_2028_r05_c05.jpg,IMG_2028.jpg,30,0,0,0,20260917
IMG_2028_r06_c01,data/boxes/slots/empty/30/IMG_2028_r06_c01.jpg,train,empty,empty,Empty,,,real_empty_slot,IMG_2028_r06_c01.jpg,IMG_2028.jpg,30,0,0,0,20260917
IMG_2028_r06_c02,data/boxes/slots/empty/30/IMG_2028_r06_c02.jpg,train,empty,empty,Empty,,,real_empty_slot,IMG_2028_r06_c02.jpg,IMG_2028.jpg,30,0,0,0,20260917
IMG_2028_r06_c03,data/boxes/slots/empty/30/IMG_2028_r06_c03.jpg,train,empty,empty,Empty,,,real_empty_slot,IMG_2028_r06_c03.jpg,IMG_2028.jpg,30,0,0,0,20260917
IMG_2028_r06_c04,data/boxes/slots/empty/30/IMG_2028_r06_c04.jpg,train,empty,empty,Empty,,,real_empty_slot,IMG_2028_r06_c04.jpg,IMG_2028.jpg,30,0,0,0,20260917
IMG_2028_r06_c05,data/boxes/slots/empty/30/IMG_2028_r06_c05.jpg,train,empty,empty,Empty,,,real_empty_slot,IMG_2028_r06_c05.jpg,IMG_2028.jpg,30,0,0,0,20260917
IMG_2029_r01_c01,data/boxes/slots/empty/30/IMG_2029_r01_c01.jpg,train,empty,empty,Empty,,,real_empty_slot,IMG_2029_r01_c01.jpg,IMG_2029.jpg,30,0,0,0,20260917
IMG_2029_r01_c02,data/boxes/slots/empty/30/IMG_2029_r01_c02.jpg,train,empty,empty,Empty,,,real_empty_slot,IMG_2029_r01_c02.jpg,IMG_2029.jpg,30,0,0,0,20260917
IMG_2029_r01_c03,data/boxes/slots/empty/30/IMG_2029_r01_c03.jpg,train,empty,empty,Empty,,,real_empty_slot,IMG_2029_r01_c03.jpg,IMG_2029.jpg,30,0,0,0,20260917
IMG_2029_r01_c04,data/boxes/slots/empty/30/IMG_2029_r01_c04.jpg,train,empty,empty,Empty,,,real_empty_slot,IMG_2029_r01_c04.jpg,IMG_2029.jpg,30,0,0,0,20260917
IMG_2029_r01_c05,data/boxes/slots/empty/30/IMG_2029_r01_c05.jpg,train,empty,empty,Empty,,,real_empty_slot,IMG_2029_r01_c05.jpg,IMG_2029.jpg,30,0,0,0,20260917
IMG_2029_r02_c01,data/boxes/slots/empty/30/IMG_2029_r02_c01.jpg,train,empty,empty,Empty,,,real_empty_slot,IMG_2029_r02_c01.jpg,IMG_2029.jpg,30,0,0,0,20260917
IMG_2029_r02_c02,data/boxes/slots/empty/30/IMG_2029_r02_c02.jpg,train,empty,empty,Empty,,,real_empty_slot,IMG_2029_r02_c02.jpg,IMG_2029.jpg,30,0,0,0,20260917
IMG_2029_r02_c03,data/boxes/slots/empty/30/IMG_2029_r02_c03.jpg,train,empty,empty,Empty,,,real_empty_slot,IMG_2029_r02_c03.jpg,IMG_2029.jpg,30,0,0,0,20260917
IMG_2029_r02_c04,data/boxes/slots/empty/30/IMG_2029_r02_c04.jpg,train,empty,empty,Empty,,,real_empty_slot,IMG_2029_r02_c04.jpg,IMG_2029.jpg,30,0,0,0,20260917
IMG_2029_r02_c05,data/boxes/slots/empty/30/IMG_2029_r02_c05.jpg,train,empty,empty,Empty,,,real_empty_slot,IMG_2029_r02_c05.jpg,IMG_2029.jpg,30,0,0,0,20260917
IMG_2029_r03_c01,data/boxes/slots/empty/30/IMG_2029_r03_c01.jpg,train,empty,empty,Empty,,,real_empty_slot,IMG_2029_r03_c01.jpg,IMG_2029.jpg,30,0,0,0,20260917
IMG_2029_r03_c02,data/boxes/slots/empty/30/IMG_2029_r03_c02.jpg,train,empty,empty,Empty,,,real_empty_slot,IMG_2029_r03_c02.jpg,IMG_2029.jpg,30,0,0,0,20260917
IMG_2029_r03_c03,data/boxes/slots/empty/30/IMG_2029_r03_c03.jpg,train,empty,empty,Empty,,,real_empty_slot,IMG_2029_r03_c03.jpg,IMG_2029.jpg,30,0,0,0,20260917
IMG_2029_r03_c04,data/boxes/slots/empty/30/IMG_2029_r03_c04.jpg,train,empty,empty,Empty,,,real_empty_slot,IMG_2029_r03_c04.jpg,IMG_2029.jpg,30,0,0,0,20260917
IMG_2029_r03_c05,data/boxes/slots/empty/30/IMG_2029_r03_c05.jpg,train,empty,empty,Empty,,,real_empty_slot,IMG_2029_r03_c05.jpg,IMG_2029.jpg,30,0,0,0,20260917
IMG_2029_r04_c01,data/boxes/slots/empty/30/IMG_2029_r04_c01.jpg,train,empty,empty,Empty,,,real_empty_slot,IMG_2029_r04_c01.jpg,IMG_2029.jpg,30,0,0,0,20260917
IMG_2029_r04_c02,data/boxes/slots/empty/30/IMG_2029_r04_c02.jpg,train,empty,empty,Empty,,,real_empty_slot,IMG_2029_r04_c02.jpg,IMG_2029.jpg,30,0,0,0,20260917
IMG_2029_r04_c03,data/boxes/slots/empty/30/IMG_2029_r04_c03.jpg,train,empty,empty,Empty,,,real_empty_slot,IMG_2029_r04_c03.jpg,IMG_2029.jpg,30,0,0,0,20260917
IMG_2029_r04_c04,data/boxes/slots/empty/30/IMG_2029_r04_c04.jpg,train,empty,empty,Empty,,,real_empty_slot,IMG_2029_r04_c04.jpg,IMG_2029.jpg,30,0,0,0,20260917
IMG_2029_r04_c05,data/boxes/slots/empty/30/IMG_2029_r04_c05.jpg,train,empty,empty,Empty,,,real_empty_slot,IMG_2029_r04_c05.jpg,IMG_2029.jpg,30,0,0,0,20260917
IMG_2029_r05_c01,data/boxes/slots/empty/30/IMG_2029_r05_c01.jpg,train,empty,empty,Empty,,,real_empty_slot,IMG_2029_r05_c01.jpg,IMG_2029.jpg,30,0,0,0,20260917
IMG_2029_r05_c02,data/boxes/slots/empty/30/IMG_2029_r05_c02.jpg,train,empty,empty,Empty,,,real_empty_slot,IMG_2029_r05_c02.jpg,IMG_2029.jpg,30,0,0,0,20260917
IMG_2029_r05_c03,data/boxes/slots/empty/30/IMG_2029_r05_c03.jpg,train,empty,empty,Empty,,,real_empty_slot,IMG_2029_r05_c03.jpg,IMG_2029.jpg,30,0,0,0,20260917
IMG_2029_r05_c04,data/boxes/slots/empty/30/IMG_2029_r05_c04.jpg,train,empty,empty,Empty,,,real_empty_slot,IMG_2029_r05_c04.jpg,IMG_2029.jpg,30,0,0,0,20260917
IMG_2029_r05_c05,data/boxes/slots/empty/30/IMG_2029_r05_c05.jpg,train,empty,empty,Empty,,,real_empty_slot,IMG_2029_r05_c05.jpg,IMG_2029.jpg,30,0,0,0,20260917
IMG_2029_r06_c01,data/boxes/slots/empty/30/IMG_2029_r06_c01.jpg,train,empty,empty,Empty,,,real_empty_slot,IMG_2029_r06_c01.jpg,IMG_2029.jpg,30,0,0,0,20260917
IMG_2029_r06_c02,data/boxes/slots/empty/30/IMG_2029_r06_c02.jpg,train,empty,empty,Empty,,,real_empty_slot,IMG_2029_r06_c02.jpg,IMG_2029.jpg,30,0,0,0,20260917
IMG_2029_r06_c03,data/boxes/slots/empty/30/IMG_2029_r06_c03.jpg,train,empty,empty,Empty,,,real_empty_slot,IMG_2029_r06_c03.jpg,IMG_2029.jpg,30,0,0,0,20260917
IMG_2029_r06_c04,data/boxes/slots/empty/30/IMG_2029_r06_c04.jpg,train,empty,empty,Empty,,,real_empty_slot,IMG_2029_r06_c04.jpg,IMG_2029.jpg,30,0,0,0,20260917
IMG_2029_r06_c05,data/boxes/slots/empty/30/IMG_2029_r06_c05.jpg,train,empty,empty,Empty,,,real_empty_slot,IMG_2029_r06_c05.jpg,IMG_2029.jpg,30,0,0,0,20260917
IMG_2030_r01_c01,data/boxes/slots/empty/30/IMG_2030_r01_c01.jpg,validation,empty,empty,Empty,,,real_empty_slot,IMG_2030_r01_c01.jpg,IMG_2030.jpg,30,0,0,0,20260917
IMG_2030_r01_c02,data/boxes/slots/empty/30/IMG_2030_r01_c02.jpg,validation,empty,empty,Empty,,,real_empty_slot,IMG_2030_r01_c02.jpg,IMG_2030.jpg,30,0,0,0,20260917
IMG_2030_r01_c03,data/boxes/slots/empty/30/IMG_2030_r01_c03.jpg,validation,empty,empty,Empty,,,real_empty_slot,IMG_2030_r01_c03.jpg,IMG_2030.jpg,30,0,0,0,20260917
IMG_2030_r01_c04,data/boxes/slots/empty/30/IMG_2030_r01_c04.jpg,validation,empty,empty,Empty,,,real_empty_slot,IMG_2030_r01_c04.jpg,IMG_2030.jpg,30,0,0,0,20260917
IMG_2030_r01_c05,data/boxes/slots/empty/30/IMG_2030_r01_c05.jpg,validation,empty,empty,Empty,,,real_empty_slot,IMG_2030_r01_c05.jpg,IMG_2030.jpg,30,0,0,0,20260917
IMG_2030_r02_c01,data/boxes/slots/empty/30/IMG_2030_r02_c01.jpg,validation,empty,empty,Empty,,,real_empty_slot,IMG_2030_r02_c01.jpg,IMG_2030.jpg,30,0,0,0,20260917
IMG_2030_r02_c02,data/boxes/slots/empty/30/IMG_2030_r02_c02.jpg,validation,empty,empty,Empty,,,real_empty_slot,IMG_2030_r02_c02.jpg,IMG_2030.jpg,30,0,0,0,20260917
IMG_2030_r02_c03,data/boxes/slots/empty/30/IMG_2030_r02_c03.jpg,validation,empty,empty,Empty,,,real_empty_slot,IMG_2030_r02_c03.jpg,IMG_2030.jpg,30,0,0,0,20260917
IMG_2030_r02_c04,data/boxes/slots/empty/30/IMG_2030_r02_c04.jpg,validation,empty,empty,Empty,,,real_empty_slot,IMG_2030_r02_c04.jpg,IMG_2030.jpg,30,0,0,0,20260917
IMG_2030_r02_c05,data/boxes/slots/empty/30/IMG_2030_r02_c05.jpg,validation,empty,empty,Empty,,,real_empty_slot,IMG_2030_r02_c05.jpg,IMG_2030.jpg,30,0,0,0,20260917
IMG_2030_r03_c01,data/boxes/slots/empty/30/IMG_2030_r03_c01.jpg,validation,empty,empty,Empty,,,real_empty_slot,IMG_2030_r03_c01.jpg,IMG_2030.jpg,30,0,0,0,20260917
IMG_2030_r03_c02,data/boxes/slots/empty/30/IMG_2030_r03_c02.jpg,validation,empty,empty,Empty,,,real_empty_slot,IMG_2030_r03_c02.jpg,IMG_2030.jpg,30,0,0,0,20260917
IMG_2030_r03_c03,data/boxes/slots/empty/30/IMG_2030_r03_c03.jpg,validation,empty,empty,Empty,,,real_empty_slot,IMG_2030_r03_c03.jpg,IMG_2030.jpg,30,0,0,0,20260917
IMG_2030_r03_c04,data/boxes/slots/empty/30/IMG_2030_r03_c04.jpg,validation,empty,empty,Empty,,,real_empty_slot,IMG_2030_r03_c04.jpg,IMG_2030.jpg,30,0,0,0,20260917
IMG_2030_r03_c05,data/boxes/slots/empty/30/IMG_2030_r03_c05.jpg,validation,empty,empty,Empty,,,real_empty_slot,IMG_2030_r03_c05.jpg,IMG_2030.jpg,30,0,0,0,20260917
IMG_2030_r04_c01,data/boxes/slots/empty/30/IMG_2030_r04_c01.jpg,validation,empty,empty,Empty,,,real_empty_slot,IMG_2030_r04_c01.jpg,IMG_2030.jpg,30,0,0,0,20260917
IMG_2030_r04_c02,data/boxes/slots/empty/30/IMG_2030_r04_c02.jpg,validation,empty,empty,Empty,,,real_empty_slot,IMG_2030_r04_c02.jpg,IMG_2030.jpg,30,0,0,0,20260917
IMG_2030_r04_c03,data/boxes/slots/empty/30/IMG_2030_r04_c03.jpg,validation,empty,empty,Empty,,,real_empty_slot,IMG_2030_r04_c03.jpg,IMG_2030.jpg,30,0,0,0,20260917
IMG_2030_r04_c04,data/boxes/slots/empty/30/IMG_2030_r04_c04.jpg,validation,empty,empty,Empty,,,real_empty_slot,IMG_2030_r04_c04.jpg,IMG_2030.jpg,30,0,0,0,20260917
IMG_2030_r04_c05,data/boxes/slots/empty/30/IMG_2030_r04_c05.jpg,validation,empty,empty,Empty,,,real_empty_slot,IMG_2030_r04_c05.jpg,IMG_2030.jpg,30,0,0,0,20260917
IMG_2030_r05_c01,data/boxes/slots/empty/30/IMG_2030_r05_c01.jpg,validation,empty,empty,Empty,,,real_empty_slot,IMG_2030_r05_c01.jpg,IMG_2030.jpg,30,0,0,0,20260917
IMG_2030_r05_c02,data/boxes/slots/empty/30/IMG_2030_r05_c02.jpg,validation,empty,empty,Empty,,,real_empty_slot,IMG_2030_r05_c02.jpg,IMG_2030.jpg,30,0,0,0,20260917
IMG_2030_r05_c03,data/boxes/slots/empty/30/IMG_2030_r05_c03.jpg,validation,empty,empty,Empty,,,real_empty_slot,IMG_2030_r05_c03.jpg,IMG_2030.jpg,30,0,0,0,20260917
IMG_2030_r05_c04,data/boxes/slots/empty/30/IMG_2030_r05_c04.jpg,validation,empty,empty,Empty,,,real_empty_slot,IMG_2030_r05_c04.jpg,IMG_2030.jpg,30,0,0,0,20260917
IMG_2030_r05_c05,data/boxes/slots/empty/30/IMG_2030_r05_c05.jpg,validation,empty,empty,Empty,,,real_empty_slot,IMG_2030_r05_c05.jpg,IMG_2030.jpg,30,0,0,0,20260917
IMG_2030_r06_c01,data/boxes/slots/empty/30/IMG_2030_r06_c01.jpg,validation,empty,empty,Empty,,,real_empty_slot,IMG_2030_r06_c01.jpg,IMG_2030.jpg,30,0,0,0,20260917
IMG_2030_r06_c02,data/boxes/slots/empty/30/IMG_2030_r06_c02.jpg,validation,empty,empty,Empty,,,real_empty_slot,IMG_2030_r06_c02.jpg,IMG_2030.jpg,30,0,0,0,20260917
IMG_2030_r06_c03,data/boxes/slots/empty/30/IMG_2030_r06_c03.jpg,validation,empty,empty,Empty,,,real_empty_slot,IMG_2030_r06_c03.jpg,IMG_2030.jpg,30,0,0,0,20260917
IMG_2030_r06_c04,data/boxes/slots/empty/30/IMG_2030_r06_c04.jpg,validation,empty,empty,Empty,,,real_empty_slot,IMG_2030_r06_c04.jpg,IMG_2030.jpg,30,0,0,0,20260917
IMG_2030_r06_c05,data/boxes/slots/empty/30/IMG_2030_r06_c05.jpg,validation,empty,empty,Empty,,,real_empty_slot,IMG_2030_r06_c05.jpg,IMG_2030.jpg,30,0,0,0,20260917
IMG_2031_r01_c01,data/boxes/slots/empty/50/IMG_2031_r01_c01.jpg,train,empty,empty,Empty,,,real_empty_slot,IMG_2031_r01_c01.jpg,IMG_2031.jpg,50,0,0,0,20260917
IMG_2031_r01_c02,data/boxes/slots/empty/50/IMG_2031_r01_c02.jpg,train,empty,empty,Empty,,,real_empty_slot,IMG_2031_r01_c02.jpg,IMG_2031.jpg,50,0,0,0,20260917
IMG_2031_r01_c03,data/boxes/slots/empty/50/IMG_2031_r01_c03.jpg,train,empty,empty,Empty,,,real_empty_slot,IMG_2031_r01_c03.jpg,IMG_2031.jpg,50,0,0,0,20260917
IMG_2031_r01_c04,data/boxes/slots/empty/50/IMG_2031_r01_c04.jpg,train,empty,empty,Empty,,,real_empty_slot,IMG_2031_r01_c04.jpg,IMG_2031.jpg,50,0,0,0,20260917
IMG_2031_r01_c05,data/boxes/slots/empty/50/IMG_2031_r01_c05.jpg,train,empty,empty,Empty,,,real_empty_slot,IMG_2031_r01_c05.jpg,IMG_2031.jpg,50,0,0,0,20260917
IMG_2031_r02_c01,data/boxes/slots/empty/50/IMG_2031_r02_c01.jpg,train,empty,empty,Empty,,,real_empty_slot,IMG_2031_r02_c01.jpg,IMG_2031.jpg,50,0,0,0,20260917
IMG_2031_r02_c02,data/boxes/slots/empty/50/IMG_2031_r02_c02.jpg,train,empty,empty,Empty,,,real_empty_slot,IMG_2031_r02_c02.jpg,IMG_2031.jpg,50,0,0,0,20260917
IMG_2031_r02_c03,data/boxes/slots/empty/50/IMG_2031_r02_c03.jpg,train,empty,empty,Empty,,,real_empty_slot,IMG_2031_r02_c03.jpg,IMG_2031.jpg,50,0,0,0,20260917
IMG_2031_r02_c04,data/boxes/slots/empty/50/IMG_2031_r02_c04.jpg,train,empty,empty,Empty,,,real_empty_slot,IMG_2031_r02_c04.jpg,IMG_2031.jpg,50,0,0,0,20260917
IMG_2031_r02_c05,data/boxes/slots/empty/50/IMG_2031_r02_c05.jpg,train,empty,empty,Empty,,,real_empty_slot,IMG_2031_r02_c05.jpg,IMG_2031.jpg,50,0,0,0,20260917
IMG_2031_r03_c01,data/boxes/slots/empty/50/IMG_2031_r03_c01.jpg,train,empty,empty,Empty,,,real_empty_slot,IMG_2031_r03_c01.jpg,IMG_2031.jpg,50,0,0,0,20260917
IMG_2031_r03_c02,data/boxes/slots/empty/50/IMG_2031_r03_c02.jpg,train,empty,empty,Empty,,,real_empty_slot,IMG_2031_r03_c02.jpg,IMG_2031.jpg,50,0,0,0,20260917
IMG_2031_r03_c03,data/boxes/slots/empty/50/IMG_2031_r03_c03.jpg,train,empty,empty,Empty,,,real_empty_slot,IMG_2031_r03_c03.jpg,IMG_2031.jpg,50,0,0,0,20260917
IMG_2031_r03_c04,data/boxes/slots/empty/50/IMG_2031_r03_c04.jpg,train,empty,empty,Empty,,,real_empty_slot,IMG_2031_r03_c04.jpg,IMG_2031.jpg,50,0,0,0,20260917
IMG_2031_r03_c05,data/boxes/slots/empty/50/IMG_2031_r03_c05.jpg,train,empty,empty,Empty,,,real_empty_slot,IMG_2031_r03_c05.jpg,IMG_2031.jpg,50,0,0,0,20260917
IMG_2031_r04_c01,data/boxes/slots/empty/50/IMG_2031_r04_c01.jpg,train,empty,empty,Empty,,,real_empty_slot,IMG_2031_r04_c01.jpg,IMG_2031.jpg,50,0,0,0,20260917
IMG_2031_r04_c02,data/boxes/slots/empty/50/IMG_2031_r04_c02.jpg,train,empty,empty,Empty,,,real_empty_slot,IMG_2031_r04_c02.jpg,IMG_2031.jpg,50,0,0,0,20260917
IMG_2031_r04_c03,data/boxes/slots/empty/50/IMG_2031_r04_c03.jpg,train,empty,empty,Empty,,,real_empty_slot,IMG_2031_r04_c03.jpg,IMG_2031.jpg,50,0,0,0,20260917
IMG_2031_r04_c04,data/boxes/slots/empty/50/IMG_2031_r04_c04.jpg,train,empty,empty,Empty,,,real_empty_slot,IMG_2031_r04_c04.jpg,IMG_2031.jpg,50,0,0,0,20260917
IMG_2031_r04_c05,data/boxes/slots/empty/50/IMG_2031_r04_c05.jpg,train,empty,empty,Empty,,,real_empty_slot,IMG_2031_r04_c05.jpg,IMG_2031.jpg,50,0,0,0,20260917
IMG_2031_r05_c01,data/boxes/slots/empty/50/IMG_2031_r05_c01.jpg,train,empty,empty,Empty,,,real_empty_slot,IMG_2031_r05_c01.jpg,IMG_2031.jpg,50,0,0,0,20260917
IMG_2031_r05_c02,data/boxes/slots/empty/50/IMG_2031_r05_c02.jpg,train,empty,empty,Empty,,,real_empty_slot,IMG_2031_r05_c02.jpg,IMG_2031.jpg,50,0,0,0,20260917
IMG_2031_r05_c03,data/boxes/slots/empty/50/IMG_2031_r05_c03.jpg,train,empty,empty,Empty,,,real_empty_slot,IMG_2031_r05_c03.jpg,IMG_2031.jpg,50,0,0,0,20260917
IMG_2031_r05_c04,data/boxes/slots/empty/50/IMG_2031_r05_c04.jpg,train,empty,empty,Empty,,,real_empty_slot,IMG_2031_r05_c04.jpg,IMG_2031.jpg,50,0,0,0,20260917
IMG_2031_r05_c05,data/boxes/slots/empty/50/IMG_2031_r05_c05.jpg,train,empty,empty,Empty,,,real_empty_slot,IMG_2031_r05_c05.jpg,IMG_2031.jpg,50,0,0,0,20260917
IMG_2031_r06_c01,data/boxes/slots/empty/50/IMG_2031_r06_c01.jpg,train,empty,empty,Empty,,,real_empty_slot,IMG_2031_r06_c01.jpg,IMG_2031.jpg,50,0,0,0,20260917
IMG_2031_r06_c02,data/boxes/slots/empty/50/IMG_2031_r06_c02.jpg,train,empty,empty,Empty,,,real_empty_slot,IMG_2031_r06_c02.jpg,IMG_2031.jpg,50,0,0,0,20260917
IMG_2031_r06_c03,data/boxes/slots/empty/50/IMG_2031_r06_c03.jpg,train,empty,empty,Empty,,,real_empty_slot,IMG_2031_r06_c03.jpg,IMG_2031.jpg,50,0,0,0,20260917
IMG_2031_r06_c04,data/boxes/slots/empty/50/IMG_2031_r06_c04.jpg,train,empty,empty,Empty,,,real_empty_slot,IMG_2031_r06_c04.jpg,IMG_2031.jpg,50,0,0,0,20260917
IMG_2031_r06_c05,data/boxes/slots/empty/50/IMG_2031_r06_c05.jpg,train,empty,empty,Empty,,,real_empty_slot,IMG_2031_r06_c05.jpg,IMG_2031.jpg,50,0,0,0,20260917
IMG_2031_r07_c01,data/boxes/slots/empty/50/IMG_2031_r07_c01.jpg,train,empty,empty,Empty,,,real_empty_slot,IMG_2031_r07_c01.jpg,IMG_2031.jpg,50,0,0,0,20260917
IMG_2031_r07_c02,data/boxes/slots/empty/50/IMG_2031_r07_c02.jpg,train,empty,empty,Empty,,,real_empty_slot,IMG_2031_r07_c02.jpg,IMG_2031.jpg,50,0,0,0,20260917
IMG_2031_r07_c03,data/boxes/slots/empty/50/IMG_2031_r07_c03.jpg,train,empty,empty,Empty,,,real_empty_slot,IMG_2031_r07_c03.jpg,IMG_2031.jpg,50,0,0,0,20260917
IMG_2031_r07_c04,data/boxes/slots/empty/50/IMG_2031_r07_c04.jpg,train,empty,empty,Empty,,,real_empty_slot,IMG_2031_r07_c04.jpg,IMG_2031.jpg,50,0,0,0,20260917
IMG_2031_r07_c05,data/boxes/slots/empty/50/IMG_2031_r07_c05.jpg,train,empty,empty,Empty,,,real_empty_slot,IMG_2031_r07_c05.jpg,IMG_2031.jpg,50,0,0,0,20260917
IMG_2031_r08_c01,data/boxes/slots/empty/50/IMG_2031_r08_c01.jpg,train,empty,empty,Empty,,,real_empty_slot,IMG_2031_r08_c01.jpg,IMG_2031.jpg,50,0,0,0,20260917
IMG_2031_r08_c02,data/boxes/slots/empty/50/IMG_2031_r08_c02.jpg,train,empty,empty,Empty,,,real_empty_slot,IMG_2031_r08_c02.jpg,IMG_2031.jpg,50,0,0,0,20260917
IMG_2031_r08_c03,data/boxes/slots/empty/50/IMG_2031_r08_c03.jpg,train,empty,empty,Empty,,,real_empty_slot,IMG_2031_r08_c03.jpg,IMG_2031.jpg,50,0,0,0,20260917
IMG_2031_r08_c04,data/boxes/slots/empty/50/IMG_2031_r08_c04.jpg,train,empty,empty,Empty,,,real_empty_slot,IMG_2031_r08_c04.jpg,IMG_2031.jpg,50,0,0,0,20260917
IMG_2031_r08_c05,data/boxes/slots/empty/50/IMG_2031_r08_c05.jpg,train,empty,empty,Empty,,,real_empty_slot,IMG_2031_r08_c05.jpg,IMG_2031.jpg,50,0,0,0,20260917
IMG_2031_r09_c01,data/boxes/slots/empty/50/IMG_2031_r09_c01.jpg,train,empty,empty,Empty,,,real_empty_slot,IMG_2031_r09_c01.jpg,IMG_2031.jpg,50,0,0,0,20260917
IMG_2031_r09_c02,data/boxes/slots/empty/50/IMG_2031_r09_c02.jpg,train,empty,empty,Empty,,,real_empty_slot,IMG_2031_r09_c02.jpg,IMG_2031.jpg,50,0,0,0,20260917
IMG_2031_r09_c03,data/boxes/slots/empty/50/IMG_2031_r09_c03.jpg,train,empty,empty,Empty,,,real_empty_slot,IMG_2031_r09_c03.jpg,IMG_2031.jpg,50,0,0,0,20260917
IMG_2031_r09_c04,data/boxes/slots/empty/50/IMG_2031_r09_c04.jpg,train,empty,empty,Empty,,,real_empty_slot,IMG_2031_r09_c04.jpg,IMG_2031.jpg,50,0,0,0,20260917
IMG_2031_r09_c05,data/boxes/slots/empty/50/IMG_2031_r09_c05.jpg,train,empty,empty,Empty,,,real_empty_slot,IMG_2031_r09_c05.jpg,IMG_2031.jpg,50,0,0,0,20260917
IMG_2031_r10_c01,data/boxes/slots/empty/50/IMG_2031_r10_c01.jpg,train,empty,empty,Empty,,,real_empty_slot,IMG_2031_r10_c01.jpg,IMG_2031.jpg,50,0,0,0,20260917
IMG_2031_r10_c02,data/boxes/slots/empty/50/IMG_2031_r10_c02.jpg,train,empty,empty,Empty,,,real_empty_slot,IMG_2031_r10_c02.jpg,IMG_2031.jpg,50,0,0,0,20260917
IMG_2031_r10_c03,data/boxes/slots/empty/50/IMG_2031_r10_c03.jpg,train,empty,empty,Empty,,,real_empty_slot,IMG_2031_r10_c03.jpg,IMG_2031.jpg,50,0,0,0,20260917
IMG_2031_r10_c04,data/boxes/slots/empty/50/IMG_2031_r10_c04.jpg,train,empty,empty,Empty,,,real_empty_slot,IMG_2031_r10_c04.jpg,IMG_2031.jpg,50,0,0,0,20260917
IMG_2031_r10_c05,data/boxes/slots/empty/50/IMG_2031_r10_c05.jpg,train,empty,empty,Empty,,,real_empty_slot,IMG_2031_r10_c05.jpg,IMG_2031.jpg,50,0,0,0,20260917
IMG_2032_r01_c01,data/boxes/slots/empty/50/IMG_2032_r01_c01.jpg,train,empty,empty,Empty,,,real_empty_slot,IMG_2032_r01_c01.jpg,IMG_2032.jpg,50,0,0,0,20260917
IMG_2032_r01_c02,data/boxes/slots/empty/50/IMG_2032_r01_c02.jpg,train,empty,empty,Empty,,,real_empty_slot,IMG_2032_r01_c02.jpg,IMG_2032.jpg,50,0,0,0,20260917
IMG_2032_r01_c03,data/boxes/slots/empty/50/IMG_2032_r01_c03.jpg,train,empty,empty,Empty,,,real_empty_slot,IMG_2032_r01_c03.jpg,IMG_2032.jpg,50,0,0,0,20260917
IMG_2032_r01_c04,data/boxes/slots/empty/50/IMG_2032_r01_c04.jpg,train,empty,empty,Empty,,,real_empty_slot,IMG_2032_r01_c04.jpg,IMG_2032.jpg,50,0,0,0,20260917
IMG_2032_r01_c05,data/boxes/slots/empty/50/IMG_2032_r01_c05.jpg,train,empty,empty,Empty,,,real_empty_slot,IMG_2032_r01_c05.jpg,IMG_2032.jpg,50,0,0,0,20260917
IMG_2032_r02_c01,data/boxes/slots/empty/50/IMG_2032_r02_c01.jpg,train,empty,empty,Empty,,,real_empty_slot,IMG_2032_r02_c01.jpg,IMG_2032.jpg,50,0,0,0,20260917
IMG_2032_r02_c02,data/boxes/slots/empty/50/IMG_2032_r02_c02.jpg,train,empty,empty,Empty,,,real_empty_slot,IMG_2032_r02_c02.jpg,IMG_2032.jpg,50,0,0,0,20260917
IMG_2032_r02_c03,data/boxes/slots/empty/50/IMG_2032_r02_c03.jpg,train,empty,empty,Empty,,,real_empty_slot,IMG_2032_r02_c03.jpg,IMG_2032.jpg,50,0,0,0,20260917
IMG_2032_r02_c04,data/boxes/slots/empty/50/IMG_2032_r02_c04.jpg,train,empty,empty,Empty,,,real_empty_slot,IMG_2032_r02_c04.jpg,IMG_2032.jpg,50,0,0,0,20260917
IMG_2032_r02_c05,data/boxes/slots/empty/50/IMG_2032_r02_c05.jpg,train,empty,empty,Empty,,,real_empty_slot,IMG_2032_r02_c05.jpg,IMG_2032.jpg,50,0,0,0,20260917
IMG_2032_r03_c01,data/boxes/slots/empty/50/IMG_2032_r03_c01.jpg,train,empty,empty,Empty,,,real_empty_slot,IMG_2032_r03_c01.jpg,IMG_2032.jpg,50,0,0,0,20260917
IMG_2032_r03_c02,data/boxes/slots/empty/50/IMG_2032_r03_c02.jpg,train,empty,empty,Empty,,,real_empty_slot,IMG_2032_r03_c02.jpg,IMG_2032.jpg,50,0,0,0,20260917
IMG_2032_r03_c03,data/boxes/slots/empty/50/IMG_2032_r03_c03.jpg,train,empty,empty,Empty,,,real_empty_slot,IMG_2032_r03_c03.jpg,IMG_2032.jpg,50,0,0,0,20260917
IMG_2032_r03_c04,data/boxes/slots/empty/50/IMG_2032_r03_c04.jpg,train,empty,empty,Empty,,,real_empty_slot,IMG_2032_r03_c04.jpg,IMG_2032.jpg,50,0,0,0,20260917
IMG_2032_r03_c05,data/boxes/slots/empty/50/IMG_2032_r03_c05.jpg,train,empty,empty,Empty,,,real_empty_slot,IMG_2032_r03_c05.jpg,IMG_2032.jpg,50,0,0,0,20260917
IMG_2032_r04_c01,data/boxes/slots/empty/50/IMG_2032_r04_c01.jpg,train,empty,empty,Empty,,,real_empty_slot,IMG_2032_r04_c01.jpg,IMG_2032.jpg,50,0,0,0,20260917
IMG_2032_r04_c02,data/boxes/slots/empty/50/IMG_2032_r04_c02.jpg,train,empty,empty,Empty,,,real_empty_slot,IMG_2032_r04_c02.jpg,IMG_2032.jpg,50,0,0,0,20260917
IMG_2032_r04_c03,data/boxes/slots/empty/50/IMG_2032_r04_c03.jpg,train,empty,empty,Empty,,,real_empty_slot,IMG_2032_r04_c03.jpg,IMG_2032.jpg,50,0,0,0,20260917
IMG_2032_r04_c04,data/boxes/slots/empty/50/IMG_2032_r04_c04.jpg,train,empty,empty,Empty,,,real_empty_slot,IMG_2032_r04_c04.jpg,IMG_2032.jpg,50,0,0,0,20260917
IMG_2032_r04_c05,data/boxes/slots/empty/50/IMG_2032_r04_c05.jpg,train,empty,empty,Empty,,,real_empty_slot,IMG_2032_r04_c05.jpg,IMG_2032.jpg,50,0,0,0,20260917
IMG_2032_r05_c01,data/boxes/slots/empty/50/IMG_2032_r05_c01.jpg,train,empty,empty,Empty,,,real_empty_slot,IMG_2032_r05_c01.jpg,IMG_2032.jpg,50,0,0,0,20260917
IMG_2032_r05_c02,data/boxes/slots/empty/50/IMG_2032_r05_c02.jpg,train,empty,empty,Empty,,,real_empty_slot,IMG_2032_r05_c02.jpg,IMG_2032.jpg,50,0,0,0,20260917
IMG_2032_r05_c03,data/boxes/slots/empty/50/IMG_2032_r05_c03.jpg,train,empty,empty,Empty,,,real_empty_slot,IMG_2032_r05_c03.jpg,IMG_2032.jpg,50,0,0,0,20260917
IMG_2032_r05_c04,data/boxes/slots/empty/50/IMG_2032_r05_c04.jpg,train,empty,empty,Empty,,,real_empty_slot,IMG_2032_r05_c04.jpg,IMG_2032.jpg,50,0,0,0,20260917
IMG_2032_r05_c05,data/boxes/slots/empty/50/IMG_2032_r05_c05.jpg,train,empty,empty,Empty,,,real_empty_slot,IMG_2032_r05_c05.jpg,IMG_2032.jpg,50,0,0,0,20260917
IMG_2032_r06_c01,data/boxes/slots/empty/50/IMG_2032_r06_c01.jpg,train,empty,empty,Empty,,,real_empty_slot,IMG_2032_r06_c01.jpg,IMG_2032.jpg,50,0,0,0,20260917
IMG_2032_r06_c02,data/boxes/slots/empty/50/IMG_2032_r06_c02.jpg,train,empty,empty,Empty,,,real_empty_slot,IMG_2032_r06_c02.jpg,IMG_2032.jpg,50,0,0,0,20260917
IMG_2032_r06_c03,data/boxes/slots/empty/50/IMG_2032_r06_c03.jpg,train,empty,empty,Empty,,,real_empty_slot,IMG_2032_r06_c03.jpg,IMG_2032.jpg,50,0,0,0,20260917
IMG_2032_r06_c04,data/boxes/slots/empty/50/IMG_2032_r06_c04.jpg,train,empty,empty,Empty,,,real_empty_slot,IMG_2032_r06_c04.jpg,IMG_2032.jpg,50,0,0,0,20260917
IMG_2032_r06_c05,data/boxes/slots/empty/50/IMG_2032_r06_c05.jpg,train,empty,empty,Empty,,,real_empty_slot,IMG_2032_r06_c05.jpg,IMG_2032.jpg,50,0,0,0,20260917
IMG_2032_r07_c01,data/boxes/slots/empty/50/IMG_2032_r07_c01.jpg,train,empty,empty,Empty,,,real_empty_slot,IMG_2032_r07_c01.jpg,IMG_2032.jpg,50,0,0,0,20260917
IMG_2032_r07_c02,data/boxes/slots/empty/50/IMG_2032_r07_c02.jpg,train,empty,empty,Empty,,,real_empty_slot,IMG_2032_r07_c02.jpg,IMG_2032.jpg,50,0,0,0,20260917
IMG_2032_r07_c03,data/boxes/slots/empty/50/IMG_2032_r07_c03.jpg,train,empty,empty,Empty,,,real_empty_slot,IMG_2032_r07_c03.jpg,IMG_2032.jpg,50,0,0,0,20260917
IMG_2032_r07_c04,data/boxes/slots/empty/50/IMG_2032_r07_c04.jpg,train,empty,empty,Empty,,,real_empty_slot,IMG_2032_r07_c04.jpg,IMG_2032.jpg,50,0,0,0,20260917
IMG_2032_r07_c05,data/boxes/slots/empty/50/IMG_2032_r07_c05.jpg,train,empty,empty,Empty,,,real_empty_slot,IMG_2032_r07_c05.jpg,IMG_2032.jpg,50,0,0,0,20260917
IMG_2032_r08_c01,data/boxes/slots/empty/50/IMG_2032_r08_c01.jpg,train,empty,empty,Empty,,,real_empty_slot,IMG_2032_r08_c01.jpg,IMG_2032.jpg,50,0,0,0,20260917
IMG_2032_r08_c02,data/boxes/slots/empty/50/IMG_2032_r08_c02.jpg,train,empty,empty,Empty,,,real_empty_slot,IMG_2032_r08_c02.jpg,IMG_2032.jpg,50,0,0,0,20260917
IMG_2032_r08_c03,data/boxes/slots/empty/50/IMG_2032_r08_c03.jpg,train,empty,empty,Empty,,,real_empty_slot,IMG_2032_r08_c03.jpg,IMG_2032.jpg,50,0,0,0,20260917
IMG_2032_r08_c04,data/boxes/slots/empty/50/IMG_2032_r08_c04.jpg,train,empty,empty,Empty,,,real_empty_slot,IMG_2032_r08_c04.jpg,IMG_2032.jpg,50,0,0,0,20260917
IMG_2032_r08_c05,data/boxes/slots/empty/50/IMG_2032_r08_c05.jpg,train,empty,empty,Empty,,,real_empty_slot,IMG_2032_r08_c05.jpg,IMG_2032.jpg,50,0,0,0,20260917
IMG_2032_r09_c01,data/boxes/slots/empty/50/IMG_2032_r09_c01.jpg,train,empty,empty,Empty,,,real_empty_slot,IMG_2032_r09_c01.jpg,IMG_2032.jpg,50,0,0,0,20260917
IMG_2032_r09_c02,data/boxes/slots/empty/50/IMG_2032_r09_c02.jpg,train,empty,empty,Empty,,,real_empty_slot,IMG_2032_r09_c02.jpg,IMG_2032.jpg,50,0,0,0,20260917
IMG_2032_r09_c03,data/boxes/slots/empty/50/IMG_2032_r09_c03.jpg,train,empty,empty,Empty,,,real_empty_slot,IMG_2032_r09_c03.jpg,IMG_2032.jpg,50,0,0,0,20260917
IMG_2032_r09_c04,data/boxes/slots/empty/50/IMG_2032_r09_c04.jpg,train,empty,empty,Empty,,,real_empty_slot,IMG_2032_r09_c04.jpg,IMG_2032.jpg,50,0,0,0,20260917
IMG_2032_r09_c05,data/boxes/slots/empty/50/IMG_2032_r09_c05.jpg,train,empty,empty,Empty,,,real_empty_slot,IMG_2032_r09_c05.jpg,IMG_2032.jpg,50,0,0,0,20260917
IMG_2032_r10_c01,data/boxes/slots/empty/50/IMG_2032_r10_c01.jpg,train,empty,empty,Empty,,,real_empty_slot,IMG_2032_r10_c01.jpg,IMG_2032.jpg,50,0,0,0,20260917
IMG_2032_r10_c02,data/boxes/slots/empty/50/IMG_2032_r10_c02.jpg,train,empty,empty,Empty,,,real_empty_slot,IMG_2032_r10_c02.jpg,IMG_2032.jpg,50,0,0,0,20260917
IMG_2032_r10_c03,data/boxes/slots/empty/50/IMG_2032_r10_c03.jpg,train,empty,empty,Empty,,,real_empty_slot,IMG_2032_r10_c03.jpg,IMG_2032.jpg,50,0,0,0,20260917
IMG_2032_r10_c04,data/boxes/slots/empty/50/IMG_2032_r10_c04.jpg,train,empty,empty,Empty,,,real_empty_slot,IMG_2032_r10_c04.jpg,IMG_2032.jpg,50,0,0,0,20260917
IMG_2032_r10_c05,data/boxes/slots/empty/50/IMG_2032_r10_c05.jpg,train,empty,empty,Empty,,,real_empty_slot,IMG_2032_r10_c05.jpg,IMG_2032.jpg,50,0,0,0,20260917
IMG_2033_r01_c01,data/boxes/slots/empty/50/IMG_2033_r01_c01.jpg,train,empty,empty,Empty,,,real_empty_slot,IMG_2033_r01_c01.jpg,IMG_2033.jpg,50,0,0,0,20260917
IMG_2033_r01_c02,data/boxes/slots/empty/50/IMG_2033_r01_c02.jpg,train,empty,empty,Empty,,,real_empty_slot,IMG_2033_r01_c02.jpg,IMG_2033.jpg,50,0,0,0,20260917
IMG_2033_r01_c03,data/boxes/slots/empty/50/IMG_2033_r01_c03.jpg,train,empty,empty,Empty,,,real_empty_slot,IMG_2033_r01_c03.jpg,IMG_2033.jpg,50,0,0,0,20260917
IMG_2033_r01_c04,data/boxes/slots/empty/50/IMG_2033_r01_c04.jpg,train,empty,empty,Empty,,,real_empty_slot,IMG_2033_r01_c04.jpg,IMG_2033.jpg,50,0,0,0,20260917
IMG_2033_r01_c05,data/boxes/slots/empty/50/IMG_2033_r01_c05.jpg,train,empty,empty,Empty,,,real_empty_slot,IMG_2033_r01_c05.jpg,IMG_2033.jpg,50,0,0,0,20260917
IMG_2033_r02_c01,data/boxes/slots/empty/50/IMG_2033_r02_c01.jpg,train,empty,empty,Empty,,,real_empty_slot,IMG_2033_r02_c01.jpg,IMG_2033.jpg,50,0,0,0,20260917
IMG_2033_r02_c02,data/boxes/slots/empty/50/IMG_2033_r02_c02.jpg,train,empty,empty,Empty,,,real_empty_slot,IMG_2033_r02_c02.jpg,IMG_2033.jpg,50,0,0,0,20260917
IMG_2033_r02_c03,data/boxes/slots/empty/50/IMG_2033_r02_c03.jpg,train,empty,empty,Empty,,,real_empty_slot,IMG_2033_r02_c03.jpg,IMG_2033.jpg,50,0,0,0,20260917
IMG_2033_r02_c04,data/boxes/slots/empty/50/IMG_2033_r02_c04.jpg,train,empty,empty,Empty,,,real_empty_slot,IMG_2033_r02_c04.jpg,IMG_2033.jpg,50,0,0,0,20260917
IMG_2033_r02_c05,data/boxes/slots/empty/50/IMG_2033_r02_c05.jpg,train,empty,empty,Empty,,,real_empty_slot,IMG_2033_r02_c05.jpg,IMG_2033.jpg,50,0,0,0,20260917
IMG_2033_r03_c01,data/boxes/slots/empty/50/IMG_2033_r03_c01.jpg,train,empty,empty,Empty,,,real_empty_slot,IMG_2033_r03_c01.jpg,IMG_2033.jpg,50,0,0,0,20260917
IMG_2033_r03_c02,data/boxes/slots/empty/50/IMG_2033_r03_c02.jpg,train,empty,empty,Empty,,,real_empty_slot,IMG_2033_r03_c02.jpg,IMG_2033.jpg,50,0,0,0,20260917
IMG_2033_r03_c03,data/boxes/slots/empty/50/IMG_2033_r03_c03.jpg,train,empty,empty,Empty,,,real_empty_slot,IMG_2033_r03_c03.jpg,IMG_2033.jpg,50,0,0,0,20260917
IMG_2033_r03_c04,data/boxes/slots/empty/50/IMG_2033_r03_c04.jpg,train,empty,empty,Empty,,,real_empty_slot,IMG_2033_r03_c04.jpg,IMG_2033.jpg,50,0,0,0,20260917
IMG_2033_r03_c05,data/boxes/slots/empty/50/IMG_2033_r03_c05.jpg,train,empty,empty,Empty,,,real_empty_slot,IMG_2033_r03_c05.jpg,IMG_2033.jpg,50,0,0,0,20260917
IMG_2033_r04_c01,data/boxes/slots/empty/50/IMG_2033_r04_c01.jpg,train,empty,empty,Empty,,,real_empty_slot,IMG_2033_r04_c01.jpg,IMG_2033.jpg,50,0,0,0,20260917
IMG_2033_r04_c02,data/boxes/slots/empty/50/IMG_2033_r04_c02.jpg,train,empty,empty,Empty,,,real_empty_slot,IMG_2033_r04_c02.jpg,IMG_2033.jpg,50,0,0,0,20260917
IMG_2033_r04_c03,data/boxes/slots/empty/50/IMG_2033_r04_c03.jpg,train,empty,empty,Empty,,,real_empty_slot,IMG_2033_r04_c03.jpg,IMG_2033.jpg,50,0,0,0,20260917
IMG_2033_r04_c04,data/boxes/slots/empty/50/IMG_2033_r04_c04.jpg,train,empty,empty,Empty,,,real_empty_slot,IMG_2033_r04_c04.jpg,IMG_2033.jpg,50,0,0,0,20260917
IMG_2033_r04_c05,data/boxes/slots/empty/50/IMG_2033_r04_c05.jpg,train,empty,empty,Empty,,,real_empty_slot,IMG_2033_r04_c05.jpg,IMG_2033.jpg,50,0,0,0,20260917
IMG_2033_r05_c01,data/boxes/slots/empty/50/IMG_2033_r05_c01.jpg,train,empty,empty,Empty,,,real_empty_slot,IMG_2033_r05_c01.jpg,IMG_2033.jpg,50,0,0,0,20260917
IMG_2033_r05_c02,data/boxes/slots/empty/50/IMG_2033_r05_c02.jpg,train,empty,empty,Empty,,,real_empty_slot,IMG_2033_r05_c02.jpg,IMG_2033.jpg,50,0,0,0,20260917
IMG_2033_r05_c03,data/boxes/slots/empty/50/IMG_2033_r05_c03.jpg,train,empty,empty,Empty,,,real_empty_slot,IMG_2033_r05_c03.jpg,IMG_2033.jpg,50,0,0,0,20260917
IMG_2033_r05_c04,data/boxes/slots/empty/50/IMG_2033_r05_c04.jpg,train,empty,empty,Empty,,,real_empty_slot,IMG_2033_r05_c04.jpg,IMG_2033.jpg,50,0,0,0,20260917
IMG_2033_r05_c05,data/boxes/slots/empty/50/IMG_2033_r05_c05.jpg,train,empty,empty,Empty,,,real_empty_slot,IMG_2033_r05_c05.jpg,IMG_2033.jpg,50,0,0,0,20260917
IMG_2033_r06_c01,data/boxes/slots/empty/50/IMG_2033_r06_c01.jpg,train,empty,empty,Empty,,,real_empty_slot,IMG_2033_r06_c01.jpg,IMG_2033.jpg,50,0,0,0,20260917
IMG_2033_r06_c02,data/boxes/slots/empty/50/IMG_2033_r06_c02.jpg,train,empty,empty,Empty,,,real_empty_slot,IMG_2033_r06_c02.jpg,IMG_2033.jpg,50,0,0,0,20260917
IMG_2033_r06_c03,data/boxes/slots/empty/50/IMG_2033_r06_c03.jpg,train,empty,empty,Empty,,,real_empty_slot,IMG_2033_r06_c03.jpg,IMG_2033.jpg,50,0,0,0,20260917
IMG_2033_r06_c04,data/boxes/slots/empty/50/IMG_2033_r06_c04.jpg,train,empty,empty,Empty,,,real_empty_slot,IMG_2033_r06_c04.jpg,IMG_2033.jpg,50,0,0,0,20260917
IMG_2033_r06_c05,data/boxes/slots/empty/50/IMG_2033_r06_c05.jpg,train,empty,empty,Empty,,,real_empty_slot,IMG_2033_r06_c05.jpg,IMG_2033.jpg,50,0,0,0,20260917
IMG_2033_r07_c01,data/boxes/slots/empty/50/IMG_2033_r07_c01.jpg,train,empty,empty,Empty,,,real_empty_slot,IMG_2033_r07_c01.jpg,IMG_2033.jpg,50,0,0,0,20260917
IMG_2033_r07_c02,data/boxes/slots/empty/50/IMG_2033_r07_c02.jpg,train,empty,empty,Empty,,,real_empty_slot,IMG_2033_r07_c02.jpg,IMG_2033.jpg,50,0,0,0,20260917
IMG_2033_r07_c03,data/boxes/slots/empty/50/IMG_2033_r07_c03.jpg,train,empty,empty,Empty,,,real_empty_slot,IMG_2033_r07_c03.jpg,IMG_2033.jpg,50,0,0,0,20260917
IMG_2033_r07_c04,data/boxes/slots/empty/50/IMG_2033_r07_c04.jpg,train,empty,empty,Empty,,,real_empty_slot,IMG_2033_r07_c04.jpg,IMG_2033.jpg,50,0,0,0,20260917
IMG_2033_r07_c05,data/boxes/slots/empty/50/IMG_2033_r07_c05.jpg,train,empty,empty,Empty,,,real_empty_slot,IMG_2033_r07_c05.jpg,IMG_2033.jpg,50,0,0,0,20260917
IMG_2033_r08_c01,data/boxes/slots/empty/50/IMG_2033_r08_c01.jpg,train,empty,empty,Empty,,,real_empty_slot,IMG_2033_r08_c01.jpg,IMG_2033.jpg,50,0,0,0,20260917
IMG_2033_r08_c02,data/boxes/slots/empty/50/IMG_2033_r08_c02.jpg,train,empty,empty,Empty,,,real_empty_slot,IMG_2033_r08_c02.jpg,IMG_2033.jpg,50,0,0,0,20260917
IMG_2033_r08_c03,data/boxes/slots/empty/50/IMG_2033_r08_c03.jpg,train,empty,empty,Empty,,,real_empty_slot,IMG_2033_r08_c03.jpg,IMG_2033.jpg,50,0,0,0,20260917
IMG_2033_r08_c04,data/boxes/slots/empty/50/IMG_2033_r08_c04.jpg,train,empty,empty,Empty,,,real_empty_slot,IMG_2033_r08_c04.jpg,IMG_2033.jpg,50,0,0,0,20260917
IMG_2033_r08_c05,data/boxes/slots/empty/50/IMG_2033_r08_c05.jpg,train,empty,empty,Empty,,,real_empty_slot,IMG_2033_r08_c05.jpg,IMG_2033.jpg,50,0,0,0,20260917
IMG_2033_r09_c01,data/boxes/slots/empty/50/IMG_2033_r09_c01.jpg,train,empty,empty,Empty,,,real_empty_slot,IMG_2033_r09_c01.jpg,IMG_2033.jpg,50,0,0,0,20260917
IMG_2033_r09_c02,data/boxes/slots/empty/50/IMG_2033_r09_c02.jpg,train,empty,empty,Empty,,,real_empty_slot,IMG_2033_r09_c02.jpg,IMG_2033.jpg,50,0,0,0,20260917
IMG_2033_r09_c03,data/boxes/slots/empty/50/IMG_2033_r09_c03.jpg,train,empty,empty,Empty,,,real_empty_slot,IMG_2033_r09_c03.jpg,IMG_2033.jpg,50,0,0,0,20260917
IMG_2033_r09_c04,data/boxes/slots/empty/50/IMG_2033_r09_c04.jpg,train,empty,empty,Empty,,,real_empty_slot,IMG_2033_r09_c04.jpg,IMG_2033.jpg,50,0,0,0,20260917
IMG_2033_r09_c05,data/boxes/slots/empty/50/IMG_2033_r09_c05.jpg,train,empty,empty,Empty,,,real_empty_slot,IMG_2033_r09_c05.jpg,IMG_2033.jpg,50,0,0,0,20260917
IMG_2033_r10_c01,data/boxes/slots/empty/50/IMG_2033_r10_c01.jpg,train,empty,empty,Empty,,,real_empty_slot,IMG_2033_r10_c01.jpg,IMG_2033.jpg,50,0,0,0,20260917
IMG_2033_r10_c02,data/boxes/slots/empty/50/IMG_2033_r10_c02.jpg,train,empty,empty,Empty,,,real_empty_slot,IMG_2033_r10_c02.jpg,IMG_2033.jpg,50,0,0,0,20260917
IMG_2033_r10_c03,data/boxes/slots/empty/50/IMG_2033_r10_c03.jpg,train,empty,empty,Empty,,,real_empty_slot,IMG_2033_r10_c03.jpg,IMG_2033.jpg,50,0,0,0,20260917
IMG_2033_r10_c04,data/boxes/slots/empty/50/IMG_2033_r10_c04.jpg,train,empty,empty,Empty,,,real_empty_slot,IMG_2033_r10_c04.jpg,IMG_2033.jpg,50,0,0,0,20260917
IMG_2033_r10_c05,data/boxes/slots/empty/50/IMG_2033_r10_c05.jpg,train,empty,empty,Empty,,,real_empty_slot,IMG_2033_r10_c05.jpg,IMG_2033.jpg,50,0,0,0,20260917
IMG_2034_r01_c01,data/boxes/slots/empty/50/IMG_2034_r01_c01.jpg,validation,empty,empty,Empty,,,real_empty_slot,IMG_2034_r01_c01.jpg,IMG_2034.jpg,50,0,0,0,20260917
IMG_2034_r01_c02,data/boxes/slots/empty/50/IMG_2034_r01_c02.jpg,validation,empty,empty,Empty,,,real_empty_slot,IMG_2034_r01_c02.jpg,IMG_2034.jpg,50,0,0,0,20260917
IMG_2034_r01_c03,data/boxes/slots/empty/50/IMG_2034_r01_c03.jpg,validation,empty,empty,Empty,,,real_empty_slot,IMG_2034_r01_c03.jpg,IMG_2034.jpg,50,0,0,0,20260917
IMG_2034_r01_c04,data/boxes/slots/empty/50/IMG_2034_r01_c04.jpg,validation,empty,empty,Empty,,,real_empty_slot,IMG_2034_r01_c04.jpg,IMG_2034.jpg,50,0,0,0,20260917
IMG_2034_r01_c05,data/boxes/slots/empty/50/IMG_2034_r01_c05.jpg,validation,empty,empty,Empty,,,real_empty_slot,IMG_2034_r01_c05.jpg,IMG_2034.jpg,50,0,0,0,20260917
IMG_2034_r02_c01,data/boxes/slots/empty/50/IMG_2034_r02_c01.jpg,validation,empty,empty,Empty,,,real_empty_slot,IMG_2034_r02_c01.jpg,IMG_2034.jpg,50,0,0,0,20260917
IMG_2034_r02_c02,data/boxes/slots/empty/50/IMG_2034_r02_c02.jpg,validation,empty,empty,Empty,,,real_empty_slot,IMG_2034_r02_c02.jpg,IMG_2034.jpg,50,0,0,0,20260917
IMG_2034_r02_c03,data/boxes/slots/empty/50/IMG_2034_r02_c03.jpg,validation,empty,empty,Empty,,,real_empty_slot,IMG_2034_r02_c03.jpg,IMG_2034.jpg,50,0,0,0,20260917
IMG_2034_r02_c04,data/boxes/slots/empty/50/IMG_2034_r02_c04.jpg,validation,empty,empty,Empty,,,real_empty_slot,IMG_2034_r02_c04.jpg,IMG_2034.jpg,50,0,0,0,20260917
IMG_2034_r02_c05,data/boxes/slots/empty/50/IMG_2034_r02_c05.jpg,validation,empty,empty,Empty,,,real_empty_slot,IMG_2034_r02_c05.jpg,IMG_2034.jpg,50,0,0,0,20260917
IMG_2034_r03_c01,data/boxes/slots/empty/50/IMG_2034_r03_c01.jpg,validation,empty,empty,Empty,,,real_empty_slot,IMG_2034_r03_c01.jpg,IMG_2034.jpg,50,0,0,0,20260917
IMG_2034_r03_c02,data/boxes/slots/empty/50/IMG_2034_r03_c02.jpg,validation,empty,empty,Empty,,,real_empty_slot,IMG_2034_r03_c02.jpg,IMG_2034.jpg,50,0,0,0,20260917
IMG_2034_r03_c03,data/boxes/slots/empty/50/IMG_2034_r03_c03.jpg,validation,empty,empty,Empty,,,real_empty_slot,IMG_2034_r03_c03.jpg,IMG_2034.jpg,50,0,0,0,20260917
IMG_2034_r03_c04,data/boxes/slots/empty/50/IMG_2034_r03_c04.jpg,validation,empty,empty,Empty,,,real_empty_slot,IMG_2034_r03_c04.jpg,IMG_2034.jpg,50,0,0,0,20260917
IMG_2034_r03_c05,data/boxes/slots/empty/50/IMG_2034_r03_c05.jpg,validation,empty,empty,Empty,,,real_empty_slot,IMG_2034_r03_c05.jpg,IMG_2034.jpg,50,0,0,0,20260917
IMG_2034_r04_c01,data/boxes/slots/empty/50/IMG_2034_r04_c01.jpg,validation,empty,empty,Empty,,,real_empty_slot,IMG_2034_r04_c01.jpg,IMG_2034.jpg,50,0,0,0,20260917
IMG_2034_r04_c02,data/boxes/slots/empty/50/IMG_2034_r04_c02.jpg,validation,empty,empty,Empty,,,real_empty_slot,IMG_2034_r04_c02.jpg,IMG_2034.jpg,50,0,0,0,20260917
IMG_2034_r04_c03,data/boxes/slots/empty/50/IMG_2034_r04_c03.jpg,validation,empty,empty,Empty,,,real_empty_slot,IMG_2034_r04_c03.jpg,IMG_2034.jpg,50,0,0,0,20260917
IMG_2034_r04_c04,data/boxes/slots/empty/50/IMG_2034_r04_c04.jpg,validation,empty,empty,Empty,,,real_empty_slot,IMG_2034_r04_c04.jpg,IMG_2034.jpg,50,0,0,0,20260917
IMG_2034_r04_c05,data/boxes/slots/empty/50/IMG_2034_r04_c05.jpg,validation,empty,empty,Empty,,,real_empty_slot,IMG_2034_r04_c05.jpg,IMG_2034.jpg,50,0,0,0,20260917
IMG_2034_r05_c01,data/boxes/slots/empty/50/IMG_2034_r05_c01.jpg,validation,empty,empty,Empty,,,real_empty_slot,IMG_2034_r05_c01.jpg,IMG_2034.jpg,50,0,0,0,20260917
IMG_2034_r05_c02,data/boxes/slots/empty/50/IMG_2034_r05_c02.jpg,validation,empty,empty,Empty,,,real_empty_slot,IMG_2034_r05_c02.jpg,IMG_2034.jpg,50,0,0,0,20260917
IMG_2034_r05_c03,data/boxes/slots/empty/50/IMG_2034_r05_c03.jpg,validation,empty,empty,Empty,,,real_empty_slot,IMG_2034_r05_c03.jpg,IMG_2034.jpg,50,0,0,0,20260917
IMG_2034_r05_c04,data/boxes/slots/empty/50/IMG_2034_r05_c04.jpg,validation,empty,empty,Empty,,,real_empty_slot,IMG_2034_r05_c04.jpg,IMG_2034.jpg,50,0,0,0,20260917
IMG_2034_r05_c05,data/boxes/slots/empty/50/IMG_2034_r05_c05.jpg,validation,empty,empty,Empty,,,real_empty_slot,IMG_2034_r05_c05.jpg,IMG_2034.jpg,50,0,0,0,20260917
IMG_2034_r06_c01,data/boxes/slots/empty/50/IMG_2034_r06_c01.jpg,validation,empty,empty,Empty,,,real_empty_slot,IMG_2034_r06_c01.jpg,IMG_2034.jpg,50,0,0,0,20260917
IMG_2034_r06_c02,data/boxes/slots/empty/50/IMG_2034_r06_c02.jpg,validation,empty,empty,Empty,,,real_empty_slot,IMG_2034_r06_c02.jpg,IMG_2034.jpg,50,0,0,0,20260917
IMG_2034_r06_c03,data/boxes/slots/empty/50/IMG_2034_r06_c03.jpg,validation,empty,empty,Empty,,,real_empty_slot,IMG_2034_r06_c03.jpg,IMG_2034.jpg,50,0,0,0,20260917
IMG_2034_r06_c04,data/boxes/slots/empty/50/IMG_2034_r06_c04.jpg,validation,empty,empty,Empty,,,real_empty_slot,IMG_2034_r06_c04.jpg,IMG_2034.jpg,50,0,0,0,20260917
IMG_2034_r06_c05,data/boxes/slots/empty/50/IMG_2034_r06_c05.jpg,validation,empty,empty,Empty,,,real_empty_slot,IMG_2034_r06_c05.jpg,IMG_2034.jpg,50,0,0,0,20260917
IMG_2034_r07_c01,data/boxes/slots/empty/50/IMG_2034_r07_c01.jpg,validation,empty,empty,Empty,,,real_empty_slot,IMG_2034_r07_c01.jpg,IMG_2034.jpg,50,0,0,0,20260917
IMG_2034_r07_c02,data/boxes/slots/empty/50/IMG_2034_r07_c02.jpg,validation,empty,empty,Empty,,,real_empty_slot,IMG_2034_r07_c02.jpg,IMG_2034.jpg,50,0,0,0,20260917
IMG_2034_r07_c03,data/boxes/slots/empty/50/IMG_2034_r07_c03.jpg,validation,empty,empty,Empty,,,real_empty_slot,IMG_2034_r07_c03.jpg,IMG_2034.jpg,50,0,0,0,20260917
IMG_2034_r07_c04,data/boxes/slots/empty/50/IMG_2034_r07_c04.jpg,validation,empty,empty,Empty,,,real_empty_slot,IMG_2034_r07_c04.jpg,IMG_2034.jpg,50,0,0,0,20260917
IMG_2034_r07_c05,data/boxes/slots/empty/50/IMG_2034_r07_c05.jpg,validation,empty,empty,Empty,,,real_empty_slot,IMG_2034_r07_c05.jpg,IMG_2034.jpg,50,0,0,0,20260917
IMG_2034_r08_c01,data/boxes/slots/empty/50/IMG_2034_r08_c01.jpg,validation,empty,empty,Empty,,,real_empty_slot,IMG_2034_r08_c01.jpg,IMG_2034.jpg,50,0,0,0,20260917
IMG_2034_r08_c02,data/boxes/slots/empty/50/IMG_2034_r08_c02.jpg,validation,empty,empty,Empty,,,real_empty_slot,IMG_2034_r08_c02.jpg,IMG_2034.jpg,50,0,0,0,20260917
IMG_2034_r08_c03,data/boxes/slots/empty/50/IMG_2034_r08_c03.jpg,validation,empty,empty,Empty,,,real_empty_slot,IMG_2034_r08_c03.jpg,IMG_2034.jpg,50,0,0,0,20260917
IMG_2034_r08_c04,data/boxes/slots/empty/50/IMG_2034_r08_c04.jpg,validation,empty,empty,Empty,,,real_empty_slot,IMG_2034_r08_c04.jpg,IMG_2034.jpg,50,0,0,0,20260917
IMG_2034_r08_c05,data/boxes/slots/empty/50/IMG_2034_r08_c05.jpg,validation,empty,empty,Empty,,,real_empty_slot,IMG_2034_r08_c05.jpg,IMG_2034.jpg,50,0,0,0,20260917
IMG_2034_r09_c01,data/boxes/slots/empty/50/IMG_2034_r09_c01.jpg,validation,empty,empty,Empty,,,real_empty_slot,IMG_2034_r09_c01.jpg,IMG_2034.jpg,50,0,0,0,20260917
IMG_2034_r09_c02,data/boxes/slots/empty/50/IMG_2034_r09_c02.jpg,validation,empty,empty,Empty,,,real_empty_slot,IMG_2034_r09_c02.jpg,IMG_2034.jpg,50,0,0,0,20260917
IMG_2034_r09_c03,data/boxes/slots/empty/50/IMG_2034_r09_c03.jpg,validation,empty,empty,Empty,,,real_empty_slot,IMG_2034_r09_c03.jpg,IMG_2034.jpg,50,0,0,0,20260917
IMG_2034_r09_c04,data/boxes/slots/empty/50/IMG_2034_r09_c04.jpg,validation,empty,empty,Empty,,,real_empty_slot,IMG_2034_r09_c04.jpg,IMG_2034.jpg,50,0,0,0,20260917
IMG_2034_r09_c05,data/boxes/slots/empty/50/IMG_2034_r09_c05.jpg,validation,empty,empty,Empty,,,real_empty_slot,IMG_2034_r09_c05.jpg,IMG_2034.jpg,50,0,0,0,20260917
IMG_2034_r10_c01,data/boxes/slots/empty/50/IMG_2034_r10_c01.jpg,validation,empty,empty,Empty,,,real_empty_slot,IMG_2034_r10_c01.jpg,IMG_2034.jpg,50,0,0,0,20260917
IMG_2034_r10_c02,data/boxes/slots/empty/50/IMG_2034_r10_c02.jpg,validation,empty,empty,Empty,,,real_empty_slot,IMG_2034_r10_c02.jpg,IMG_2034.jpg,50,0,0,0,20260917
IMG_2034_r10_c03,data/boxes/slots/empty/50/IMG_2034_r10_c03.jpg,validation,empty,empty,Empty,,,real_empty_slot,IMG_2034_r10_c03.jpg,IMG_2034.jpg,50,0,0,0,20260917
IMG_2034_r10_c04,data/boxes/slots/empty/50/IMG_2034_r10_c04.jpg,validation,empty,empty,Empty,,,real_empty_slot,IMG_2034_r10_c04.jpg,IMG_2034.jpg,50,0,0,0,20260917
IMG_2034_r10_c05,data/boxes/slots/empty/50/IMG_2034_r10_c05.jpg,validation,empty,empty,Empty,,,real_empty_slot,IMG_2034_r10_c05.jpg,IMG_2034.jpg,50,0,0,0,20260917
