relative_path,size_bytes,sha256
annotations/centers/IMG_1959.json,3723,598e5c842b42a40a951bd38dafb71f2244178573dacaeb315b8f056dfdb23efa
annotations/centers/IMG_1960.json,4315,110f2c22d1d2d83222e2724779ce69fc3641d8121e0714769d8e51b7c9a16c85
annotations/centers/IMG_1961.json,4193,f506fb94a65094177fc830e9953d4fd52d9ebf7af7022533cc869c329a31d453
annotations/centers/IMG_1963.json,4213,2893b91f007878459c144ba5b21bfe421dafb3463c63d92979f50ee5495941a5
annotations/centers/IMG_1964.json,2893,67c55b3aef8316d9691147c924578234114b2ef2811a95346c9800806de0e094
annotations/centers/IMG_1965.json,4348,6c07948b44501cc0a0c1a493998fec2a8ac976944b790e91823f4c33b4daadb8
annotations/centers/IMG_1966.json,3318,d59c3046b64101cac84cfa4ea033e5590cd2abf530164bfc4b6b16ef399abdfd
annotations/centers/IMG_1967.json,3332,e2a958cbaf53dbfa2f10a326990a5f4c22483d85b217acf0560411f12af920bc
annotations/centers/IMG_1968.json,2931,f9df2c536e69f29160e12a7e87037526409092c5a819d91eb41da9a03736b999
annotations/centers/IMG_1969.json,2899,8921b56263754be97f2647bd1c897f4bd35e35fe2c198c2aaf43e11b91b2a250
annotations/centers/IMG_1970.json,3301,c75f7cf392fa8c892f6a18f7f82ff2e62bce4697b090d27ad3cdfddfbdb1defe
annotations/centers/IMG_1971.json,2918,29340cc0b58e147c5449319f56041a8a72a06e3348c7f03b8212959ba57a033b
annotations/centers/IMG_1972.json,2936,49f3899ce897cf448785ce6f2da55ea1cff4d833dee53351d93b2bde1c45ec49
annotations/centers/IMG_1973.json,3331,f7ce13cf060b65500acf02689180f30884371fb2bd9f4ef014d989c6eb8ef48b
annotations/centers/IMG_1974.json,3553,361fc141917161dda5bf895af8b1114e8811526c92a51bcb8181a8c31e0141d4
annotations/centers/IMG_1975.json,2104,c1ddcbbdb6243f33c9f59bca5defb76089e93b0d4d76df249478640bd878afeb
annotations/centers/IMG_1976.json,2925,57c9a41c91aef7196bbfd40612daa86f583af3cd45b656635224bb48008735a9
annotations/centers/IMG_1977.json,3535,458a8ceeb5b333cfd5c0addaa6ba8b86fd4d163a9a889333033938f688c5de2a
annotations/centers/IMG_1978.json,1674,d1079f5d535a9e3fe2a4dccda37a2b62f7a8812b2d650aba2b0bcd07b3501e83
annotations/centers/IMG_1979.json,2984,1353fc72de0518cb5b3084979a329fe75b290368c9bac47ca65fcbb3b6e034ff
annotations/centers/IMG_1980.json,3289,d7bdf31643bc37ae0a60fa9e3139afd5e8fde6cf132c900d3004ed2f20c62f2e
annotations/centers/IMG_1981.json,3288,c655c53126e134778e7c461030538b5e9200fc79663eea49d895709c632fe67d
annotations/centers/IMG_1982.json,2113,7c63da2d3b46e9617ae9bae2fd54a961a26a10ed3452e07dcdde0a80d1c39ccd
annotations/centers/IMG_1983.json,2101,1835e948595fa0834cc3a38c20f7e45a70957b975dec16571e6485496dd87791
annotations/centers/IMG_1984.json,1688,1a0b0eb376f3cf1a71d81310c6a5218de1f1c25300ac3625d41902bfd2327c38
annotations/centers/IMG_1985.json,3333,5154cfe3f65cc7eed3283403600052935e764bb6e1cd64baf31d0b37f94aaead
annotations/centers/IMG_1986.json,2908,8df19a3632cd5d905e88d73edec13277c3f2579e4ec82b52fa95349761d41d5b
annotations/centers/IMG_1987.json,2917,57b2d7ac2033feaf1fb76d17bdc91d6012a9b9c509601497eeb2404005224743
annotations/centers/IMG_1988.json,3340,b6c8b479c9cb25fa4e1ec3df31f4452e2ba37bd97e1f3f1e6624f9a1fe07589c
annotations/centers/IMG_1989.json,3340,7894d9a1d9ea05d9f5cf0ad078e348da7596019bec10a775bcff41c900921d9c
annotations/centers/IMG_1990.json,2912,db789e0e73570c7af8b1e0d298836ad2e5868851a39da252e2620fbfc03efbfe
annotations/centers/IMG_1991.json,2495,468594fca559148fc531ebe2df416cc3d6da22897122114b46ce67e6cb980c72
annotations/centers/IMG_1992.json,3328,55caa2d805fd2addc82fe69249a5ab31be6522af157f2ca0b8747206aca1742a
annotations/centers/IMG_1994.json,3340,a7594eac2c3018fd982033df4042df5b2d4b2af2f52e648fc0a3ca12772d1acf
annotations/centers/IMG_1995.json,3319,d9c27700092c2a20d7fed91d3b118a7ea53a60de9e80d06b833d193d517f6c38
annotations/centers/IMG_1996.json,3337,b348faa9c9df0384762940a5dcbf7468cf334ff807d656ecf1023761f90c938e
annotations/centers/IMG_1997.json,2602,ac2de05cea28350a3ac06097e753ed2e3d96830d0d02613eba26c67b818f4675
annotations/trays/IMG_1959.json,629,a224674f4d4144853a52841f99fbf2723645c920f41c94f712eec0d2a9cdfa8b
annotations/trays/IMG_1960.json,628,ee970e20887a369425a87c1f0cee35a249fa86197014b09ccc2ba4ce5a5875f8
annotations/trays/IMG_1961.json,632,fbb4f235b96bd76c30500682cf4f1e84b874d26e88e17fdaf9eeb05c734ee278
annotations/trays/IMG_1963.json,626,c5dd58d1c6d968a0edc65ae51f70e6a06667844763dd05a1fb9822c4d1272d39
annotations/trays/IMG_1964.json,632,1b56c55ab0a0119fbf079716669dcb5b0ec0c01eb469328d0125a6877641815c
annotations/trays/IMG_1965.json,628,5d097a3752d8b5c51981d7e68bf3c1ad910faa64373c4480e77fb62efcde7648
annotations/trays/IMG_1966.json,633,83c1cbf54bae122eff517c2f959a0ea6fbfea975734b50ec257fdbb5accb2633
annotations/trays/IMG_1967.json,628,c599f7ed2b90e0324edd19f425752e07508b0806bf101a9c91896036959c2aa2
annotations/trays/IMG_1968.json,632,c75cb93fd4ab74811375f6f32edbebed9c0af0587725bd57a8dcc98cd136ffbe
annotations/trays/IMG_1969.json,632,5f14e7fdc6f45a1237a38a1305aafe1c4c9135a837cdae7be619fa1f542fc1bc
annotations/trays/IMG_1970.json,628,465155d12fb338e805d5a751b8ea6ad41aff6b9c3a3d484cd60db37228a5a0b4
annotations/trays/IMG_1971.json,628,36d28ed482ab3fe2c6ca4f0f15a2e581f6a82294f1682abb7603a4a623277e22
annotations/trays/IMG_1972.json,624,624f7fe113d01c7368debee12035e334e808466fff584fd02a84ed69ad04d4b4
annotations/trays/IMG_1973.json,627,27fba4ff1d2c955f479e277ab37ae812c22adf35cf29f0c07d855e82245a13b7
annotations/trays/IMG_1974.json,630,d9aa7481c0f93723d90e49c31b79536fabe33bc01c791487fa697d6b9abaf47d
annotations/trays/IMG_1975.json,573,eccbf6f7131fedada9fc6971cd27384cca37de97c18f0f413e27f2716278e456
annotations/trays/IMG_1976.json,573,58943bcbf211e689995162d293a367622c5f95f95939d5b2ba05aaec8b926f8a
annotations/trays/IMG_1977.json,569,ed93e3b2dea5cafe30842fd864bc03ff3f2576176c6cf95fc838a811ecc69e04
annotations/trays/IMG_1978.json,571,558f0e7d52d035e9bd1bf8dc09ccadc9f704ad36e4291d796a1d763b637b355a
annotations/trays/IMG_1979.json,572,954927931ff6864252791b7e3e281580a4f6a8ed9c05aef08de614db3d3845b9
annotations/trays/IMG_1980.json,571,ec8a500c556d0209615c3767ea52e173acdc4517a558c342f188373ef6fb251a
annotations/trays/IMG_1981.json,574,c642faaad679833367ed6c1af1cd3ec14b94ffbff51239ca69f6a7a39e6408d5
annotations/trays/IMG_1982.json,576,0361c3ad4801518a9b6de3a7a8c7536367de61c3d34ca0e1c8316e3b42445224
annotations/trays/IMG_1983.json,575,6d8b3711b3e48dfa2c0e350b69c85b554613db76bec41660d7d6d3828eb618c5
annotations/trays/IMG_1984.json,563,e254ecf6f854109cb1d447d0b9ed6da54ab7531df8a538d8e89ac3853519521a
annotations/trays/IMG_1985.json,563,4464d77d7946e2575531003bdda5cffd08d5316e3d36d35cda40d8966468f7e2
annotations/trays/IMG_1986.json,563,0d00a1cf0cd41a30d189715b88d49c34b5c45380ca7a342c759b5b5bac67e7c8
annotations/trays/IMG_1987.json,576,98241126a66811e044c20c1e4de9e5cc39eb4ad102de3d9334284d7042721fdf
annotations/trays/IMG_1988.json,570,353adb5c65be9d6d18d5c8131220fe2327361591c7059335124378a4f9c80ac5
annotations/trays/IMG_1989.json,572,50ac8d9165af79c37c3041643888839f2f0d6ccbca6e616d85bb436f6c5fce6d
annotations/trays/IMG_1990.json,575,dada7a07c5200bfb4420236e3bfbcb9e65b108676106990b8093deaa0e694f8b
annotations/trays/IMG_1991.json,574,187ce416b3fb219da0b7becdb0972e3e4a12775e86f0dde00d40dbe32b7ae9bf
annotations/trays/IMG_1992.json,576,f8bae71829ce06aa3c64f8c695dc4370b0920cbf771cb876b3770f8de1ae654c
annotations/trays/IMG_1993.json,577,d599e2bca811144c87c707d7114b09ea937108006507a4f9173834f9e0c98cee
annotations/trays/IMG_1994.json,568,6487be5f53abdd8ac583cf95581c1db0790a73384259fa7fecb0b4ee998b8ab9
annotations/trays/IMG_1995.json,570,f8f1432c2ab1ef1af885d565c360d1db879a6fe880eedcfb3e1c06bad89f2fe6
annotations/trays/IMG_1996.json,561,82ee21c1fd663fbebb30c0c8bb16a0a1d892ce4c4f85a2ff21737b85a615d5be
annotations/trays/IMG_1997.json,576,a5d10245cde8966f7a9c5c3d2bb84513f25c91413d65a2f7e3208afae7852b23
cropped_trays/IMG_1959.jpg,2076485,bbe02e3d83c2f14fa428b436cb44298440751a1043b54b1aafafa20acf4865d4
cropped_trays/IMG_1960.jpg,1629914,c25013d518924fa37f6b68a7f623e93eafee0ebe4354d7859a91a1a3569bf5cf
cropped_trays/IMG_1961.jpg,1572425,ecf705c103e22712d8c7db2d674b7fb9b352d1c6a743eef191b890ad5f135acd
cropped_trays/IMG_1963.jpg,1907857,33aba247421a3c407929e114cb7bd42e56bdd58c50fece1b10676e4558c39312
cropped_trays/IMG_1964.jpg,1712215,54175688c6703d31e932b100077abb23acf084efc2cec4332d70c3d466d819df
cropped_trays/IMG_1965.jpg,2127701,7ca6bbf4366f8f3eab15cc52e2ee0c1c8f533c40748f81f5fa6e18bca2028ec7
cropped_trays/IMG_1966.jpg,1946286,2517ec3aa8da4ad425cd38616a9db51a292bc3756ad4e41e7d7e6aa875a124bf
cropped_trays/IMG_1967.jpg,2054916,3a953b4b5d4f581eb1ac3c1850efefe4aaaab4dab360129237d5f03a65f0f4e8
cropped_trays/IMG_1968.jpg,2064200,362e6ddb53001348ee34373f25806677a468ceee8e5cf7b3120cd7fe8ddc3502
cropped_trays/IMG_1969.jpg,1584160,62a471d02f33b9e2b4074f755fc1044640da9cb7536623fbde37fe29dda15e23
cropped_trays/IMG_1970.jpg,1794969,fe46d7cbe57f6a971626f910003eec74597f0cdb01cb0fa6baaadf9cb48ca575
cropped_trays/IMG_1971.jpg,1624560,e22a720bd8124beb1b8c51f83fd585a32fe787f8a3f3f111ad0596d55f200e14
cropped_trays/IMG_1972.jpg,1846684,9c3d585e89d63d2c4fe30eae550ce1d9e7f65992b29b3c17e9a901d347d81898
cropped_trays/IMG_1973.jpg,2422917,671744be100444cded5e1774cad5bc05ea8ecd221c849b7eb9d96f42ced09f60
cropped_trays/IMG_1974.jpg,1354672,3787918aa38eecc43cab051b36ddfaffae97fd168b355e2e49fb212307a00666
cropped_trays/IMG_1975.jpg,1205917,219386d411775d2dda53c9a7c756334c442e5074ca532063058c796000f4ba09
cropped_trays/IMG_1976.jpg,1537792,4ca7aa39aa671f72a1043d2aff3341178d74daa9ff0a91fee853aaa3869c9b2d
cropped_trays/IMG_1977.jpg,702063,fc15763b255723360d381f02e0bc90d2d227ef00139096fcd8e9814509a787b7
cropped_trays/IMG_1978.jpg,664250,62303d655e49dd9669ccc7d4a3a7fa95d85fc0f902f305f5cf5800fff0c763d0
cropped_trays/IMG_1979.jpg,1029508,affde81b1a9c728713ea1d300d0465a1bf25a7419d348df9a77eeac5251fbe4b
cropped_trays/IMG_1980.jpg,1215319,6231e27b6111f1959a7baf34f4456de9add29a6de31e7a01da674cf1332d77f7
cropped_trays/IMG_1981.jpg,1961696,e19b5b13852a88058592250a1afa7f47a97f58b2987e857feb6b0a9995a401d0
cropped_trays/IMG_1982.jpg,1561374,957f9f80adcb0b508b8b1b1bce21d076ffa7fa021daf49521af31346fadb757c
cropped_trays/IMG_1983.jpg,1775650,dc9eb08ae3909d53eb5c21086e52869e7aed9f401f660042e2e48a521e4085cd
cropped_trays/IMG_1984.jpg,1333274,61fb343fd6c5a359de8306d011258e311aeda87fe3525d66625bc9e4e0b8e90c
cropped_trays/IMG_1985.jpg,1548646,327deaaf1600ac728a877d59738ad85fae20996fc2fad4d080780234398bd2af
cropped_trays/IMG_1986.jpg,1336186,fea674e8c0e8f7b1f13e454feec787cc5e93c6294f83b824780b8c42e38c1928
cropped_trays/IMG_1987.jpg,1365573,9fcc7d49225ae99ef2a9cef5d669b13fea371e083c2a795e17845128575b620f
cropped_trays/IMG_1988.jpg,1691934,d3458741872a92cc61f57972453860a918033431dffa8e594b05e50d5bf4a001
cropped_trays/IMG_1989.jpg,1304132,60fb7513ba0637352b94ae3e9159e6f66f8d3775c960addf9d6b4160260d852a
cropped_trays/IMG_1990.jpg,1732603,b2202e6784b3848fae0c8ce1a149ed5daa93af329ff0702dc417c8e1fda875ed
cropped_trays/IMG_1991.jpg,1481239,59b3a3ba1112ce09fffea3b50da9d3aa74f3d9e6a1f30aafaab8de5005138649
cropped_trays/IMG_1992.jpg,1847771,c3136030b8bf25b8b532b1d563f02f6729cca41c8d429325c762a2762f82b0bf
cropped_trays/IMG_1993.jpg,1758981,cbabd9c37f4b163d8ffe969258e682b8da647d3a9437b4e698d657d4d08365d3
cropped_trays/IMG_1994.jpg,2564806,60e78cc5e660887dc6b0ad88109ad5ed88aa5cf38db2ec6efbe521bbfa1b8bef
cropped_trays/IMG_1995.jpg,2161193,2724245af4c606918eae33d703196641e247f28044c2e83eefc7e58a043f68ab
cropped_trays/IMG_1996.jpg,1398370,03bda7fa4e72952f3b75d7cc613b56c5aa99ca93ba8de810a99f7b750803cf6b
cropped_trays/IMG_1997.jpg,1759067,9b49cf3a37d13d459cb91a16b803c72e2e71a09a65c6578807180dcac7c628af
images/accepted/cocoashot_amaretto/IMG_1978_c001.jpg,12122,67534842d46c823130290dd81b9aff34a62fcbe5793c5e718c42051fa116c8c2
images/accepted/cocoashot_amaretto/IMG_1978_c002.jpg,13267,c14c9b43b0efd8bf25258ebb8b85383620e7c059eefa72fa5fb3450ce6bc7497
images/accepted/cocoashot_amaretto/IMG_1978_c003.jpg,17616,b4e8f2ac996198750cd24b507b503608e8d90b7ddfdabafeb5c39e09fb3cc68e
images/accepted/cocoashot_amaretto/IMG_1978_c004.jpg,16774,cbe7670d6585cccf83aad1da1c298855722f1f095cb08ec4737711bf2c7178ab
images/accepted/cocoashot_amaretto/IMG_1978_c005.jpg,11773,eb3a7f8db4f393d9b6aea29602c5c163c4567fa011c62397beb017b89877491d
images/accepted/cocoashot_amaretto/IMG_1978_c006.jpg,14151,5e63850d40f206ab7b7f6e7a43810c5a715b2eaa3f0825ba0932852b7af2bdb6
images/accepted/cocoashot_amaretto/IMG_1978_c007.jpg,17699,5d0e1eee9bd054cb75874f190d32ca23f7798bb63108b131ff7af6e33fa25d01
images/accepted/cocoashot_amaretto/IMG_1978_c008.jpg,17592,77f64149575b5f1295bc866806e77110797fbcdaad0a0df08f92b1aa303e912f
images/accepted/cocoashot_amaretto/IMG_1978_c009.jpg,11824,7e00813f4f9e8536edbe3aeca876e7db5cb6489c08fe04197bbd25cedc9e31e3
images/accepted/cocoashot_amaretto/IMG_1978_c010.jpg,12500,13fecfab6b704635054ce6f0af686f348367a7e18f00b367ab0d5b5c7717cdda
images/accepted/cocoashot_amaretto/IMG_1978_c011.jpg,16375,6fbacda2a6bcd5c009c6766164bef0f6eadc006e0f574f3b4d686f2d7dca1b41
images/accepted/cocoashot_amaretto/IMG_1978_c012.jpg,15986,90b90582dd30636ee704f7a70139737eefb995fbd32538d8ba9d5ecba59f7665
images/accepted/cocoashot_bourbon/IMG_1979_c001.jpg,14520,069c82688b76480287e1470f16bf89cdbebf58411690f610b92cdc18a9f46071
images/accepted/cocoashot_bourbon/IMG_1979_c002.jpg,12782,e63f880ff4a46d69f29c8973c3155d869adef9eace88a83f0c48afac3c6d29ac
images/accepted/cocoashot_bourbon/IMG_1979_c003.jpg,14591,ad81d2831f54c6fa2f8f84e07ad90ff6e0d2a2a6ba116b1fd757f33cb9fb8cb6
images/accepted/cocoashot_bourbon/IMG_1979_c004.jpg,12610,6ab008e0aebc33f74f0229a3541fd0492743f347700c3a4dc1f0a00747ad717e
images/accepted/cocoashot_bourbon/IMG_1979_c005.jpg,15857,bb76c46b3601a7d7d2f6ac988ac207c7efaa72e701b8c000f24818f44d1d5423
images/accepted/cocoashot_bourbon/IMG_1979_c006.jpg,14714,605a1ce20fab049f3c171fdbbd239e7f98c77071744bfe604cd44c498417b4ed
images/accepted/cocoashot_bourbon/IMG_1979_c007.jpg,15865,4fc741ea361827af7da9bb24c5a2c9acd78e62ec48167fb477a67e7069e06448
images/accepted/cocoashot_bourbon/IMG_1979_c008.jpg,15151,b44ab7b0a8980b2f0cc7287d2218b43f47f3e6d3db92297414dbf271de832f03
images/accepted/cocoashot_bourbon/IMG_1979_c009.jpg,15887,f05abf33fb0e768ad2d9bba5fbd61246691674fe35ddae5b4394224c7de76560
images/accepted/cocoashot_bourbon/IMG_1979_c010.jpg,12883,a6e31f17e1dad289ca91eaee95bbd3ec129911bbccd92c37355d0eafd89c9590
images/accepted/cocoashot_bourbon/IMG_1979_c011.jpg,12109,437d6d89666c4e22a795bec4480a813e796f868422f3aa5b8aac4b7aa92fc910
images/accepted/cocoashot_bourbon/IMG_1979_c012.jpg,15455,6c9a2a95c4a3e95343383a825364582ec7d2c7acc22191aaac775cdb3373ecca
images/accepted/cocoashot_bourbon/IMG_1979_c013.jpg,15827,1c77e216cedc81834c7f4977d1ff938cea64eca9600977e6b162b5fa8222eaba
images/accepted/cocoashot_bourbon/IMG_1979_c014.jpg,13340,44929b779452002d456a99e19bd764475fa1432d1326e59710d56fb616174618
images/accepted/cocoashot_bourbon/IMG_1979_c015.jpg,14956,0fc47366040882e5dc547aae2fd0f0a05ef2e5b627d3456e7188a62183404582
images/accepted/cocoashot_bourbon/IMG_1979_c016.jpg,14033,c389144a032f6de49c25916be369d1cdd216a8c4b03cfd22f1465a4a4a497b22
images/accepted/cocoashot_bourbon/IMG_1979_c017.jpg,15041,469cf9e8b3e585144ababda2ab1e07d800330a59d45382fc645ef3268e26642e
images/accepted/cocoashot_bourbon/IMG_1979_c018.jpg,12926,ed55a999904d86d5bc55eb3af078a623053189aacb72cd7864dd4a5f77bb2ab8
images/accepted/cocoashot_bourbon/IMG_1979_c019.jpg,12904,a7a60fbb0eafcb9bde03bd5f0b0304bd6d3bf45b553a26f3a57e20a693203b12
images/accepted/cocoashot_bourbon/IMG_1979_c020.jpg,14358,647bc29eb89ac4a9866b7c5dc79848e183954d9232ab75e20782dcad0c4b5d8c
images/accepted/cocoashot_bourbon/IMG_1984_c001.jpg,17409,2b019fe1ef5790363e2a9dfbe302a19b8ab86c719821c03ffc7821ef9573e970
images/accepted/cocoashot_bourbon/IMG_1984_c002.jpg,16700,54a54d66ff77afd75457e55b69575ff4d85d6f997a09c3b84641cc55f4170341
images/accepted/cocoashot_bourbon/IMG_1984_c003.jpg,16998,e8aec967d9e44249adbde68a20aa76f216c75f52cb5eb2935e6efcb35500d403
images/accepted/cocoashot_bourbon/IMG_1984_c004.jpg,15229,ef51cf92b36e72dc3dabb673e3c82b1201d0114e73977429757efec91c6218ee
images/accepted/cocoashot_bourbon/IMG_1984_c005.jpg,16018,cceee4388d0e959899e51f59130be47de617d9dfc9e2e89dbc195689519839bb
images/accepted/cocoashot_bourbon/IMG_1984_c006.jpg,13246,14fd13fda561a7ce8a69079ffbe128fca2d075c493412dddf15d037fce1eae03
images/accepted/cocoashot_bourbon/IMG_1984_c007.jpg,14076,c6afe71a9c07d3b9d9147f26df3c62516da25b34d6159fce9317d531f4873b5d
images/accepted/cocoashot_bourbon/IMG_1984_c008.jpg,14504,8d490eee7bf37bc7a4ede2a14913e2a54f275d2d5bb197daea6dad9f2bc83a57
images/accepted/cocoashot_bourbon/IMG_1984_c009.jpg,15379,b492fc84f4e2f2aa5b5163f7d3c552cc88d78b987d147d1f0142c0d3530c1c76
images/accepted/cocoashot_bourbon/IMG_1984_c010.jpg,14480,548fdb7f4c550283b660a5faf8691e9249f8a40c5a66805b95aecba0a9df1f7b
images/accepted/cocoashot_bourbon/IMG_1984_c011.jpg,14170,9f0e0c39f3d93836d08bb8a1f74183f094136ada4e8333f65ca78c84010bbf1f
images/accepted/cocoashot_bourbon/IMG_1984_c012.jpg,14882,e00b7be30b7aab23ca3b2083d03da0fce9dee5cdeab8629b34ded741edfaff81
images/accepted/cocoashot_chocolate_cake/IMG_1982_c001.jpg,13108,69f2aa250c14c9a84702bcf572b4c0aa337b6045b2895feafc0038e120f72da6
images/accepted/cocoashot_chocolate_cake/IMG_1982_c002.jpg,13180,9cf9fb7893e9adf31d43f237cd4440528ec6fa8cf736af8eb7ee04a7cc387e5b
images/accepted/cocoashot_chocolate_cake/IMG_1982_c003.jpg,15326,a98129489ffc756db8474d076dd6460d89dde0df9e9c0fdac0def6dbc1d6100f
images/accepted/cocoashot_chocolate_cake/IMG_1982_c004.jpg,10105,ff6fa439226703d4cb0514f603a867798432ccd28bd0bb0f571de42b57fee501
images/accepted/cocoashot_chocolate_cake/IMG_1982_c005.jpg,17700,0c17b5a42c756c6507e9e0145cafd7e1e7839e7e8c635e81ead50eb39247fe36
images/accepted/cocoashot_chocolate_cake/IMG_1982_c006.jpg,19658,b7cfa22ca0f6fd5707c60f97e90534772bc104dd355646d4d0116424f9b0f559
images/accepted/cocoashot_chocolate_cake/IMG_1982_c007.jpg,20215,fc4e68391f962c5c9e64c8bc8dc3dfbcd1eabf9f59f59e1a9c58ec44e0f8a6a9
images/accepted/cocoashot_chocolate_cake/IMG_1982_c008.jpg,15311,9fcad8d6b1a2feebcddac77e6522028e71cc5675f43feab190f315fdb1a27771
images/accepted/cocoashot_chocolate_cake/IMG_1982_c009.jpg,17329,d7d2ba40c22d87b1dccef136390a69cf4f81e816b7687eb8d8de665627c92984
images/accepted/cocoashot_chocolate_cake/IMG_1982_c010.jpg,22343,4eefa91aa02078dc045dc3f4894a509b18b1581aa1d0f6bb048cdd3f7eedf083
images/accepted/cocoashot_chocolate_cake/IMG_1982_c011.jpg,21937,0e6ccb944c3ebd82091a9936fdbc4f836f39d75e53f3d50b38e25c490d76d98b
images/accepted/cocoashot_chocolate_cake/IMG_1982_c012.jpg,15434,bf78bbd29f18e39a5cd02de36565ac33348bb1b258fbcf18f5ace7f2e4c7a094
images/accepted/cocoashot_chocolate_cake/IMG_1982_c013.jpg,13549,410e55f3a4519e7774e0c034be87132b2381f9f8701bfd65bbddfdc4f0d765bf
images/accepted/cocoashot_chocolate_cake/IMG_1982_c014.jpg,19235,b0c7daf178909b1cdb8a2473145411e4cde8faafed21b385bc6422b8c45c1daa
images/accepted/cocoashot_chocolate_cake/IMG_1982_c015.jpg,17648,f90698900f4885d1689333b7a5957d8a4908328cd852d5a0e4cda0568c5d78f0
images/accepted/cocoashot_chocolate_cake/IMG_1982_c016.jpg,15175,f474179bd76b9d30a68586538a691a09cc7d103f04bde5c3102f6ffdede07dab
images/accepted/cocoashot_old_fashioned/IMG_1977_c001.jpg,18404,b7bb887df331df834b5c60ee1c4d2134ef5725ebfd1595a94bbc8e25a7696a07
images/accepted/cocoashot_old_fashioned/IMG_1977_c002.jpg,16734,ba063474aa8e2766db907a083404758a9758b320d1baf7e8e60b9343e538b988
images/accepted/cocoashot_old_fashioned/IMG_1977_c003.jpg,16987,7049bfcb571b0ebc35de5d089403c0aa28aac966eefa570e2e7483e3e2968fd0
images/accepted/cocoashot_old_fashioned/IMG_1977_c004.jpg,17284,538992648f569a5b96d54283d6a4767da85bc7fdfdda2c75f797eb986d191bbc
images/accepted/cocoashot_old_fashioned/IMG_1977_c005.jpg,16773,a9491d070e13ec6b6590cbad9ec3c9426e0c41b3375e2282a042efdfb083c16f
images/accepted/cocoashot_old_fashioned/IMG_1977_c006.jpg,16576,e4cee37ecef98bce94315ae01f83f4200ecf04ddd49f8e4d01daeae0f7bc1435
images/accepted/cocoashot_old_fashioned/IMG_1977_c007.jpg,16056,a9a77b08f32cff306bbce20dde166a7eb8e871f43622f41adeeeea1a2cc08cef
images/accepted/cocoashot_old_fashioned/IMG_1977_c008.jpg,11059,fff37a0972eaa27a0fdf952546760040570c700ee6ad8f8251705da4a58aed8e
images/accepted/cocoashot_old_fashioned/IMG_1977_c009.jpg,12992,38be9f9df9375ac7a52bbca2b34bcc505f82bffacf00d41b429d08c9a291c453
images/accepted/cocoashot_old_fashioned/IMG_1977_c010.jpg,15283,7b2484f77e0a441638dc81c7933eb44d27151b5f1dfd8ed183171767396a214c
images/accepted/cocoashot_old_fashioned/IMG_1977_c011.jpg,16279,02621a3e9284be9bec3f57dba8ec94290ebf3a21969fd107e992ceecd95153b0
images/accepted/cocoashot_old_fashioned/IMG_1977_c012.jpg,17939,8dd4d00683049bc8129033a8edd16251420c6fa9e1655b65c12d77025191b25e
images/accepted/cocoashot_old_fashioned/IMG_1977_c013.jpg,16463,eda90fec56030c116fa30454ba8bf7bfdf1a835af2c5ced42e6adaf5dcf663dc
images/accepted/cocoashot_old_fashioned/IMG_1977_c014.jpg,15436,38f0598fd0dc171173feafa096006fc2f805f82dcf95ae96fc7ae387b1378420
images/accepted/cocoashot_old_fashioned/IMG_1977_c015.jpg,14548,b31b5e6b1b18e670183dbf12b7c38d76e1e2c09584cebf2cac1ebb7302e409ab
images/accepted/cocoashot_old_fashioned/IMG_1977_c016.jpg,16333,9bb9fe008e702a63f57eb70742fdcaf193f319e08b3adcd479efac3100f9d1d6
images/accepted/cocoashot_old_fashioned/IMG_1977_c017.jpg,11199,e397cd959946f10c58142d0f3b15c5aa26d31acd0a040f3cd03b2f0219b83973
images/accepted/cocoashot_old_fashioned/IMG_1977_c018.jpg,17170,da73d6048b4621b1df2841e947b5d4e2a4183c5c8acb6e35f877943acceb7458
images/accepted/cocoashot_old_fashioned/IMG_1977_c019.jpg,11297,f80a1f361a03e60050be9023ddcd3be0e4527842333aa5967425cdb43a5bcd70
images/accepted/cocoashot_old_fashioned/IMG_1977_c020.jpg,20473,d9b5afd5dd7f6f16848b86cdb2b2b564ec30345453654b9755295fa61e3d85b2
images/accepted/cocoashot_old_fashioned/IMG_1977_c021.jpg,13827,1e63f5ed79b28d5910f1cfd2f8cfea9e772f923741898cfb738099410cca6095
images/accepted/cocoashot_old_fashioned/IMG_1977_c022.jpg,18332,8e5f5804b391c13ff61ca310eee73d2298ee32587c3561ff6a487be73e581a96
images/accepted/cocoashot_old_fashioned/IMG_1977_c023.jpg,14025,52ba4724dc65fa6c2bef0df7fc27206f6bdbec27cbd9b03626df5e17afb491e6
images/accepted/cocoashot_old_fashioned/IMG_1977_c024.jpg,12710,0b6aa81996339476744147765ef72c0fe4e5822fa503269bd7af686b2cf4a89f
images/accepted/cocoashot_tequila/IMG_1980_c001.jpg,18123,466a37e0359ec6d61a0d69e0a5ded6a046c7d699df6e58dd875b6e5ac2b2d5ee
images/accepted/cocoashot_tequila/IMG_1980_c002.jpg,21897,c0e139d809e71b9c48ce77b3661102b4c20642eca7e989bb9a98159ce6edf50a
images/accepted/cocoashot_tequila/IMG_1980_c003.jpg,19948,056518f7adb0a6ba673a8cee6a77da9c4cd1081e659c41c03df735533b0c9c17
images/accepted/cocoashot_tequila/IMG_1980_c004.jpg,21355,bae02c0d77395aaa2b9394ac4d8e3a9b80267ad9da8f5d031303991983d52603
images/accepted/cocoashot_tequila/IMG_1980_c005.jpg,23580,2b4840a7db8f2323d13c277edf85ea35ca56fcd4a6959beb5a51e47f5dfc8290
images/accepted/cocoashot_tequila/IMG_1980_c006.jpg,21863,580cec2148953a9d8b0e10d12581c3362f07d8a9052f4d0c3a1dfab9ec65418e
images/accepted/cocoashot_tequila/IMG_1980_c007.jpg,20866,4a4bd47541e70d8163d6b5560bdf0509a36af09d318463472b7ea0e249d1ef2e
images/accepted/cocoashot_tequila/IMG_1980_c008.jpg,25530,63680f6984fb44b50cb75f554267d3dce676855c7e9720649b72222132635253
images/accepted/cocoashot_tequila/IMG_1980_c009.jpg,15919,027f15522779fd52eefe8b1530169453839274a33b8ddaed1b6d474327d699ca
images/accepted/cocoashot_tequila/IMG_1980_c010.jpg,20096,cc1bd590c2421bf7744093a0d167f0f7d1f58f4398c958285145a60b4b9068d1
images/accepted/cocoashot_tequila/IMG_1980_c011.jpg,22588,d0d016d6983c18a1f6f8edddfefbf1993411ed3c39686fe3cabc36e502526e54
images/accepted/cocoashot_tequila/IMG_1980_c012.jpg,25425,6b94d8c4b07c13171be4f596d788b500e08be1f9ec2117db7bc5290cbba23ec1
images/accepted/cocoashot_tequila/IMG_1980_c013.jpg,16128,a0d3be71a23db7946d1088e211dddfab89c116ee53927218de70dbf993227fbb
images/accepted/cocoashot_tequila/IMG_1980_c014.jpg,19241,48910b856fef7bef7c516b67061db4409c706ed7cd5057379526dcce757bf116
images/accepted/cocoashot_tequila/IMG_1980_c015.jpg,19301,2e08fc743c338bca19db24d115c553ac61ac576c2afb85127cc4861ac6fad35f
images/accepted/cocoashot_tequila/IMG_1980_c016.jpg,19237,b14b2ba8915c15e9c06fed082c9f183ca33b48f9311ea87db027cbdf0179e7f3
images/accepted/cocoashot_tequila/IMG_1980_c017.jpg,22580,2582a5d7f47dfe9b3e72f258275b53a4cfbb80a7b0050751938c13212b708e59
images/accepted/cocoashot_tequila/IMG_1980_c018.jpg,20806,09e8974c08cfa603fba3dcf002f3c0dc61254fbdb8e40521cb64839e011f91bf
images/accepted/cocoashot_tequila/IMG_1980_c019.jpg,18974,a9330ae4d1a80a8fc026c8ba8c71ee247b8cf9b831a952d2e311a91b6236b092
images/accepted/cocoashot_tequila/IMG_1980_c020.jpg,13665,838461a635e3b623060bbf00aff3ecca8740fa0146e41a1f56fbcfeaa4798574
images/accepted/cocoashot_tequila/IMG_1980_c021.jpg,18721,8d8a7c1899bdc1f9e5a25efd9d5fce00a1f369e022db25cae28c40d804643e2c
images/accepted/cocoashot_tequila/IMG_1980_c022.jpg,20418,bcd8e90ca458b89584da5302f9bb9746d6f5fc4d7df99452a1004b30399e1079
images/accepted/cocoashot_tequila/IMG_1981_c001.jpg,19586,a7462facb08fa6df71aab9da307a11c02fdf4b1a6c60408907fcae39228ba409
images/accepted/cocoashot_tequila/IMG_1981_c002.jpg,24302,9fe8557594d3adb6cdfae0e39ae4033ff485e7332693b9d197e78c62ba5c7be7
images/accepted/cocoashot_tequila/IMG_1981_c003.jpg,21843,920a1073f32c226d6a1b320f1119af409e8f8422af01598b56b7e46a27cc5d4a
images/accepted/cocoashot_tequila/IMG_1981_c004.jpg,24100,cfbf8680aaa8189368bbc00b9a46c07b3f21d936ca4e4af749682699ff4f4e7c
images/accepted/cocoashot_tequila/IMG_1981_c005.jpg,26393,34872dc47abbc6b65391409cbbac627f57031e0a3fd4d2c64b243453f5593466
images/accepted/cocoashot_tequila/IMG_1981_c006.jpg,23903,0af7223b427596dcbf0e540479b2239cf2efdcef8cf8b1b4e7a7e3294d17f509
images/accepted/cocoashot_tequila/IMG_1981_c007.jpg,23859,1e658d4028832a546abb453b8f86b1b4bf81acaed7eeacafaa0441cada3b886a
images/accepted/cocoashot_tequila/IMG_1981_c008.jpg,20653,f53ecda8f85211b68fe2841160a2345efd9a4c7ba1177aabbfa16709a4572dc0
images/accepted/cocoashot_tequila/IMG_1981_c009.jpg,21698,a12612374e210d7a29d79d7e5be7ce4b86930443eb9cbde11cc0142b8c2fc26c
images/accepted/cocoashot_tequila/IMG_1981_c010.jpg,25025,2e1f30a533bdd1f396454bec6d9c629e2cc92bf5c175e3ac07c99145caf7ebb6
images/accepted/cocoashot_tequila/IMG_1981_c011.jpg,27481,7df8dded4d8a8330215c5bc659707060976bb11a03e8b5f7c0b2f550a9c09bcb
images/accepted/cocoashot_tequila/IMG_1981_c012.jpg,17302,9e5006daf5e050e01da3efd9a817a48df9710c32a3390dcf6d505539930f9f77
images/accepted/cocoashot_tequila/IMG_1981_c013.jpg,21641,640be88de23968fed809c9e7022d06470d785d8054765b47a11aca3ee82b29cc
images/accepted/cocoashot_tequila/IMG_1981_c014.jpg,17470,4bb8b0402bf9bfb432d9262ac398ad9f7298abbf82eead2d5d682a9d8b795711
images/accepted/cocoashot_tequila/IMG_1981_c015.jpg,22093,2a73195d8466239d1819275f18fb43b7c0e41e2e57ceb9812fdd3858948f61b4
images/accepted/cocoashot_tequila/IMG_1981_c016.jpg,22456,7bebd9d094e1d3e685f09a5161e608d29ec8258d71252836caad20f3d47c73f2
images/accepted/cocoashot_tequila/IMG_1981_c017.jpg,21108,139625acaaaef671083a41aefa50b378931ab12fdedce747c0d9d79c36d87393
images/accepted/cocoashot_tequila/IMG_1981_c018.jpg,20527,3dc93243d2d21823e92b9c3c22a889eb3d51603b9b81975f7a64f531166aab99
images/accepted/cocoashot_tequila/IMG_1981_c019.jpg,19622,f8fc6b9ec601a68a4f99646bf4795e7422b7226b67083f5cdbef7c82a6066eca
images/accepted/cocoashot_tequila/IMG_1981_c020.jpg,15265,88bcf93299e4a34f600d1335a54b85ac99340972f8597b7050d8c3b5a81a93f8
images/accepted/cocoashot_tequila/IMG_1981_c021.jpg,21631,fdad78aa627bea798b6f69bba0d1f887991f98eaeba2e2028d5243d6ff4743ea
images/accepted/cocoashot_tequila/IMG_1981_c022.jpg,22831,2cc67baea93855268b595dd3d42902ebf47c1c50f394a5286c3cf1ea816f29b0
images/accepted/cocoashot_whiskey/IMG_1983_c001.jpg,12868,f50cf83b332f0330e7cb66537ff4a6d34d628f6362a95ec569fad7ec5c1c0deb
images/accepted/cocoashot_whiskey/IMG_1983_c002.jpg,13514,caeffe67bced4a92b476ae5c9927055e9f4cbc92a0590a44e31aab9aa3dff50f
images/accepted/cocoashot_whiskey/IMG_1983_c003.jpg,13718,8986920522e0597de84330e64a5a11c896a834bef52639cb9cdda4b967f7f931
images/accepted/cocoashot_whiskey/IMG_1983_c004.jpg,11880,309e57a657d707b69cdd176b75e7c40e9549f866a77472979555e179c6e319b1
images/accepted/cocoashot_whiskey/IMG_1983_c005.jpg,16790,36393ee20613746fd6b2d35dc96d1914f725720a3f3075f6f6d3eafed3cbb377
images/accepted/cocoashot_whiskey/IMG_1983_c006.jpg,17589,17ab8109420bdea9038c59aea3d3ea147662760639d337254a459f9a49275343
images/accepted/cocoashot_whiskey/IMG_1983_c007.jpg,18855,728a36c81ca71792b556be01d1f26e1fdb6f580f441a2b9e822d6e5eae7254f8
images/accepted/cocoashot_whiskey/IMG_1983_c008.jpg,16203,cba23214668de5df3874713f0a695a722802b88bf99fa30e3f4b8ace9afe59a2
images/accepted/cocoashot_whiskey/IMG_1983_c009.jpg,16683,5eec02a888e2c3d42e9c7e5e3d2674bb3783bcc4d5b904d8123f083cc9aec65e
images/accepted/cocoashot_whiskey/IMG_1983_c010.jpg,19829,469013674152b43b9d56c43e693a282eb83562b27af32e9282b2442a90c00f60
images/accepted/cocoashot_whiskey/IMG_1983_c011.jpg,19140,66dbb61e19cafe9018fb40f572306deb2ebda3e2be335104c07e9ff2a7261fd1
images/accepted/cocoashot_whiskey/IMG_1983_c012.jpg,14329,60295242125fd7c7fa0fe2952bca780a9aa4032e1baaef83866e2030c4298234
images/accepted/cocoashot_whiskey/IMG_1983_c013.jpg,15971,a94f0c0d3ab8bce46572b27dfe4f4a896009dc706362eae1749f7ff3772d0089
images/accepted/cocoashot_whiskey/IMG_1983_c014.jpg,16953,837be4e13dfcbc9ee640539ce08bca05c63a698f7b3ddae736463f130dc64082
images/accepted/cocoashot_whiskey/IMG_1983_c015.jpg,16462,5e0d9433f9495d90b7d33f8988e29f94f093166ed37f9bfab9a712b7d809571d
images/accepted/cocoashot_whiskey/IMG_1983_c016.jpg,15587,078691d091925d401969fa37c92f73b710247b70b9cec19a2d9a3acdb4fd670b
images/accepted/truffle_amaretto/IMG_1970_c001.jpg,17449,128e32fd555832edf8522c9bc3779c132ad36c035f6abdc3372837a2d2aa845b
images/accepted/truffle_amaretto/IMG_1970_c002.jpg,18145,9ac2ac4aebcecd4538a89b0d5ce205b2f2d673177e0df546379d828a70d2dd0c
images/accepted/truffle_amaretto/IMG_1970_c003.jpg,18938,a2dc4ce1248a95b03a4ebe85e3bea840ab2f514fa16522801806f5a5278f3f3a
images/accepted/truffle_amaretto/IMG_1970_c004.jpg,18185,a89da61e4617e3982ef460667c0e3aecb26a6359a8a079593aa79bc0dfbb93d1
images/accepted/truffle_amaretto/IMG_1970_c005.jpg,18932,55bf47513edaa4bc6901334c665244637649006481ef6cc1982f1d0bfc68013c
images/accepted/truffle_amaretto/IMG_1970_c006.jpg,18966,e21755759831b3b5d9276c5fe94eef61c94ced4db98f53350870e80da1d8ba5e
images/accepted/truffle_amaretto/IMG_1970_c007.jpg,19646,cc0557ae8f859383fe054345fdb3e719bcad8b2d3503d9b8c431d81ca017e45c
images/accepted/truffle_amaretto/IMG_1970_c008.jpg,18071,d67bb37023becffeca120ecec4af85866de2c2d4bf40116888db4854335e7057
images/accepted/truffle_amaretto/IMG_1970_c009.jpg,18006,f053eff1b749a65be12a08e2db91cb17a3f017565c2b33ec5ff8f60dadf4546b
images/accepted/truffle_amaretto/IMG_1970_c010.jpg,18826,edd1aacbcc14f11c11de7ede278c11ae54ff310c948f01c98fb6ce9114581280
images/accepted/truffle_amaretto/IMG_1970_c011.jpg,18308,669cda2106aa4d6a53f2e5e31b0b9ca0e3e56db7c4a6d3360cd2904de256c203
images/accepted/truffle_amaretto/IMG_1970_c012.jpg,17581,c81dbb749c89058c4af18582423d61c61a6857e74287e8dff4395866f24dd7e5
images/accepted/truffle_amaretto/IMG_1970_c013.jpg,15860,fffbcd5cfdbba598dc5f3da2ad26cc791eefaaebffc6537f916295419c27b9a8
images/accepted/truffle_amaretto/IMG_1970_c014.jpg,18339,726c9ee59b7b0938f3c234f6f097b1093db508b448803b2c4009301fb6db96c2
images/accepted/truffle_amaretto/IMG_1970_c015.jpg,17645,5618ee50469a541003fa1ca792ff36dd91827f0f5d23571eb4e73f157ce0ecd5
images/accepted/truffle_amaretto/IMG_1970_c016.jpg,16194,78b3809d6769763a425fb5a2d24068a98329624e04693b26d6f6fa1db5b5f578
images/accepted/truffle_amaretto/IMG_1970_c017.jpg,14454,206a1827fb9fa55a62e5d595b38e8d66dcc65b68a659c3298eee1035d36f8612
images/accepted/truffle_amaretto/IMG_1970_c018.jpg,16704,d8ef00c8b6839fe8408cc3875ba2548b60eb4ff15ed8cca08bbe1ac6945d35f7
images/accepted/truffle_amaretto/IMG_1970_c019.jpg,17625,d8971d9248ce459b1c0d802356623202f7c3969fb971ad484e45436f3b2a4ef4
images/accepted/truffle_amaretto/IMG_1970_c020.jpg,17664,9d0d02d136add7d7b6526c565b9d0e0f71f8ae0bc20381c05b013e8505e5b9bf
images/accepted/truffle_amaretto/IMG_1970_c021.jpg,15924,a1b8266125787ee792ef8068a7fb3ec2df25488b08f6d232ccfc7167f5089667
images/accepted/truffle_amaretto/IMG_1970_c022.jpg,13847,62e73f3b92e54c9a20159d633177fe3d4865b0ea5a5780232462ca585cb44e8c
images/accepted/truffle_amaretto/IMG_1970_c023.jpg,18049,b00bbf92f193fa0d03658a01ac4c6b4c985acb31041371809f8002d79e53a4df
images/accepted/truffle_amaretto/IMG_1970_c024.jpg,18014,e280df13a715ec21b45ae1dfb8fc3c074f643fcabeaaabe6d8487ed0771dd6d0
images/accepted/truffle_amaretto/IMG_1970_c025.jpg,12917,7868e4c08b08718a00e43f48efa04805cd72d3d2962513b80b601178d8b0263f
images/accepted/truffle_amaretto/IMG_1970_c026.jpg,12836,c4e26b8bb119499f3827b32d7237dfbbbf6ccfa7603e67117e3e688216e98f51
images/accepted/truffle_amaretto/IMG_1970_c027.jpg,15557,c8f29378d454b0fbb3b8196e807e969491ade46d1ff3b4c077160d76391db022
images/accepted/truffle_amaretto/IMG_1970_c028.jpg,17055,d659f554915412543ed47e1e310c4d7d41c8907d3f45d585c5ede99711db2d26
images/accepted/truffle_bananas_foster/IMG_1960_c001.jpg,14789,953510b64f171422f96cedf0f714d41ffad98a91f2720ef8f880b145b75e9303
images/accepted/truffle_bananas_foster/IMG_1960_c002.jpg,14917,0c2b9df38f7743df292c15a56d54ab8bbe00e71ff833b278e43e321bddecc9b4
images/accepted/truffle_bananas_foster/IMG_1960_c003.jpg,16586,750422d949cc08daf360e1f51769c0b3452a392c2b25623c6fb55376134ef9bd
images/accepted/truffle_bananas_foster/IMG_1960_c004.jpg,16350,eefd17a94635d333926a2b9d4c7d69098250c238f12e16ba9488864da09521f8
images/accepted/truffle_bananas_foster/IMG_1960_c005.jpg,16309,577d9aca094181baa2245eda7a8693f3fe959d8b55d9703ec93d92a06c40a629
images/accepted/truffle_bananas_foster/IMG_1960_c006.jpg,16673,d6fba61e541d18b8b5f50799ddaf88b193927e3885793d27e553e73ed15cce60
images/accepted/truffle_bananas_foster/IMG_1960_c007.jpg,16773,c274316878cfae2710e84ae9477a295dd81d3f9af3fe9e3a730d6232f55a5bf6
images/accepted/truffle_bananas_foster/IMG_1960_c008.jpg,17237,8c571c55c6b5c80ff95a009415172a8dd60198a97b4cbba6db7204bbbef9a699
images/accepted/truffle_bananas_foster/IMG_1960_c009.jpg,16695,4358a5c849c66ffc83040b578572bd187f2ca7862faf4a0c48294c3893b2a3ea
images/accepted/truffle_bananas_foster/IMG_1960_c010.jpg,15793,625e9e7b688701ad8a7a875ec859135e659249f2a761d5b8e2d516c7468c3c27
images/accepted/truffle_bananas_foster/IMG_1960_c011.jpg,16478,29f9cfb7933110dd7c49c4c626ca2ad1921681ac5c546c047da49984bee923ec
images/accepted/truffle_bananas_foster/IMG_1960_c012.jpg,17850,dd98a89468b4113fc2a2b1e8bb7a43a912316d5d12bba8ecb3d091821e9833de
images/accepted/truffle_bananas_foster/IMG_1960_c013.jpg,16359,d5a2cff85932f30ed2a0a7b4359fd4d3fe2e20a895f592fa3b58bb458ae77039
images/accepted/truffle_bananas_foster/IMG_1960_c014.jpg,15682,f99ca3298b2a7450d50365dfb73d2dd9d65a73a28791901aff5d27f3d3e63a3a
images/accepted/truffle_bananas_foster/IMG_1960_c015.jpg,16161,c5abba42b8cccb42c4b990515825fce1828fefe84a93cfaa0def5f2a2bd15f6c
images/accepted/truffle_bananas_foster/IMG_1960_c016.jpg,16623,57c0b06e22a8db86d4475afc46f2d6a435b56bfa44cfd1d0b94d196912db54ec
images/accepted/truffle_bananas_foster/IMG_1960_c017.jpg,17388,b84a48a856946f9ae573b96157f5e28c8a14e5f13ed39474e42fd9e9c6e01428
images/accepted/truffle_bananas_foster/IMG_1960_c018.jpg,15559,503e1cac6bd5fbca9dad01fa023a191837f649f5aefc1d3c691e97fea92751c0
images/accepted/truffle_bananas_foster/IMG_1960_c019.jpg,16185,d04dcf0cd3da90507ebf2d7ab8fd59e455e6569ef102e300783525d4b4a9b692
images/accepted/truffle_bananas_foster/IMG_1960_c020.jpg,16518,a81c582542701fae339e28390f914db03978016dc868caea95468608a8a541d2
images/accepted/truffle_bananas_foster/IMG_1960_c021.jpg,16766,de0f38157800440d023ea41ef55ff45e4b6dbc07fab21ac7a44db91919d74746
images/accepted/truffle_bananas_foster/IMG_1960_c022.jpg,15596,56b80fdf54e77f0f53f5bdd9c68111c76cb54585c5e02d7626b1f548df85d3a8
images/accepted/truffle_bananas_foster/IMG_1960_c023.jpg,15441,eacf99e7fc9878b2367a00a1346077924a2386423906b9d5150b251b6cf6c9f8
images/accepted/truffle_bananas_foster/IMG_1960_c024.jpg,17969,ee9f610d6e24d20818a1eb52f1f7221ed612a449e5abc711d6756cd4b7d9bb16
images/accepted/truffle_bananas_foster/IMG_1960_c025.jpg,15629,0748d2f9c149b0d833f4f1855233b7d9226b5c9705eb34d3c45f54104febafa1
images/accepted/truffle_bananas_foster/IMG_1960_c026.jpg,14768,5b8ed917001398690ee9d1410e7697c9c139f752f4c014af202ad97d6a9b8ed2
images/accepted/truffle_bananas_foster/IMG_1960_c027.jpg,15373,a2e185a52ff26e3d823863c0f54f4c1b1eb099dffafdc59295577b6a7521103d
images/accepted/truffle_bananas_foster/IMG_1960_c028.jpg,15839,0de0654599321cf5d9f686445ab2edecd9282431be907650646d1c285cfb5780
images/accepted/truffle_bananas_foster/IMG_1960_c029.jpg,16110,ba00a19239e1e7d15e6781221a517476354c902b9e20dd5993441cb753dd0bbe
images/accepted/truffle_bananas_foster/IMG_1960_c030.jpg,14626,0f9b03c121d617b04f746899a9eeff661ac9521a7ef9aaab5c570ea9f34b4974
images/accepted/truffle_brownie_batter/IMG_1976_c001.jpg,15631,2fff68379c8894b974a53349341af1556b382c1c25db4602a234ef1185d2a07a
images/accepted/truffle_brownie_batter/IMG_1976_c002.jpg,14641,d063f166eb30c7e9309fd083392c0e52ed55b92cfd0b4c647451cec7aa30799c
images/accepted/truffle_brownie_batter/IMG_1976_c003.jpg,16258,06938bbff8d762d8a46a7122b90cf63c19790af05c2f1a41eeb30fcda6391111
images/accepted/truffle_brownie_batter/IMG_1976_c004.jpg,20222,c0fe7bc1fe0130cfe7bdd7c928c9d27cf0de74fe58fff8a3f552c5e5a25416f3
images/accepted/truffle_brownie_batter/IMG_1976_c005.jpg,18573,b6a069e4b8cdc34ae8d5a345e1b3eefaccae76e0772078b1c82fcdac1859426f
images/accepted/truffle_brownie_batter/IMG_1976_c006.jpg,15707,ee06c01f980bf02146be89747e4ea33c89f9ea1e2597a4b07e9a8f217801dc2b
images/accepted/truffle_brownie_batter/IMG_1976_c007.jpg,17405,7622ed9038954941793780cec69d564fece1b86207d2a94d19ecfcede1137e95
images/accepted/truffle_brownie_batter/IMG_1976_c008.jpg,21303,7387c9e2c07b53c0dea476a13c4bfc6b75d92d0704483f14c7ba3c29fde93842
images/accepted/truffle_brownie_batter/IMG_1976_c009.jpg,16711,f18df34285b36dcd9f729b387b1e8f5d447d4302400773e963b7c79eb41efe1a
images/accepted/truffle_brownie_batter/IMG_1976_c010.jpg,19898,f0773e96eb1f83d11e972939281da9419877addcc150d6977a75688b3ad1340c
images/accepted/truffle_brownie_batter/IMG_1976_c011.jpg,19114,cd248ce1699d51a28860d42f737a801bd7d4ea8a8eb47781d7132b08ad4a0791
images/accepted/truffle_brownie_batter/IMG_1976_c012.jpg,18600,ff7ba56c1f5222621dc2b014b857e506e7fdbc3ede70c95c3266e1c98e9b068e
images/accepted/truffle_brownie_batter/IMG_1976_c013.jpg,18830,ef72e234551efad32c91fe6a1746337d9c111ba08e308935197266d142d45f9c
images/accepted/truffle_brownie_batter/IMG_1976_c014.jpg,20501,a5c731c1145e90acba3563255eaf8bc4a6d4ed59b0779a534208c03c2952eb69
images/accepted/truffle_brownie_batter/IMG_1976_c015.jpg,20224,b683a720878840e1c1c640ce642a6a9f4173ceadd8920055ae36b3301280ea75
images/accepted/truffle_brownie_batter/IMG_1976_c016.jpg,21023,1b596dbb3418cc53fe847477043ca8e43c0656ab6dea16234012af34b74d975f
images/accepted/truffle_brownie_batter/IMG_1976_c017.jpg,16855,c679d7c67ea180d9731d834e1ccb190b2d0b12274244f514a1441613dcc2ddba
images/accepted/truffle_brownie_batter/IMG_1976_c018.jpg,16197,1a6fbeee636e56f1f0755db4885c7d4e4affb3a5453153312796cb73fc8a1173
images/accepted/truffle_brownie_batter/IMG_1976_c019.jpg,18894,24ada7168d4a77d3883043efde47d91c9c39a7b16d572b32b1f5bfbc3965ae6d
images/accepted/truffle_brownie_batter/IMG_1976_c020.jpg,19683,fe63393b94a57e48347ed91e269a5a14898e8f868e06b0a3540d7b8944463b33
images/accepted/truffle_brownie_batter/IMG_1976_c021.jpg,16163,1b74d2e10afd91f0a9ae8ab69e3a73fb9beb2abbc2ea1dbfc5ff0b789b3bf8f4
images/accepted/truffle_brownie_batter/IMG_1976_c022.jpg,17331,ed84c3ced0b1794f7c5e7e04967fbabe0e3d3371146a523b765f4b5a90da4c55
images/accepted/truffle_brownie_batter/IMG_1976_c023.jpg,18484,4fa412e48a69af8d6f90b92a76436cad2098bc974d7a5360424a6464fc9783da
images/accepted/truffle_brownie_batter/IMG_1976_c024.jpg,20443,ca05c0d9f9856ddecb9b694fb17af3a1232ad0fc346c73efba966906bf972aee
images/accepted/truffle_caramel_apple_cider/IMG_1964_c001.jpg,15415,9652913a3a84781c02a1d00f3f592a3b4f397e19c025d0f0ae3ee869e0cdc724
images/accepted/truffle_caramel_apple_cider/IMG_1964_c002.jpg,15750,11a69eb46e1be1350641e93a8239e4fa1a6058ddb83c12ee9e7e33abdd75badb
images/accepted/truffle_caramel_apple_cider/IMG_1964_c003.jpg,16190,68bcc136c5e21dbe8219358b923181b26c636012e46740f7b35d12b3ea84e62b
images/accepted/truffle_caramel_apple_cider/IMG_1964_c004.jpg,16065,f13f2a0213d59bf9a14bb48bee9d2ea67525f9a3dbb3ee2c4f0566624c7d39ad
images/accepted/truffle_caramel_apple_cider/IMG_1964_c005.jpg,17955,dc20a499e497c37cb7aac2ff5c27896db734e7f33477df3eadbe92c9b7021707
images/accepted/truffle_caramel_apple_cider/IMG_1964_c006.jpg,18471,079c6526b3b0f49b7619577e16335a08ad02d46f779df6a19e4c23809c20a667
images/accepted/truffle_caramel_apple_cider/IMG_1964_c007.jpg,18253,245924976324692e252ffca701a6dc25546e13582b4b9f285cd2ff987e1a0139
images/accepted/truffle_caramel_apple_cider/IMG_1964_c008.jpg,16479,0e4e477a63d598113737e18719037dd881f82d6f27fa782357b0047a61b570c4
images/accepted/truffle_caramel_apple_cider/IMG_1964_c009.jpg,16269,97279ed5ebcd309f6b7e699579831eb1d9f8cb18a40dc5ddfe277883feae18ec
images/accepted/truffle_caramel_apple_cider/IMG_1964_c010.jpg,19148,04edbad8339d7f9b92a75117492394a5fd496a6234b8d814bb58273edfae3e9f
images/accepted/truffle_caramel_apple_cider/IMG_1964_c011.jpg,19693,13e8132a9d111c8d72a7993c62c74eb540ab0e83b8fb2865bc7a2c574b7d00a3
images/accepted/truffle_caramel_apple_cider/IMG_1964_c012.jpg,17575,93a319289c5cb2e41546a6652ab4dedd2385f486d042706b02545439df35b629
images/accepted/truffle_caramel_apple_cider/IMG_1964_c013.jpg,14594,623a7c9460b95995b33f31eabc639b45c108f16308fbabe17e641ddddc13e101
images/accepted/truffle_caramel_apple_cider/IMG_1964_c014.jpg,17238,0b747ab0623b194bfb603b2e1392cc14bb52bd5758dfe0a92666145376bd8db4
images/accepted/truffle_caramel_apple_cider/IMG_1964_c015.jpg,17949,d36c925164ddbdc6ca9866242515774f0755195aaf24c2eb4b688179b4687ba4
images/accepted/truffle_caramel_apple_cider/IMG_1964_c016.jpg,17059,a60b47829d524c5e60e0b63e6558d1c6f341637da47079c6ccd16c0579bd4b1a
images/accepted/truffle_caramel_apple_cider/IMG_1964_c017.jpg,13207,965aa60360424f5987c2353f8c8b76ce39464abc37fd3163cf632bd6a27c27d7
images/accepted/truffle_caramel_apple_cider/IMG_1964_c018.jpg,14321,3c827f445160e426f34b6c8a055b064ec2748f2d2b899851b7da63f463c226c0
images/accepted/truffle_caramel_apple_cider/IMG_1964_c019.jpg,14509,f89ecc6b04347304366283051e0bd5855ef347a7f39de324379385e1c6d800b1
images/accepted/truffle_caramel_apple_cider/IMG_1964_c020.jpg,16145,543fdc623fada4e15996da50589a70df0f0ef99c866261ac7341e98cef89a3d5
images/accepted/truffle_caramel_apple_cider/IMG_1964_c021.jpg,11944,877ea044f5b9c3390e459a9c3e15203367dff9ef1fbf42fdde82ac8b0208346e
images/accepted/truffle_caramel_apple_cider/IMG_1964_c022.jpg,12650,1d31ae3a0f720d5db8d0598cefbd87a6ca709064b38cdf2961eaff40e588ab38
images/accepted/truffle_caramel_apple_cider/IMG_1964_c023.jpg,13326,d23c61b8948b74d20f5f0d75ba8cb7fc25db64a836f7e8ff1eb5148b1256aef7
images/accepted/truffle_caramel_apple_cider/IMG_1964_c024.jpg,15188,c0a2827de4eb3070bb3d9ba55ea676e8f3d150d77d804ec7abb702e8e4eac178
images/accepted/truffle_champagne/IMG_1974_c001.jpg,20156,53f5de721432c0603f5a245e7e829ee150d56e5282c3db91fbc4cfa0e63e0509
images/accepted/truffle_champagne/IMG_1974_c002.jpg,20968,feaf88950f5d3bf5a711c8d79b98933854c8605304aa5639718d6f5e53c1d1c1
images/accepted/truffle_champagne/IMG_1974_c003.jpg,19005,52b4a12aba89a8ce85b1241dbe30242e1d6e89dd4bb8959dcd97a9da197c8fed
images/accepted/truffle_champagne/IMG_1974_c004.jpg,18840,f008284b1bcfa0766769546d9656c04affe00ac4e5835f00c52f0c87da275d73
images/accepted/truffle_champagne/IMG_1974_c005.jpg,19798,6ebaf442d5ecec7e4a4d28bb9f34ef04cf73d27278e58c1da2b5cada746f81cb
images/accepted/truffle_champagne/IMG_1974_c006.jpg,20184,f38ef26b9ec7850f742e10e5cb43326a90f965f82521e7c5e6112ba67f1af592
images/accepted/truffle_champagne/IMG_1974_c007.jpg,16594,3f89649c3061f6b78e37ad1fd332cf03aa6e49362022c6a69fe11f67a1c8a840
images/accepted/truffle_champagne/IMG_1974_c008.jpg,16105,7112501683570e8b2100a3204858be9868d8781d6a24108962354bdb81172640
images/accepted/truffle_champagne/IMG_1974_c009.jpg,18639,194f47dea174b7e7459aa07b4dcad5cb6c8475a44bfd3f0712f67b3f96ce7c15
images/accepted/truffle_champagne/IMG_1974_c010.jpg,19344,83546d10afeb4e7fa3c564dadeab65bb4dd9896ad8f939e100b5a06fbd1d16dd
images/accepted/truffle_champagne/IMG_1974_c011.jpg,16457,65fdf0090da1af2c0f538ad8feff763ff7d485491923d233500b46616f968223
images/accepted/truffle_champagne/IMG_1974_c012.jpg,15165,6df662cd171e5e2e3b160164d127cf0008fa499f55a067eff17c4c0f77a863b8
images/accepted/truffle_champagne/IMG_1974_c013.jpg,19321,83d6962eb3b1ed2e81e0dfa42d44b9fb67c27d19a9fb6d11db9c4c876b008ef2
images/accepted/truffle_champagne/IMG_1974_c014.jpg,19199,47963fcbd80b9c4a132a163bc468de87f8d9239efc180d10ce0ddc734efbb265
images/accepted/truffle_champagne/IMG_1974_c015.jpg,14926,15e5d983915233ba850d88fc2124024e14d8b4d157da91c4cde2710c9c8fe5b1
images/accepted/truffle_champagne/IMG_1974_c016.jpg,14258,6acaeaab6b19a5a4edaed8f97ff586b208a0ed6ec50b821ee4076b94bead81ae
images/accepted/truffle_champagne/IMG_1974_c017.jpg,20516,57e8f94d8bef25909324260cadb8f170279cb4b92306f47c265dc2bfbc85c386
images/accepted/truffle_champagne/IMG_1974_c018.jpg,21478,be2c302ebfdae164fefcc48259c78872b7692d406f602947298b77e26116d00b
images/accepted/truffle_champagne/IMG_1974_c019.jpg,15033,6e5379f7331f486e70956b3f5f52e937e1e6715a3d27a12f0246a008d676a8b9
images/accepted/truffle_champagne/IMG_1974_c020.jpg,14255,d530598e7884169ba8980d1acbf38d22ff53a2168038f9479579a1203acae655
images/accepted/truffle_champagne/IMG_1974_c021.jpg,17919,315dd0a880241f34dadd079878ea13a5c844e8d261d23429c09a3dd859c31728
images/accepted/truffle_champagne/IMG_1974_c022.jpg,19753,86f6b5cd182937e0e5b209c282ab263da24a4ad274b246e6036bb2c7a0a12ecf
images/accepted/truffle_champagne/IMG_1974_c023.jpg,12994,5af42c274ed274ad622df6c7d9e61bbd322e0113a0a7fb4e25260031ac267d70
images/accepted/truffle_champagne/IMG_1974_c024.jpg,14231,5efc26ea63ef2a7dbe75089fb9933c4192d29d76b12a95b385a98c7d2d940fd1
images/accepted/truffle_cheesecake/IMG_1988_c001.jpg,18784,481dfacb0bd77480a81dc5f3993ee8109e121828d1ec9d8e28a6674aa7197854
images/accepted/truffle_cheesecake/IMG_1988_c002.jpg,21277,59971216d0d7b14c0cd77c7161746b770b7e218e3cee044c84b9bf3c51e19735
images/accepted/truffle_cheesecake/IMG_1988_c003.jpg,21198,f54b8dc648a6148c447c0d3ba0c341db3b80d6124868229cba4839d82168dd45
images/accepted/truffle_cheesecake/IMG_1988_c004.jpg,19938,7a46588354a9bfee1895721d87c7dd59db800d33ad4fce2dd71b8f6db6af5916
images/accepted/truffle_cheesecake/IMG_1988_c005.jpg,19897,e2f255232043480eae1b2e27c8a1836260e80f7a8eee149f2bad7c486e74bafb
images/accepted/truffle_cheesecake/IMG_1988_c006.jpg,21101,52ae96f2928f5f500807753daaf92a2379a4cbc94299cb932749d047e97ce09b
images/accepted/truffle_cheesecake/IMG_1988_c007.jpg,21136,1ffd319d3a2ddaae95988a28c96e1edcd526b426a19105daa7b50bd24b91ea01
images/accepted/truffle_cheesecake/IMG_1988_c008.jpg,20943,da3b1ec5791b9ae01008c3bf182691f2b5e337c48e117b8f2e1c6bb75062ad95
images/accepted/truffle_cheesecake/IMG_1988_c009.jpg,21052,fce1964fc34e288360cada57cd0736941ed1c7a6e5bf6d3a8a24879e9959c2bb
images/accepted/truffle_cheesecake/IMG_1988_c010.jpg,21249,8a7cc334410bb32500665c4061cc76f0695ec2cf437022106ba647a8ed1fbc39
images/accepted/truffle_cheesecake/IMG_1988_c011.jpg,20509,63b22677c3eca0491359b19744b08a46d8c47e8a935532134d3f63eb96f4d8c3
images/accepted/truffle_cheesecake/IMG_1988_c012.jpg,21611,26d730724ea83fd104e02cb7262b8a1cf29e9b842782d1cd440c96b15932effd
images/accepted/truffle_cheesecake/IMG_1988_c013.jpg,19882,76d78c274c0942ee0758c40e3f446d971d598827ac951b2827878e35d1e335d2
images/accepted/truffle_cheesecake/IMG_1988_c014.jpg,21570,4a76910e2fb8c434696be35eeaf7c9a9f9781d3d3c96990922e246654c2587b1
images/accepted/truffle_cheesecake/IMG_1988_c015.jpg,22761,56a0b430c575c8f2470cb71baa49e43a053bd01b0aa4fb846f74370cdef36c83
images/accepted/truffle_cheesecake/IMG_1988_c016.jpg,22297,17137f0b857dee9f883877cbaf231ab3dd8e27f8839f8aad7392d2a4a029f167
images/accepted/truffle_cheesecake/IMG_1988_c017.jpg,19638,b689d92658e859f9c584f91c0a23aea934d568d6220b25b42bc6a60a146273bb
images/accepted/truffle_cheesecake/IMG_1988_c018.jpg,21111,d7e8671d021a68285828e7a43f7ea7e5b08c034778c98eec1b3d48a475bf6d8a
images/accepted/truffle_cheesecake/IMG_1988_c019.jpg,22106,cc1e1039f519f25e40c989347b2e7f4394adf5eed79f8ced9a324b6b33f42266
images/accepted/truffle_cheesecake/IMG_1988_c020.jpg,20707,8185e79d22476a7131f0014c16eca5205c38788d2b5a3fbe5b40d50339a86f16
images/accepted/truffle_cheesecake/IMG_1988_c021.jpg,18432,29f362e31d96b9d3ce482f5ec4d0a660a06d88ee75221b5b9eb39b5552f5ba59
images/accepted/truffle_cheesecake/IMG_1988_c022.jpg,20121,fec99a86ecd36e4afe7cff92870fc87f373cc7ff534432ba669fa704badacb1e
images/accepted/truffle_cheesecake/IMG_1988_c023.jpg,20599,4d9c4914d3661efc9b76f8da61096bd72b1b4bd2394673e66255cfb2a200bd83
images/accepted/truffle_cheesecake/IMG_1988_c024.jpg,20555,462ce6d01df315b0412dea1ea56c5aa38dba44d45387f3cbf89d7f8b40121d2d
images/accepted/truffle_cheesecake/IMG_1988_c025.jpg,15854,72930c4845ee926809c470b7cde4eacf6e27c24bbbd633435852e5b4f75a9ddc
images/accepted/truffle_cheesecake/IMG_1988_c026.jpg,18847,040ff625929b732e1ab2f901e57174ba1a92fbdfd1c3a71c4ca4896501eef2b3
images/accepted/truffle_cheesecake/IMG_1988_c027.jpg,20168,eac731902c73a5eba5710153baca9935d38d8a6651eaa2d494877991bed90134
images/accepted/truffle_cheesecake/IMG_1988_c028.jpg,18794,f19db6e52845e357dc2e4778486a2fa24cda8f33f49647a0d6bb1de13a86384f
images/accepted/truffle_confetti_cake/IMG_1994_c001.jpg,18524,1037e8f0ad89dd584163e755cd8920fb2de2c112ba2fec5180e4e43f438f6266
images/accepted/truffle_confetti_cake/IMG_1994_c002.jpg,18858,f7313e2cbfaea77017df0a0c5aebf557505c973a68bf8fe20c316de35e49e87d
images/accepted/truffle_confetti_cake/IMG_1994_c003.jpg,17842,4cb43170cc9b5568eca0c7bc1ad8ffedd85aa509d6ece98f2c3e9862dadfa0f4
images/accepted/truffle_confetti_cake/IMG_1994_c004.jpg,16481,4c026562062bda696ad84c74209dc7f8999fbd22b86ff82d1bfc519c00bc8047
images/accepted/truffle_confetti_cake/IMG_1994_c005.jpg,20029,82ac9aced92907144f096c02e3b177420c190407350444c488dd5b10541fe0be
images/accepted/truffle_confetti_cake/IMG_1994_c006.jpg,22740,cfce62d04236fbb55d3fd020d430ae170d957298ad837d4d04388817aa3e1a3b
images/accepted/truffle_confetti_cake/IMG_1994_c007.jpg,21865,0e44b9087d33f7030f3df40712ac76c37cf3fe6d34a262ae5c0fd72118e198b7
images/accepted/truffle_confetti_cake/IMG_1994_c008.jpg,20428,ef9c4c0a71ebdba9c3fa1f96f9bc9e9510924dda0ba606dee71f1078828a3424
images/accepted/truffle_confetti_cake/IMG_1994_c009.jpg,23188,6f0c7d8f416229f86b0d88610fb65d79946c56676620fb12375fa69c69b17349
images/accepted/truffle_confetti_cake/IMG_1994_c010.jpg,24685,e1b6332395e282d8525cedd4a3981b976f31e26c08ab63b3febb45b7a4d6b531
images/accepted/truffle_confetti_cake/IMG_1994_c011.jpg,23834,e21e4ffa380a46d72e484af57e65043308197c70e6b7b7f294177bc8f0678176
images/accepted/truffle_confetti_cake/IMG_1994_c012.jpg,23199,86df496014318948bba56c3bf9cf178dca29d806f85141bb91e71eca434ff06d
images/accepted/truffle_confetti_cake/IMG_1994_c013.jpg,21764,af20bfd989f0310045e07a2252dc555bd05ec35d8d391b40c644b75c5c1816d0
images/accepted/truffle_confetti_cake/IMG_1994_c014.jpg,24453,60f3e817dfd058923a60b73d960d6c3609fb4d09d97f4023764747929dccf582
images/accepted/truffle_confetti_cake/IMG_1994_c015.jpg,23004,87bbdba4b6831931a842999fa8101a99a3c93e9c51cd6f3dcda0ed85cc86ec25
images/accepted/truffle_confetti_cake/IMG_1994_c016.jpg,21544,23ad4368ae21eb293ea4f4e44833b85f3805ab452d5e374d23550d44bae33102
images/accepted/truffle_confetti_cake/IMG_1994_c017.jpg,21470,65ac6fd9e6f776a711364f9a5fe97553bf7b64e1c4ab9dcd97fd74b0a64f1900
images/accepted/truffle_confetti_cake/IMG_1994_c018.jpg,23019,f330d96352596b1648a0e6ddc317353edb7680af5189f3e55d48bbad80e3796d
images/accepted/truffle_confetti_cake/IMG_1994_c019.jpg,21028,672e92355a92b406474444a613cadaf6087d36af817472f42cca9fe32cbf1c9f
images/accepted/truffle_confetti_cake/IMG_1994_c020.jpg,20472,f683a074cc04c72d470d7105a57de29ce8f0ac7aa7c09576bd005d8efbe042b3
images/accepted/truffle_confetti_cake/IMG_1994_c021.jpg,20244,852c236bf309ae6654c66b2a7154f5c946124e068980825fef9a7b422b1090a2
images/accepted/truffle_confetti_cake/IMG_1994_c022.jpg,21756,42774f056c3aba15d49ce0e60f82624781d27bda0462b88bef1699efe4f3136f
images/accepted/truffle_confetti_cake/IMG_1994_c023.jpg,20167,dd80f9f51d96206ec1c00c80225880c0ee7474a0b5e0e6adfbe0299d5d77f1b7
images/accepted/truffle_confetti_cake/IMG_1994_c024.jpg,19228,7d248898c879dcd2a73442e496d1e55143c26a2a275f4e81a42e021dc2ee3fea
images/accepted/truffle_confetti_cake/IMG_1994_c026.jpg,16007,9e5f7aa5a1a17a9adafd8e3123e084227f9905cbfea83d8ad84cd28274c8211a
images/accepted/truffle_confetti_cake/IMG_1994_c027.jpg,16034,6ac70d49ec388862cd4c1f0890c8178762c5f1e71d5e56e29b0b7039ff29cb6c
images/accepted/truffle_confetti_cake/IMG_1994_c028.jpg,16859,d553924d6c8be214520fd78d1fb3049ca62e2546a2148a926ad8bb76e20c1a2b
images/accepted/truffle_cookies_cream/IMG_1992_c001.jpg,17105,98ac52d3943539f0e80950238c5d7e39d77c9a585c6911c9d88aeff75328e5fe
images/accepted/truffle_cookies_cream/IMG_1992_c002.jpg,14942,a9eab3a5f3bbcad0c25b0e8281a7457f0b1e384a012eac6e1e316e8d9eeb468c
images/accepted/truffle_cookies_cream/IMG_1992_c003.jpg,14881,19724a9debf5bc20706d1f365014ee1ac99f3a8a08e1cfa4792aef34ab9b26f3
images/accepted/truffle_cookies_cream/IMG_1992_c004.jpg,16461,d6fc316b4419be23cbc87f341899b220f1670a74be9d4724d7471ee716cf2f10
images/accepted/truffle_cookies_cream/IMG_1992_c005.jpg,15419,853559f524afc237318f9e1da912fd8220c3a62cc38db117a75b7bf0b92ab2c6
images/accepted/truffle_cookies_cream/IMG_1992_c006.jpg,17028,558a84e67458e1db545a24655e8a6fad9a7af77cc24078399c1d3910bd383ed4
images/accepted/truffle_cookies_cream/IMG_1992_c007.jpg,17391,26b14c982aae2aa06a1760825474404194807e78e335fdcf060baa4de0f9cd55
images/accepted/truffle_cookies_cream/IMG_1992_c008.jpg,17163,7f0cb37cef8f4f4ac5d374aa6d8db590f255773665b3591ba4daaec98c090ad8
images/accepted/truffle_cookies_cream/IMG_1992_c009.jpg,17346,658199e16e3a591e0bd49b6cc7b2658d819d7c11a0651965ea483348f7a804af
images/accepted/truffle_cookies_cream/IMG_1992_c010.jpg,16916,44a24cf001b0834154688db027f2ee73602a07f06b73a7ec740be43b941c0b7d
images/accepted/truffle_cookies_cream/IMG_1992_c011.jpg,19288,aa51e84703822a3a7debb30ba206a377b141034b8e9a168b3ae77d881f9a819d
images/accepted/truffle_cookies_cream/IMG_1992_c012.jpg,17869,e39b32a966c90c0747feec0ba55267efb882ee6f2538011690bfae305a444a36
images/accepted/truffle_cookies_cream/IMG_1992_c013.jpg,16235,f49b6c1c30657535bc1eb3b263aba8b449fa51cbece63e9807542ec34ba01b84
images/accepted/truffle_cookies_cream/IMG_1992_c014.jpg,17722,b9627ba5218152b3bcf9ef5c4314a38c3f19896cedd7a335f44982988405c164
images/accepted/truffle_cookies_cream/IMG_1992_c015.jpg,18926,ea4ada64d96e3c48824518eede2ca94da43ba55fb89d84520ba7cc27f4960c47
images/accepted/truffle_cookies_cream/IMG_1992_c016.jpg,19355,95a01125a50664b128d77a25ebf5381f95ed5b6550acdd5344293a1b2c2301f5
images/accepted/truffle_cookies_cream/IMG_1992_c017.jpg,16115,d8bbf3dfa2b922512bb5975cac355b3293160f7d424734b96106fcff35008070
images/accepted/truffle_cookies_cream/IMG_1992_c018.jpg,16559,d0cb7092cfc75905be8a50f2d8089b1e7853be2040ae3b1a73a9fa4ee7ab262e
images/accepted/truffle_cookies_cream/IMG_1992_c019.jpg,17896,699858ff57818f2ad2a7c9a0569ebe8aecab917ae5ae076fb2a0a3ed2379dc07
images/accepted/truffle_cookies_cream/IMG_1992_c020.jpg,17865,5f0ab5597bab2e9a7d779497e0ffcc0a3a601d4b1827db776450860c29dfced7
images/accepted/truffle_cookies_cream/IMG_1992_c021.jpg,17799,e3a0053e9bc51586591f47209c7bfc73cbe6c8020bfc4b3c7a1462d5f44d3826
images/accepted/truffle_cookies_cream/IMG_1992_c022.jpg,18450,abbbf8595845dbb8090d483272ca9dbfe9cf4a6149a9466b050d4a74e0ea38e9
images/accepted/truffle_cookies_cream/IMG_1992_c023.jpg,17069,975896276ce9bb29652f3b1a4c6b0de38c4c2107330f00c699c095298218c44d
images/accepted/truffle_cookies_cream/IMG_1992_c024.jpg,17485,c2c9504cb57eca072cb1d0898182397f8a19f43459036cadc10507e82d02cda6
images/accepted/truffle_cookies_cream/IMG_1992_c025.jpg,16532,ee2c8208f19b1ca98b9ea7cc5c980537ff4b1290d1aa614c7017a9ad533dfa64
images/accepted/truffle_cookies_cream/IMG_1992_c026.jpg,18910,1b6b871c9ffde79333a16d743fb0f0624ed5127f83547f5f7071107d6bc9f84a
images/accepted/truffle_cookies_cream/IMG_1992_c027.jpg,19737,3ecb47340ec644a82598b9c870d1d60eaf5053c3c9c994bdfbf23641d10f2f8e
images/accepted/truffle_cookies_cream/IMG_1992_c028.jpg,18906,0625f33c6a282bad707fab6028e98302073730206ce77b710701f279d5bf7aa0
images/accepted/truffle_creamsicle/IMG_1989_c002.jpg,11873,fdb3c365d92c2f54f808de0fa951c7691737f3fdc834036966c0d8b7a83e2d8b
images/accepted/truffle_creamsicle/IMG_1989_c003.jpg,14828,c996e06819ef0a8bca3b337a9ebf5b95d16e5f1ad3ca1ae38675f310533af69a
images/accepted/truffle_creamsicle/IMG_1989_c004.jpg,15685,2d77e42794d2b62e0181f2e05958ff9ec3b0c421c8516d70d90bf8f66390e58a
images/accepted/truffle_creamsicle/IMG_1989_c005.jpg,14874,a09385edb76909f29ad54dfdbc098c051c29af8570924ce3a9ac15b42b184f5f
images/accepted/truffle_creamsicle/IMG_1989_c006.jpg,15763,e40b4eb2bfb25c1f623830b2a4e3c61a0ee22540ebff356d37a7cfe88b752236
images/accepted/truffle_creamsicle/IMG_1989_c007.jpg,16723,9aa1fd023e77a41c758dcaeeee1e62ea647dbb621c81eaa0893f1f223c63d128
images/accepted/truffle_creamsicle/IMG_1989_c008.jpg,16441,b92814f53cea49ac124552f98f1c4d0656f5671be7d33a472a716fcd5f97165f
images/accepted/truffle_creamsicle/IMG_1989_c009.jpg,13867,9f44a3c3f94634207a099cea0a7ed196c37c136d946da40ac953e251af31409b
images/accepted/truffle_creamsicle/IMG_1989_c010.jpg,13833,8530cfefb463d56e97dc3ab9c582501f1d48d82f4ee2350e5eb710ac88a72668
images/accepted/truffle_creamsicle/IMG_1989_c011.jpg,15958,f2a7cc3905904670ec383c66dcdce698eab2f1fc29701e4b2c7444d0a343fa5f
images/accepted/truffle_creamsicle/IMG_1989_c012.jpg,16742,9e6da078be143a2ece21bfe86c907454cc182df789a2c5219e0af902b65af4c1
images/accepted/truffle_creamsicle/IMG_1989_c013.jpg,12780,97880fe1dafa000d81411db43056bbfd2e3a01fd8f51b04e1a1e8ee5babc3c7a
images/accepted/truffle_creamsicle/IMG_1989_c014.jpg,13744,2b2481346eabcc149361742a9d3c47173c54b1c1591df6f1aa187d96ddb828c4
images/accepted/truffle_creamsicle/IMG_1989_c015.jpg,14526,b6cef3e353b1967afa46a507c78b173f8cb7d1b178a53681770eb13128b11ed1
images/accepted/truffle_creamsicle/IMG_1989_c016.jpg,15229,40e3e4b9b49eabfe0ecb47631095dfd5999f11f8b07f72b2afb154261f7b3699
images/accepted/truffle_creamsicle/IMG_1989_c017.jpg,13452,f4f9c8f3d334583e4a6aa68c4c962eca71b395ee5a4ee419b384a054678a784b
images/accepted/truffle_creamsicle/IMG_1989_c018.jpg,14171,276604ace5d34cf8b86c66e14d2a6870406f83745f8655caf48c06e4c90edf2d
images/accepted/truffle_creamsicle/IMG_1989_c019.jpg,14591,763b0bdc78e4f2bbb60dd1c20fa3a26f2d87219a45517dec426dea8304f08569
images/accepted/truffle_creamsicle/IMG_1989_c020.jpg,15456,7fa32766c00fa7571d3cfe2878eb92d8c3f7d6437879c42506805b8c3579cb33
images/accepted/truffle_creamsicle/IMG_1989_c021.jpg,13943,710c64c5d1a76e78e7e1d4ab1fbf5efac5934f1b02a4f5c94790349b5bd8efc3
images/accepted/truffle_creamsicle/IMG_1989_c022.jpg,13968,b766c6f6847738b5dd22826a239b77c590acc4548e4ee67bc7fd93632266a922
images/accepted/truffle_creamsicle/IMG_1989_c023.jpg,14184,f59bff128726340987aea7afeef43ed4de09be1ef29ee2ece67f1245bb3765cf
images/accepted/truffle_creamsicle/IMG_1989_c024.jpg,14689,d4435d024e79f40259cbbd2a56c31d077edd00965c352bfb5f39796256cf887a
images/accepted/truffle_creamsicle/IMG_1989_c025.jpg,14129,fdf4ebfe97e1a89c83c64266bab0393ece28a1a0f4516b614d1e58812fd23f1e
images/accepted/truffle_creamsicle/IMG_1989_c026.jpg,13949,e166798eb882def90ddd4d09804dde5b597f262b3a75fcfdd07f40515bdea09e
images/accepted/truffle_creamsicle/IMG_1989_c027.jpg,14953,8c77ca2acb825d5c1efd86907c01e313b8e6875ea8e6b667876f2283d3f6b8cf
images/accepted/truffle_creamsicle/IMG_1989_c028.jpg,14960,c471e699284c20b3fb1d4063cda107b0634e90ae8f2c34a65ab93a6a4a95dd3f
images/accepted/truffle_creamsicle/IMG_1996_c001.jpg,15574,d8c1a913c4baf90580099604666eda5f8c9c69a4a18b1484e62b55bd827a6c6d
images/accepted/truffle_creamsicle/IMG_1996_c002.jpg,14786,8c58dcec371d03c3af240cb9a79378603e61fbf331ac9ce028da54abae68e7af
images/accepted/truffle_creamsicle/IMG_1996_c003.jpg,13475,ec4c75f8efa1e1d36836eeab448f656803d27641bfd41ef3112940597b6b6944
images/accepted/truffle_creamsicle/IMG_1996_c004.jpg,12796,7079241a820f5abf07715ea53c480d84aac78733936fec853de7354d6c331183
images/accepted/truffle_creamsicle/IMG_1996_c005.jpg,14797,479786583da4a1815768b8ce7ac4da5156412f55313a075482bcbb9570de986f
images/accepted/truffle_creamsicle/IMG_1996_c006.jpg,13854,0ce241b0b5bcd6c86191918c9fd7e8a3e084316ed1deb1388f12fbb84d54172f
images/accepted/truffle_creamsicle/IMG_1996_c007.jpg,13529,99e4190ade602b5645065767e10d70aeecf9a40eedbb58a7ccf0eec82427c1a8
images/accepted/truffle_creamsicle/IMG_1996_c008.jpg,12426,8fef8cd2f321dac87fc1513ebe08e6e4f4e89f5b316403ddc4c02fbf306188c2
images/accepted/truffle_creamsicle/IMG_1996_c009.jpg,15542,e83de7d68758845e7c85607f7714492d1fa7657d2cf8ae6f9a54d4a5623b2f2f
images/accepted/truffle_creamsicle/IMG_1996_c010.jpg,13802,452b16ee88591568d01a82b3aa172a234cc04c2780b9225294d744046dd902d9
images/accepted/truffle_creamsicle/IMG_1996_c011.jpg,13817,82c6e2460bc10eca7392567fa9ed8b25f8965998110c34c38af5d799dfac41f6
images/accepted/truffle_creamsicle/IMG_1996_c012.jpg,12917,0c673d64723a2a0d270e0aaebb3cb07c30ba8fcd9841e71f01d254c32e871452
images/accepted/truffle_creamsicle/IMG_1996_c013.jpg,16571,bd7a5c436b2c76c74e479bd0843f151f40b9bfa9bf26ccabd6e674fe8940b457
images/accepted/truffle_creamsicle/IMG_1996_c014.jpg,14678,e8f49761009fa96e8606beeda4924fe1970c137a194292cd2aab9a53a16b61ba
images/accepted/truffle_creamsicle/IMG_1996_c015.jpg,14355,29769eefd42bd101813d47a10973f140dea0f4727596ef4966463358f7ccaaf2
images/accepted/truffle_creamsicle/IMG_1996_c016.jpg,13662,f82bd6b7758ae1f7fdf2eb9452cebb48634969fe123605a3992b1e3949f4c368
images/accepted/truffle_creamsicle/IMG_1996_c017.jpg,17476,9efa860f718de3d4fecffd19ed2de58c99f39ab3e246619f7181f7d2f525e3fb
images/accepted/truffle_creamsicle/IMG_1996_c018.jpg,16575,779c72eb6a0b971b728248713b8151d14daf5bfbc51559f5adeac65c76277970
images/accepted/truffle_creamsicle/IMG_1996_c019.jpg,14914,2f8c9763cb18d410bb32fb922d89650f4d795a7b83b87959afda23cc685e79a5
images/accepted/truffle_creamsicle/IMG_1996_c020.jpg,14396,2ae10269c8520b470aeea6502da0a1ed128bccd90407f64b2873457b4adf0dfc
images/accepted/truffle_creamsicle/IMG_1996_c021.jpg,16249,836be0954e1d5d67af24e0119d62f5d1f2b5fb93b75c1f2db8d6040a0f7b5b81
images/accepted/truffle_creamsicle/IMG_1996_c022.jpg,16735,7c61cd074bcf0832590912b4ee064e2cdc8899299c4f1698872da551230f09c2
images/accepted/truffle_creamsicle/IMG_1996_c023.jpg,16198,eaeb2aa474d7cc65143c70a172354afbea6ea8ae5ef3d7a7e222c36bdc3aa932
images/accepted/truffle_creamsicle/IMG_1996_c024.jpg,15383,0cb6b50daaf977068e84d04e63875a0cbd51d015495074dfda6e043069b68544
images/accepted/truffle_creamsicle/IMG_1996_c025.jpg,15940,402867dddba2b6baf9236bd65c5e1ccbeb2e3e404b99d8e484d6565ee5a2bc71
images/accepted/truffle_creamsicle/IMG_1996_c026.jpg,14921,5b5dd7f9479391148e46ff7f11701984c3c8c40e6a29b025600e7348784be5ce
images/accepted/truffle_creamsicle/IMG_1996_c027.jpg,12053,3b9c386f3973058a88ebe3f4f23783940d7db1ec4f107810d82b5846d5f943c6
images/accepted/truffle_creamsicle/IMG_1996_c028.jpg,11846,0858d19e3c690c0577320168074652652b66b0b3a5a10442024c0a57052a0bfb
images/accepted/truffle_creme_brulee/IMG_1973_c001.jpg,23687,01d290e9e0161b521956817dbf1d15f1d0ec6c722202d2228627ff7bc4f0b0d1
images/accepted/truffle_creme_brulee/IMG_1973_c002.jpg,22788,69013aeb1b01508b8d7e39a6998ebab19f60c55ab66ee77b49ca8909d784bf97
images/accepted/truffle_creme_brulee/IMG_1973_c003.jpg,22773,cecc173d9991c2e7fbbac272a8ccb480e48e21814218d4683182512fce9c3277
images/accepted/truffle_creme_brulee/IMG_1973_c004.jpg,26672,e799dd8b96c7f7f1ccfc8cc6cb39b2e3cd5c932338549ed1063d076b3de7e179
images/accepted/truffle_creme_brulee/IMG_1973_c005.jpg,24242,f3070eff1d8ed21014b69abdb0ea53bec723716e326cb4406fb2e6f1216d1ac7
images/accepted/truffle_creme_brulee/IMG_1973_c006.jpg,25543,69a489c3442dd28a00aa8f7bf0c99b02e5c20ed66722486c4ebeebff073b6bd0
images/accepted/truffle_creme_brulee/IMG_1973_c007.jpg,25973,89fe94f1d562cf1d052295196d492e3a5a0dbbbdb3d62f8e4f4c596c7afe7539
images/accepted/truffle_creme_brulee/IMG_1973_c008.jpg,27298,6a72e3d650d6b828bbc157dda286912b7b7a0cde4e57039ce6fd26cd60f5af79
images/accepted/truffle_creme_brulee/IMG_1973_c009.jpg,24824,8d3ebeddb9d1a636176f5a3df7257daa1e9b464764c50427923799ac2fd0ca85
images/accepted/truffle_creme_brulee/IMG_1973_c010.jpg,26306,800dbbc873a72c0b666c21e92e0194953107762966665e6c028db88400bcbcf8
images/accepted/truffle_creme_brulee/IMG_1973_c011.jpg,27680,66b1d1f3d1b4efddb604faae756202b1e4dcbb12401f677b1278caa5591abdfb
images/accepted/truffle_creme_brulee/IMG_1973_c012.jpg,25730,16f87d12f42fdd45a59dd3a15ab88e2a926d338f2fd65a77dcebe584d2f1e72e
images/accepted/truffle_creme_brulee/IMG_1973_c013.jpg,22318,88bacd1a4987f7db311dcea157305fc196b5713d083440510316b093f13ebcd0
images/accepted/truffle_creme_brulee/IMG_1973_c014.jpg,26366,b9a31ca7cce4098b3b82b861dbc21f1ec5cefd61eccc694ae34f71bbba4eed6a
images/accepted/truffle_creme_brulee/IMG_1973_c015.jpg,26448,560dd7e58e147aa3cf6e1d600fc4347e7cb27d8fa1d177298f903645292df8ed
images/accepted/truffle_creme_brulee/IMG_1973_c016.jpg,25329,86c2b7cf4467070d041f6060e5977ba27fee7798e36d5ad3c0eac7bcb5a1799d
images/accepted/truffle_creme_brulee/IMG_1973_c017.jpg,21495,f8315f79b4b7c582cfb100e65f0291d2355d002198ce9c02eaa670a6b3ee8fd5
images/accepted/truffle_creme_brulee/IMG_1973_c018.jpg,24897,8ba236de3275bc2d16826cdb64014d6e89ca5caa75418f6b2ebc04e5fe88b0c4
images/accepted/truffle_creme_brulee/IMG_1973_c019.jpg,25313,b4c555d6e92a65c2ba387b4af68cc0fd8ebd4b5e539226216b1cb5e3613f5214
images/accepted/truffle_creme_brulee/IMG_1973_c020.jpg,23371,e5b7e78ce9a7e7aa1a0b9451e0160c02ff40d017b5975dfb0783123a02549088
images/accepted/truffle_creme_brulee/IMG_1973_c021.jpg,19983,80f7f9c891ddb5dfd81bd348c32f297b1c6c01bec36b39cfe77bbd45821e39c3
images/accepted/truffle_creme_brulee/IMG_1973_c022.jpg,22989,c50b228224898053740939f2e07945341d2ef6e6341cf66d6f1621e5a6038b04
images/accepted/truffle_creme_brulee/IMG_1973_c023.jpg,24410,275281a2c38818671626421ff3af220c33ff99c6be2d9901ca58cb4552dd15bc
images/accepted/truffle_creme_brulee/IMG_1973_c024.jpg,21431,e1a9364eae6084aea2f83664919ce0cf5aec3285a436f98d0a65caa729d9d768
images/accepted/truffle_creme_brulee/IMG_1973_c025.jpg,20760,d7f22335ab50c7b3b7e39dfa50001a3d2312b8f307d9f0796260d2f12073ee49
images/accepted/truffle_creme_brulee/IMG_1973_c026.jpg,23047,51e2376b5a963ae41b8ad03c033683ffad6758a9e0870725c22565330429c200
images/accepted/truffle_creme_brulee/IMG_1973_c027.jpg,23054,fe854d078ae6b92a9b7920054256d61f2c3bbaf04faa813ce09b645a351a6c06
images/accepted/truffle_creme_brulee/IMG_1973_c028.jpg,17183,88405f7bd0d095ca7e773c5fcf01830b6898cd710beee72ddd21081e4947926f
images/accepted/truffle_dulce_de_leche/IMG_1961_c001.jpg,14661,0bde30285e65b807c746f629e39eab84d92c95c319cabab02aaf86393dfebdbf
images/accepted/truffle_dulce_de_leche/IMG_1961_c002.jpg,14919,90a350db2c5fc546e7e8df3bb1d12428fed8b78740a9ce4a0ca65afad38be321
images/accepted/truffle_dulce_de_leche/IMG_1961_c003.jpg,14541,31f233b156de50e7515f0eecc145151143db90f50aba8f8b3811744a63c63441
images/accepted/truffle_dulce_de_leche/IMG_1961_c004.jpg,16050,b8a1929833518d656f1ef8721a3297d6af636816f522ce9d41e552cc2559ceb1
images/accepted/truffle_dulce_de_leche/IMG_1961_c005.jpg,15652,ad931322af2325dfe8934e6c7c5a0f48685f9d84b7546afca5b11abefc9ab332
images/accepted/truffle_dulce_de_leche/IMG_1961_c006.jpg,16082,631b008c17c14ed43972dd6d30e767e0a4ea47c34ae02f9f0e7b7c3879dd71b1
images/accepted/truffle_dulce_de_leche/IMG_1961_c007.jpg,16891,1cf9014f3db5d9b7d052d0a3d37fb22e2b901cf0e570c85a0e095b0bc7f0defd
images/accepted/truffle_dulce_de_leche/IMG_1961_c008.jpg,17787,acf8db719a69a36908239f74e95f46d2887e09d7531e32091e32841b8a38222b
images/accepted/truffle_dulce_de_leche/IMG_1961_c009.jpg,16271,457a45d3fa85f1c93b550f5c73ebf936640229e80ef5b052a6803d074de1780c
images/accepted/truffle_dulce_de_leche/IMG_1961_c010.jpg,16743,13caadb0eb3e32007e9736a576a77ae50c5855443ac02dc6a84ca7f47684d654
images/accepted/truffle_dulce_de_leche/IMG_1961_c011.jpg,17124,b687a92a1ab0864baec54555dcbd97f196ecba99b7bd32c1d45699bb1fde0278
images/accepted/truffle_dulce_de_leche/IMG_1961_c012.jpg,17770,37d37b5f7f4b87cbb98838c6e2b75542c408ea8a646b344c60d8d15b13c3b385
images/accepted/truffle_dulce_de_leche/IMG_1961_c013.jpg,17513,bfcfd61064d86e9d14d852bd9b0fdd6509929c965142d68d6b37c6828990ad5b
images/accepted/truffle_dulce_de_leche/IMG_1961_c014.jpg,15519,6ca0d1b172fa962e50c5e462d2db65932995833e77101bbd7b4503eb76a22dd8
images/accepted/truffle_dulce_de_leche/IMG_1961_c015.jpg,17087,e82a1a4a6f26fad166a848fa03008fa7561839a900e8725e3bb42e0a2dde78c7
images/accepted/truffle_dulce_de_leche/IMG_1961_c016.jpg,17233,202026617c19585cf1af1ee2eaf179798b8ef921edff96bdec6cce5a8f45bb67
images/accepted/truffle_dulce_de_leche/IMG_1961_c017.jpg,16885,56678405fad9e64ce1585c86aad532600ad6fbd4ef697e0fe776252130b2e93b
images/accepted/truffle_dulce_de_leche/IMG_1961_c018.jpg,14526,4ff4f90e12ed7a9be96fa609cafba842451c1d79b1dfdcc17078ae5e25e9a993
images/accepted/truffle_dulce_de_leche/IMG_1961_c019.jpg,16137,20ecb1f4ee87e9a233a78d3a40c69d7ffcd1ecf983e79a28748d2d3123b1ca52
images/accepted/truffle_dulce_de_leche/IMG_1961_c020.jpg,16250,d722b622eaeee59746dbf32b58fdb8f50c5e2c4476791b69f4512456f0222a95
images/accepted/truffle_dulce_de_leche/IMG_1961_c021.jpg,16012,33a7c9519a5fd73e6e7995c79fb6024df256eb0c4fc5e9d860bf2b42a5fb5a00
images/accepted/truffle_dulce_de_leche/IMG_1961_c022.jpg,14227,da51824813b5f3bb6e7447559f638a74bf1ef1808f70c500eb0b3ce41d224270
images/accepted/truffle_dulce_de_leche/IMG_1961_c023.jpg,15723,8adf982b04a004a11f4a023f61e8f124566c1fec5339cace53c6307d50901e2b
images/accepted/truffle_dulce_de_leche/IMG_1961_c024.jpg,17096,b981c71c9089cc45dc6025054809d216bcbf6d6666363a16607e80d3a77bb7a1
images/accepted/truffle_dulce_de_leche/IMG_1961_c025.jpg,14272,a8d6ec48aec70d772716e368cf2116df2e09a9c0189ca59d202f625e534ad537
images/accepted/truffle_dulce_de_leche/IMG_1961_c026.jpg,14461,e2e93ae12f0e52425c8d8d40e4a5b09414927dbb0726eb8ea11c20e361c4a9c0
images/accepted/truffle_dulce_de_leche/IMG_1961_c027.jpg,15260,2c067c1f480d507f98f2e75658370cb106a2aae39521061f60d763c3b70cc1dc
images/accepted/truffle_dulce_de_leche/IMG_1961_c028.jpg,15935,ba94ac1e89705afff849cc7d8bd9817132b8bf017573546d5d3e7c6f70023cb3
images/accepted/truffle_dulce_de_leche/IMG_1961_c029.jpg,14784,2ca1957e4bac399d8e704bb14514cf8561c3533adb30883e4831d24ab24c7fb4
images/accepted/truffle_espresso_martini/IMG_1972_c001.jpg,13165,c4d84a4e7942c5b2916d01e45159b78b42e61f91c3b1d6480840c1278aa2f401
images/accepted/truffle_espresso_martini/IMG_1972_c002.jpg,14535,7ce893a9a9ebc8f67c1a5dae6e9f1e44c732dc03c6486d3bdd4e05563bd89f41
images/accepted/truffle_espresso_martini/IMG_1972_c003.jpg,16196,7280c8b226e683536f6809074882d54a39c0a9b568845811239d4af55377e288
images/accepted/truffle_espresso_martini/IMG_1972_c004.jpg,16699,dc0c1bd5fe8dad2ac3700c8b36abbedd3b5d8db9a443231507167ce699af9bc5
images/accepted/truffle_espresso_martini/IMG_1972_c005.jpg,19449,6b16fa31283b9086d15ad62f50b6ca19990ad922456fbe494bc3152def9a1abf
images/accepted/truffle_espresso_martini/IMG_1972_c006.jpg,19201,186a575f99e3c103df27c6e94f0a34a9c7071ec51f1a6e07d84cb97b4ce557b7
images/accepted/truffle_espresso_martini/IMG_1972_c007.jpg,18646,9f9fdd4091d14f16b4a1fc15cf38acb90f45de0762d31114edca9b3466baadf1
images/accepted/truffle_espresso_martini/IMG_1972_c008.jpg,18957,15e0bcfd9874cfecae3e4827f75e3dd83da04d21b3b2b5e1b01948290a74a3b7
images/accepted/truffle_espresso_martini/IMG_1972_c009.jpg,19272,9356ea7fc9c7116ada40d7fc39a59edb8089c6db3eb602c3007b97caf965f894
images/accepted/truffle_espresso_martini/IMG_1972_c010.jpg,20465,25daf9bfd18a3e159a1bfc8d4345c3a26463f926338bf9c117ff463da144f2ac
images/accepted/truffle_espresso_martini/IMG_1972_c011.jpg,22633,977a0aa853a5a2c6950476ccc539da81fd16c36d7fee37802da3953c1fc2ff34
images/accepted/truffle_espresso_martini/IMG_1972_c012.jpg,21558,d2bbb9317e01a6dd13c2400e0fbadc0188ca3dc45cc899a1bf5949cb2aec592d
images/accepted/truffle_espresso_martini/IMG_1972_c013.jpg,18598,2384e1339167ade1e0ea4f8a2b3140be1052d70d6771aefeb0d06ddade62d390
images/accepted/truffle_espresso_martini/IMG_1972_c014.jpg,22248,800dab9a147558f05ed79f862c9ea51c7f7b39e9f2444dbbddb7b0c1969ee941
images/accepted/truffle_espresso_martini/IMG_1972_c015.jpg,23005,402369dccd5c0aa43a42268d5ecf7473afe1b72160a0d67678d4c6f599fcb98c
images/accepted/truffle_espresso_martini/IMG_1972_c016.jpg,20632,5febdd022c28205d38ec52e02d3f0ea03bdc84adecb59e82440568c2dc99071f
images/accepted/truffle_espresso_martini/IMG_1972_c018.jpg,20453,a377819f04fef53e87c200461c91af7af9798b69e84709f834261a2427d75063
images/accepted/truffle_espresso_martini/IMG_1972_c019.jpg,20079,1f630ff1ec1ead83a6da390e8e63021b1c5a4921b75b3d8ae7bbaa5b853a1d7d
images/accepted/truffle_espresso_martini/IMG_1972_c020.jpg,20657,ae25d5ee0a2d0dbf49425f545d0f811b63a7d2391495b100411490c564ebda36
images/accepted/truffle_espresso_martini/IMG_1972_c022.jpg,19593,608e21143fb4f453b9fae611af2bd34f958906728ebe0e24e5798b83756a7225
images/accepted/truffle_espresso_martini/IMG_1972_c023.jpg,13622,0ba1991d909afff281a5bcb5916427e30841defe7daea788d7eee604f765ffcb
images/accepted/truffle_espresso_martini/IMG_1972_c024.jpg,12362,5417b4f8de38dab927d14c75f2e0fd07bbe68296ac57d1a56dc38a9a98a5658d
images/accepted/truffle_grey_salt_caramel/IMG_1975_c001.jpg,20279,6a01e48c66cf62ee6bf3ad69d12a93590502f2663c0c4bcfec06dbbe687f2972
images/accepted/truffle_grey_salt_caramel/IMG_1975_c002.jpg,18921,536f0660fce649ee3548ca2de49397f66cd7bf521dbd98703cdca1cab6ae95f9
images/accepted/truffle_grey_salt_caramel/IMG_1975_c003.jpg,17129,405b6f6fa73336032f9cc80de7d0012412ad67a424331f17483bdb752df82745
images/accepted/truffle_grey_salt_caramel/IMG_1975_c004.jpg,18722,5272789f0f647f93649be3713f2c2f58aa8b0763fd13bd5c852eb38ea5a2bdd2
images/accepted/truffle_grey_salt_caramel/IMG_1975_c005.jpg,15484,5f5b3266848313673d328996c629f2d020a9b972b1c811f4326be168c1e7b8fe
images/accepted/truffle_grey_salt_caramel/IMG_1975_c006.jpg,14789,78fb27756d33d1cd9e54d5f5f1127fa28c1036cf32d5271905718bbdf66f8675
images/accepted/truffle_grey_salt_caramel/IMG_1975_c007.jpg,14034,89f03ea66a800eb0553c014270820c57880cdaef5e7bf953fb802da05c64cd4b
images/accepted/truffle_grey_salt_caramel/IMG_1975_c008.jpg,12944,5d1afebd44b3503c2930cc91dc79b2f997836daa898fe82c84639b9f6543ff15
images/accepted/truffle_grey_salt_caramel/IMG_1975_c009.jpg,17055,b39f99fed8d5d6c5bb14e1d50025c4f96ac3377f4bc546660dfea2c41705e23a
images/accepted/truffle_grey_salt_caramel/IMG_1975_c010.jpg,14916,ec45671973eb7815bb7af6400a4c86afd30992e1afca265ebbb7c2a4ea06cafc
images/accepted/truffle_grey_salt_caramel/IMG_1975_c011.jpg,13476,0e4a16874e42bd0280a45466c4efe36a9ee1f9c195b40d27e17fc2ca93d465ed
images/accepted/truffle_grey_salt_caramel/IMG_1975_c012.jpg,15394,cfba7c79352a9fc61880e09789f268a28851ad8937efecff7db71ce0974fbeac
images/accepted/truffle_grey_salt_caramel/IMG_1975_c013.jpg,13415,03bab19a58eb846651db1e2fab531b602c7e551b4ce61187100bea9cb7c283e6
images/accepted/truffle_grey_salt_caramel/IMG_1975_c014.jpg,12732,32d5d05096c6cd6cc6d81a7d5c76ee62c3a0c0e3c480435e83df90d505de8316
images/accepted/truffle_grey_salt_caramel/IMG_1975_c015.jpg,13752,c4378c0984763b583c3248e8f39c8b925d605a72ab04f01b515c4d49da5a086d
images/accepted/truffle_grey_salt_caramel/IMG_1975_c016.jpg,13265,11607b897cd7163ad1e4485147a662c3413490c4d34833466bf94a7295dc67df
images/accepted/truffle_key_lime_pie/IMG_1995_c001.jpg,14883,73b9d287a6bae1d282cab90a5ff5436e48f7844789b5c1005a016347c541c883
images/accepted/truffle_key_lime_pie/IMG_1995_c002.jpg,15517,aac684e4c5d064083bf46626f21933ca3da5c2e1fcb453621595926d93bfa623
images/accepted/truffle_key_lime_pie/IMG_1995_c003.jpg,17089,15c44304162a58b48caa6384a862b5a01853a53cc31b5ef7576bf469fd1f09d3
images/accepted/truffle_key_lime_pie/IMG_1995_c004.jpg,15892,465c0a6d2e024786fc4377a58e7fe8f2fe346d5c50f09c8dc24121fec7ff02b5
images/accepted/truffle_key_lime_pie/IMG_1995_c005.jpg,19065,b053ea9e9877e1d1e36b2c6fc67891c4a76bc5eb3c7d5dcbcb646ea486fa9589
images/accepted/truffle_key_lime_pie/IMG_1995_c006.jpg,20078,704a2eb138eedebdf1653767ecd02537e5b967d744697d91cfaaf59b6584dcf1
images/accepted/truffle_key_lime_pie/IMG_1995_c007.jpg,20083,1c66ad0b18b72485bb0fb9455116a6c9f9383b4e4a92d0b4ec0ce8fa1eefe380
images/accepted/truffle_key_lime_pie/IMG_1995_c008.jpg,19103,d2ec9fbd23547ae2d408046b734aafe330c8a60290fca334cfec3dae3e8e6176
images/accepted/truffle_key_lime_pie/IMG_1995_c009.jpg,21055,700e7e0feb5ea24f1e79d168d4495e47f283b8d80aceb018ab622182a57c1133
images/accepted/truffle_key_lime_pie/IMG_1995_c010.jpg,22198,c67b7fa81fe92c51eb03c2c3ca710fb46476d91208df1a975f8a5264a2362f4f
images/accepted/truffle_key_lime_pie/IMG_1995_c011.jpg,22883,46bc4b6c0180e84cc16d1f7f0725277b4dc3183b04050027eafc8223471b37c3
images/accepted/truffle_key_lime_pie/IMG_1995_c012.jpg,19755,099d738b3f70ccb6d529ce0e4edbed8feea705068474038dc268b77f9734069b
images/accepted/truffle_key_lime_pie/IMG_1995_c013.jpg,19459,e938e2a968412d98baad402b00dd3bc0479628afd136a1492db5326cbd0be5c3
images/accepted/truffle_key_lime_pie/IMG_1995_c014.jpg,22063,fc0d5ddfbeb4907c43ccdf209755c4e4fcf64381d9d481e5227d3944b5cbe8aa
images/accepted/truffle_key_lime_pie/IMG_1995_c015.jpg,21797,8d131fa1d516bece9657533250f4fb38bd8764d10d3b549fcaae1cf2ec3c1e1f
images/accepted/truffle_key_lime_pie/IMG_1995_c016.jpg,15482,0fcb65dccefe047f081cae4a837882ed1a31b7c7f7489436316355732b09a92a
images/accepted/truffle_key_lime_pie/IMG_1995_c017.jpg,14897,f161e189d5cefc6d875a3269c0d5aad0af1f2b2d1a2133115dfc39716b6ed3a5
images/accepted/truffle_key_lime_pie/IMG_1995_c018.jpg,17850,4092b1eff7ae38fc175a1c10414e9c5308ea9694bf9b23ae33059c90667202d9
images/accepted/truffle_key_lime_pie/IMG_1995_c019.jpg,17468,8a0ac352d86c10eb93b2d65fabade32c8c14100f4afd7deb348f4b23d3b90765
images/accepted/truffle_key_lime_pie/IMG_1995_c020.jpg,12658,9cdfb6ca2c1835da958048580dd75ad451d8abf5cf921fd2cd7f81213849cd19
images/accepted/truffle_key_lime_pie/IMG_1995_c021.jpg,14308,841851d69066a3845f26970bc75029f75ca0b36a2a66e1181bef55a34e19de5e
images/accepted/truffle_key_lime_pie/IMG_1995_c022.jpg,17357,98ac8797d1d15912f6ffaad7297d2e39f3e215733d129b053ef912126d842697
images/accepted/truffle_key_lime_pie/IMG_1995_c023.jpg,15905,629d73acb9d923fa23e9ab9591d22b607a317a4e987db9524648ffdb1974c51c
images/accepted/truffle_key_lime_pie/IMG_1995_c024.jpg,12409,f4bc77c5c05634c2dd61076108d319e894b6ddfc7009036da2c0dfea133076d6
images/accepted/truffle_key_lime_pie/IMG_1995_c025.jpg,11706,86736fa8644a6b81d084f1714523856610d7423c95b2c1d4d1bfc5ec99837bd4
images/accepted/truffle_key_lime_pie/IMG_1995_c026.jpg,13573,b9054411050443a9360b7641ac383637cf87ba7a79c5058d9e1b253c226ea434
images/accepted/truffle_key_lime_pie/IMG_1995_c027.jpg,10997,bc7d09e7bcee8da08474df4202f9379d6633d59894c154cd8ab569eb1efa5735
images/accepted/truffle_lemon/IMG_1991_c001.jpg,13730,e0d1892f6971b0b4295556a9128ab2a32213c0cf77f51f6458e593a79c3af3fe
images/accepted/truffle_lemon/IMG_1991_c002.jpg,13946,aaa36bae0f57dfb6bb77e75296eb185d1b2caad847d370403c80def00a32ac0e
images/accepted/truffle_lemon/IMG_1991_c003.jpg,12410,d386b56aaa0f2726b68fe51cc3fcacfcf872d2993278e2739b9d064077fa0eef
images/accepted/truffle_lemon/IMG_1991_c004.jpg,11884,3266ca93e2db130a633924aa59d6e30269445eafff2bca2942faa3094fabf2ea
images/accepted/truffle_lemon/IMG_1991_c005.jpg,15665,180eb51422666804cec3af0e73559b78902b58e76b0ac76755f6e788193c6a7e
images/accepted/truffle_lemon/IMG_1991_c006.jpg,17182,5168c3885915d28a53a09f16b3771ff829e61a5ffe8c4238a042d5d46ca581e5
images/accepted/truffle_lemon/IMG_1991_c007.jpg,15352,450b819a34a28d302a724454e77d2fddc2e97ab99bb59e41cf2b857ab2865d8d
images/accepted/truffle_lemon/IMG_1991_c008.jpg,15098,8896348d1dfcdafd0ca5a45432d5e9eea851ec8f690ea0b11a9a3440d1db72d8
images/accepted/truffle_lemon/IMG_1991_c009.jpg,15070,103f6e7f21790ad901856e73167f23fc6f098eaa64c54ccb4098ef335c882c51
images/accepted/truffle_lemon/IMG_1991_c010.jpg,15585,8e861d983ad8739eeb62518fe4e20d0246e437e03a96332f992d88e93d9ada22
images/accepted/truffle_lemon/IMG_1991_c011.jpg,16188,a06640dcf99403b4c3f6b5c41f63f646a4d13faf3384ee564e2e55fd9607396c
images/accepted/truffle_lemon/IMG_1991_c012.jpg,15119,41f7684cc97dc503af246ceecaeae1e576ee0da887b630a6b784a695b8e72f72
images/accepted/truffle_lemon/IMG_1991_c013.jpg,13634,4d10537e3e69e4dc8d0599d50f160121d8911e32b4138938f9c26daae194a634
images/accepted/truffle_lemon/IMG_1991_c014.jpg,15414,fc90ebe41f1584ca71b433c3331ba3d3857882ab2a96d98731352d41d57f6db9
images/accepted/truffle_lemon/IMG_1991_c015.jpg,14560,a10a923a4f9d0752ba24e5da3b7ecee79e5f2542ab74a80e7d1d7be4b63450cc
images/accepted/truffle_lemon/IMG_1991_c016.jpg,13865,7e062e57ff95cf730c38970ed0c3ed218ca5e63270629eb381f3934eba64bd5b
images/accepted/truffle_lemon/IMG_1991_c017.jpg,10304,eda1661597b0aa8990d7f6b0f931a5553ba9ed8477e8cea096c2615d580300bb
images/accepted/truffle_lemon/IMG_1991_c018.jpg,11160,580cb66441a592b28cd8ad0b3233013c89c080e4724aa8a7a79f69d8b6a8dff8
images/accepted/truffle_lemon/IMG_1991_c019.jpg,13431,8b45408c0fba6f39f07555d968646e839e675061f8f270b5119a9ad6b284f597
images/accepted/truffle_lemon/IMG_1991_c020.jpg,12035,90f2d288b6292a045cd2f901f8491095946903aa25cfc6fee006a5decaeb03b5
images/accepted/truffle_manhattan/IMG_1965_c001.jpg,18065,3dd8ac422ac3d9f066589cb409eca5dd844b818112cf81d985932bf1f04701d1
images/accepted/truffle_manhattan/IMG_1965_c002.jpg,18770,4d85c1bd88f01d0dfcc54da2d079d0aa0d72ec7d52c6e9b738d56750c388d12a
images/accepted/truffle_manhattan/IMG_1965_c003.jpg,19859,92cf59681c0c96c5f4d50da94d4d2ffeaef84785aa94a5c70a1e1f4086eb6679
images/accepted/truffle_manhattan/IMG_1965_c004.jpg,21129,2571c058fdeb332e31b5ee3c139c8a9a20574d628876b48bc834fbb41ea9c63e
images/accepted/truffle_manhattan/IMG_1965_c005.jpg,19628,b856cd1206ab7be53fb2935c9433add03a2276ced494fc0d62fe39692af64cc3
images/accepted/truffle_manhattan/IMG_1965_c006.jpg,18727,a7f47da2c4118aa41ef63b4581c7b3540068772719c22f438e305781e9152dec
images/accepted/truffle_manhattan/IMG_1965_c007.jpg,19889,9b73c8ed4a6d418c5b94af877737765023351972e11f01201e153cd019757c12
images/accepted/truffle_manhattan/IMG_1965_c008.jpg,20668,1b8cf50242de10584989a26a2c9046e5b7f5f86ebb36dce2d47d0f0851bea1c1
images/accepted/truffle_manhattan/IMG_1965_c009.jpg,20958,706a2c25b9d70e31ae1a61706f04a78ce5a7e7db79a508bf21415f2ba9f152e8
images/accepted/truffle_manhattan/IMG_1965_c010.jpg,21064,dccc188ee68b7c3630f23cdf4ac29da1dc171d94bd1fe4b20fc07209751d2979
images/accepted/truffle_manhattan/IMG_1965_c011.jpg,21753,4f73b7cd707154494f1a7ef415736d99f10c9bccb53a1ef127c8fd7dfd530f99
images/accepted/truffle_manhattan/IMG_1965_c012.jpg,23288,86fd947990208b74f629b6fa4462ba10e6ce111005b2058e9dcb7601e2e3c9ea
images/accepted/truffle_manhattan/IMG_1965_c013.jpg,23322,0453dc1d5e29e932cc6d9eb9cbf8200950998160d5076c9340886ff3daf34f3f
images/accepted/truffle_manhattan/IMG_1965_c014.jpg,19727,373cd4528832d67e0398b489b9dcfb1a376f44ed988b7d8be1cfaff1d951bac7
images/accepted/truffle_manhattan/IMG_1965_c015.jpg,20135,9becf72ac5f95bea75db27a9fec6260807d477debbaba16b325bb4784cddb0f2
images/accepted/truffle_manhattan/IMG_1965_c016.jpg,21206,e219e3da3337bbf536467a25b58763c157bd41a850f58db55c368689f40d46d2
images/accepted/truffle_manhattan/IMG_1965_c017.jpg,22159,dd5e37be5e7cafca7c246b95f93fcbe5fb62acb4a6b7951c9dc038b682dcd83e
images/accepted/truffle_manhattan/IMG_1965_c018.jpg,20828,63a9e5bcfc5d375c5b9d57ee779e628763470ecf15793a28895bd08e3b38541c
images/accepted/truffle_manhattan/IMG_1965_c019.jpg,19899,4f6f31e9ed4a9ff6caa65bc63db3a1247173ed28cb372527ec85641c2f6235f3
images/accepted/truffle_manhattan/IMG_1965_c020.jpg,20315,3c1a3ecae7097af90272504c7d3fa209e370a70e0ff37dfabe62e5c3393049c1
images/accepted/truffle_manhattan/IMG_1965_c021.jpg,21021,b0e5798f577bc2218357b84caf60bd4291530a8e024b8f54a28967918f545e30
images/accepted/truffle_manhattan/IMG_1965_c022.jpg,18971,6f412208d55c615f4d76cad0888f6185781096316ee79e10af2a6f3d8e6eb9a1
images/accepted/truffle_manhattan/IMG_1965_c023.jpg,18558,ac55505d50cbd25f462dcec87153b252518c8780192e05b94703bacdce422bcf
images/accepted/truffle_manhattan/IMG_1965_c024.jpg,19169,1ec0e48cad65e5f2fa0dab915886da6eff66d789605e61292180ed12bbe06e65
images/accepted/truffle_manhattan/IMG_1965_c025.jpg,20834,384f91a1c3e96afd62a1614b0b0e78aabb31cbdf050538feb8ee0e5b90205a20
images/accepted/truffle_manhattan/IMG_1965_c026.jpg,19100,f68871bb3b2106d72590aac883b5312a85f34f6ebe478e60d93559e08ca4de6e
images/accepted/truffle_manhattan/IMG_1965_c027.jpg,14531,65e4ff129d8f6175617cecfbb0fe0a45a8c842ad0d185c202cb8102c6384063b
images/accepted/truffle_manhattan/IMG_1965_c028.jpg,18214,5d4796508a3fc448cc1ea42970f4ba73bf339778841bb1a31cbf800b50bee96e
images/accepted/truffle_manhattan/IMG_1965_c029.jpg,19770,2953ef6d92c07c4f3c364c439638125856fbdea4eb7273309ceb2e2aeeea4c29
images/accepted/truffle_manhattan/IMG_1965_c030.jpg,18741,7e07abd6b0782c8bd6d83ffbd179c9737a27cb5fd5fe6952231ad6d130e4659b
images/accepted/truffle_maple_cream/IMG_1986_c001.jpg,17053,c145bd40f0ec04c32395351fee888983f3d7b377c28416291e8090f05ce7cb84
images/accepted/truffle_maple_cream/IMG_1986_c002.jpg,18181,14badd6ad39b6861a37dce4db88fb0e72baa856b3dc18a5f4f320793d619a310
images/accepted/truffle_maple_cream/IMG_1986_c003.jpg,18601,0778f8cec5faffe64de2b2a36baa85c291501ab60f45422bbe9717cdc83c75f2
images/accepted/truffle_maple_cream/IMG_1986_c004.jpg,18151,220aae1054d058df010dadfa9c3e31056a67aff6d4968af8bc1f0c6a091b6f79
images/accepted/truffle_maple_cream/IMG_1986_c005.jpg,17022,ad4fbeceb9b2d025c680272f60fa4b54cf03faaf00ad1a1ea503f2832030dfb3
images/accepted/truffle_maple_cream/IMG_1986_c006.jpg,17574,ac5d8a12ab4152413054a3b754cb78b0dcf91b698059541ce5bb0c91d8fd6248
images/accepted/truffle_maple_cream/IMG_1986_c007.jpg,17261,1a6a96fb8c846828c0d7e828427b08561988e4851c9ef70e72b1de42ddbc1f77
images/accepted/truffle_maple_cream/IMG_1986_c008.jpg,18025,d41fd8fd15c5b0cefbd997defaf0bc74d51740a26214b6d46104f33c270b54ab
images/accepted/truffle_maple_cream/IMG_1986_c009.jpg,17554,f33740e81233087f86fc25b30f276a1e5d748e6360fae4181c595892eadfd053
images/accepted/truffle_maple_cream/IMG_1986_c010.jpg,19368,a9789b23a13fce35fa6ac989024a9d1c881c8a70b6491ecdb722cc3df0554c40
images/accepted/truffle_maple_cream/IMG_1986_c011.jpg,20467,f26825e826db26f09525e1786c29f754389dee9a3aed5d27342aad690355322b
images/accepted/truffle_maple_cream/IMG_1986_c012.jpg,18023,35e67ea35f5a5af28110f9dd6088ec8230c7b41f72bd4972d30119023918e88d
images/accepted/truffle_maple_cream/IMG_1986_c013.jpg,13773,9abb3936b29dcb926fef0cfa44c34fbbe20dbf9f102d617a177fd4c2044db8fc
images/accepted/truffle_maple_cream/IMG_1986_c014.jpg,14016,b43f5c8fff20cdd101cc08119410ced4a2e24be00586958add42143b87178b53
images/accepted/truffle_maple_cream/IMG_1986_c015.jpg,13160,97be35df445c00cbee41221227146dbb609470fc79124f1d545446c515097b54
images/accepted/truffle_maple_cream/IMG_1986_c016.jpg,15875,ce2650420bb9a95d910f70975ee24c33e38ed15d86e8c22927208a5113454f11
images/accepted/truffle_maple_cream/IMG_1986_c017.jpg,19286,88cc3dd498d80c228c91b1891b2cd4e27e839eac93fe1b5cb4944f0a065fad4d
images/accepted/truffle_maple_cream/IMG_1986_c018.jpg,17433,b8b5805f02ef68c381178b6b757651a59dbb7150becf9191dd56e10e95d762e5
images/accepted/truffle_maple_cream/IMG_1986_c019.jpg,13413,54e8a6845bc56035bf06f5a6480c69c2a0fbed06699cc81f2202ecab50c7d407
images/accepted/truffle_maple_cream/IMG_1986_c020.jpg,13442,3d6b3d6333a870665d5e9e06e6ec9fb38575452fa8fb6116c416f9a84044237b
images/accepted/truffle_maple_cream/IMG_1986_c021.jpg,12973,bc89669cb707af9452355de6f4bde90cedf46e5de96f28f68cac0444b67acccf
images/accepted/truffle_maple_cream/IMG_1986_c022.jpg,14518,6bce80e9df9146f4389d515427d61765f31efe8b86faa3c6c1e6f9274811eed4
images/accepted/truffle_maple_cream/IMG_1986_c023.jpg,18060,e745bd68f0e9815c2c3bf6f26f55161ed894a34bc8bb2d4e0b4faca7d6223fa0
images/accepted/truffle_maple_cream/IMG_1986_c024.jpg,15649,e90a2665294f93cb39f965b9928c741a55ed5e2e49764a5abbb4cfbecfe94a27
images/accepted/truffle_peanut_butter_caramel/IMG_1966_c001.jpg,19812,abf5f7ad5e43b66ba48b7e1f50162b4756900f89dccf41698ee04e141590915c
images/accepted/truffle_peanut_butter_caramel/IMG_1966_c002.jpg,17842,0d038a9178d512a5697d0b12effb80a34f3f6fb87db12b57a7331401176ec185
images/accepted/truffle_peanut_butter_caramel/IMG_1966_c003.jpg,17029,971338ebfe7c86fe7609eaf116c1f75d94ea292c03a20a1e1e1310d0819ea788
images/accepted/truffle_peanut_butter_caramel/IMG_1966_c004.jpg,18497,a7d22b5cc5187d6d39f998a6ca96bd255e33bf4fa4d1c30b17fb4eceea17a9d0
images/accepted/truffle_peanut_butter_caramel/IMG_1966_c005.jpg,19874,6134c1415f59eb3bc96a8cdf694a6835d9a5828ad4440953896648896135493d
images/accepted/truffle_peanut_butter_caramel/IMG_1966_c006.jpg,18595,419dbea00d42b953bc14fa1fda4e09284125b0559febf166e04bdc258856e966
images/accepted/truffle_peanut_butter_caramel/IMG_1966_c007.jpg,19815,b64f2ed510519a6d6217769499b332714068c81f239440ffecc8356a13c55c4d
images/accepted/truffle_peanut_butter_caramel/IMG_1966_c008.jpg,19888,8b4c68e34f6998aafd6bdd553c5850ee75bd5addb8840bed42c8d0028b28c226
images/accepted/truffle_peanut_butter_caramel/IMG_1966_c009.jpg,20193,44d293432e8a66cc58de0fcf6f410100192dbe6ec009e9aee1b82ac67ed75468
images/accepted/truffle_peanut_butter_caramel/IMG_1966_c010.jpg,20377,8ad03ac972469110f720c97e760ea76fa454085429af2af5a46d78a25e366f5e
images/accepted/truffle_peanut_butter_caramel/IMG_1966_c011.jpg,21141,773ed019d1ee5596850bd2e61f1db68e42cd95e2b1103a8e77309a88c3720683
images/accepted/truffle_peanut_butter_caramel/IMG_1966_c012.jpg,20149,3501a787889115ca123ee10f9441ca5fb60b85e228ada84e1de8bf5e7951935f
images/accepted/truffle_peanut_butter_caramel/IMG_1966_c013.jpg,20076,466c94a283fa7b30d453641796ef690c2ac6af3fe8af269241ed00ba38216bb3
images/accepted/truffle_peanut_butter_caramel/IMG_1966_c014.jpg,19782,409814e8c9f29cfb599906de514113405ae9c0024305af86c5ea6c1854614441
images/accepted/truffle_peanut_butter_caramel/IMG_1966_c015.jpg,20326,4ef0889294a07015f28b130281cb052e06e5d519a1e4f2f60c0c9e45cc00df52
images/accepted/truffle_peanut_butter_caramel/IMG_1966_c016.jpg,20330,b73be3e95f4fd4fa9bcfdeaac86c675afe7c760ac939bed80963c22e7e599fa4
images/accepted/truffle_peanut_butter_caramel/IMG_1966_c017.jpg,18943,e4f80583dfad1af1844d848478cc0fb3e20609592573e937c610f15498e2466f
images/accepted/truffle_peanut_butter_caramel/IMG_1966_c018.jpg,19660,bcf239d03ecfb823ac3af39f467f07aed1efb97dcb626786cf6b1582942ee55f
images/accepted/truffle_peanut_butter_caramel/IMG_1966_c019.jpg,19049,93f62caa558f17ae474056235804ac97d92e69590136a51f46d842c0409aacc8
images/accepted/truffle_peanut_butter_caramel/IMG_1966_c020.jpg,19841,f687d2e640183088ec2c7674fef26a0add9a0d427915d663af43870ccc8e3ba7
images/accepted/truffle_peanut_butter_caramel/IMG_1966_c021.jpg,19121,a8735d021841ab5753c70ee9f103b6abecadbec443552a6b6bc125aa7c821e89
images/accepted/truffle_peanut_butter_caramel/IMG_1966_c022.jpg,19031,d2fc76aee7e5c700aadfe6be5db9351020e2e6d0619251e3abf69ce266cdfda9
images/accepted/truffle_peanut_butter_caramel/IMG_1966_c023.jpg,18275,6838bf0d300c450df00b87518a552cda9db0708f477d9725bb7937b872b39f5c
images/accepted/truffle_peanut_butter_caramel/IMG_1966_c024.jpg,18645,cc2dd2f3b9f2b1b63b90537bd71812d24135ddcfbda4f4d8f383bc032c02a67d
images/accepted/truffle_peanut_butter_caramel/IMG_1966_c025.jpg,17999,deb776fa947dfa5bf6f4114ce1756330e67ab9ec265b073c34e81282a7bcab53
images/accepted/truffle_peanut_butter_caramel/IMG_1966_c026.jpg,18130,13ff158b066d8068ae173af8df61bfbe5ba845f5923929f56d71b8271753bd35
images/accepted/truffle_peanut_butter_caramel/IMG_1966_c027.jpg,18276,f1187dd39257ef211221171d57affa211b09af4f0b187e2f8d9d1b68d22de08f
images/accepted/truffle_peanut_butter_caramel/IMG_1966_c028.jpg,17596,9b8826dc9474121c4b6a40c04d961d2955fe4d6e428f65e4ae2378b9e0804520
images/accepted/truffle_pineapple_moscato/IMG_1997_c002.jpg,15071,c0fdba0460aaf1d49b088734beb71259cb6f4b3718848f659d733a507b6f4fe5
images/accepted/truffle_pineapple_moscato/IMG_1997_c005.jpg,20708,6f4e839c6e499b510d3357489bbea2bd72614c61ea276118b1a768fe1a8a076f
images/accepted/truffle_pineapple_moscato/IMG_1997_c006.jpg,18997,84ec1c3a3a29adaed08381250f07045a519d9bb3df98432611c6aafff4ba2dab
images/accepted/truffle_pineapple_moscato/IMG_1997_c007.jpg,17195,8f9468af0bf7fcac6738f4c5c7c5b0a39285803c7e91547ce0e0803f45744591
images/accepted/truffle_pineapple_moscato/IMG_1997_c008.jpg,19042,3a0dfa707fa7e0e0a99909fa1dcb0ef87b5663cc0c6faa099b8616a5f3abe2fc
images/accepted/truffle_pineapple_moscato/IMG_1997_c009.jpg,17881,372a73adfa92d1537c992a6a20cbbec9c995e3479adf38f32ddd4ea3124ba9c3
images/accepted/truffle_pineapple_moscato/IMG_1997_c010.jpg,16697,96d61b60cf4f2956414c05d0ce3774fdec7d5210694f18259d86f359be7c5d00
images/accepted/truffle_pineapple_moscato/IMG_1997_c011.jpg,17476,6e8e8a963c3778f94b6baaccc5dbd9f1e19fdd467c4469f5584b9e254ec43b89
images/accepted/truffle_pineapple_moscato/IMG_1997_c012.jpg,16907,e913ad960759190c7535489b4d225089bc066d19a1496c8ff4a758faf625a898
images/accepted/truffle_pineapple_moscato/IMG_1997_c013.jpg,15297,4ccd5c093ee3f2b84e24e0d3d987f94e1825a3c1279cccda7992b4458be7f936
images/accepted/truffle_pineapple_moscato/IMG_1997_c014.jpg,18037,e0c55b6716eacd3b7bbeddf90f59c298d0a8d92e9dc742bfedc900c01634db71
images/accepted/truffle_pineapple_moscato/IMG_1997_c015.jpg,18199,98d1e1cfebd19ef0cdc471a46de7a66dd340c56107e8ce803f0e3d1e961a5314
images/accepted/truffle_pineapple_moscato/IMG_1997_c016.jpg,16519,edd89bd80f6173c6487bc80cd2844f6d9eca82aa2f3c254c0f5d2e00ed4a833b
images/accepted/truffle_pineapple_moscato/IMG_1997_c017.jpg,16819,b62e695d3296528f6598903466d4875c412e069a576789b55fe70d9d1b114e58
images/accepted/truffle_pineapple_moscato/IMG_1997_c018.jpg,19006,4894115f444c68e79cbe7e39f2e8f0a2c110179d263af018093840f3d326ffd7
images/accepted/truffle_pineapple_moscato/IMG_1997_c019.jpg,13729,d5c8a55d1a423eeed073df1ca05bba0e04c51fd8780cea693d00e6a931139c7c
images/accepted/truffle_pineapple_moscato/IMG_1997_c020.jpg,15734,238a62d89f0a05ab06ae6d1f1305588f5d27ef3c7c0b59d66aaa5339a13533ec
images/accepted/truffle_pineapple_moscato/IMG_1997_c021.jpg,17002,33a8dce3778832b159261ea45aaba3b0b9769213a05a886ddc64f1be0b2b196b
images/accepted/truffle_pistachio/IMG_1987_c001.jpg,19717,72850e0cc9d128633eaaef3c6a5446a7acd12ea50f3f298c972757fe20096123
images/accepted/truffle_pistachio/IMG_1987_c002.jpg,19764,227c36f3f348909fcf52d066506e2ba6c9bce309e1930abd4e2b33e9ad1b122f
images/accepted/truffle_pistachio/IMG_1987_c003.jpg,19140,257a565b7f7811734673148c309cd90add00a32222f9580d972d2ff5b28d91fa
images/accepted/truffle_pistachio/IMG_1987_c004.jpg,18342,7c688eb3e017e7beeff7b7a22904f1355e2255e69e0a864a253613f5d974d480
images/accepted/truffle_pistachio/IMG_1987_c005.jpg,17354,5f22609ba79dbfb7b090dfaa4eb23625b5bc0602ed3b0fa13871b1e64bd55dc6
images/accepted/truffle_pistachio/IMG_1987_c006.jpg,17758,3e2702cd73ba96647cdd6a43ecf70852941c8785a8ffe960dab065cc1f4a0722
images/accepted/truffle_pistachio/IMG_1987_c007.jpg,18152,71108196b586cb802f5c620fb190be8ec5d4aba15b6a63f51df3ca099e665313
images/accepted/truffle_pistachio/IMG_1987_c008.jpg,19787,52d8ecaac7deaa81acd6a7634431fe379112ec5f82f6ac627996a7873c81b865
images/accepted/truffle_pistachio/IMG_1987_c009.jpg,19959,9dbbcdea23928c4498a5e50094a20fa314fdc7d5ab97e22378ca0aaf1e08c245
images/accepted/truffle_pistachio/IMG_1987_c010.jpg,21385,8cff08d31a330b1fc784b76a46736b05aada6f889bebdd968920f82d83ea8698
images/accepted/truffle_pistachio/IMG_1987_c011.jpg,20328,d5ae0994436b4e86b62a36e97ca9b7ef880abfda9495f50d12981ad9fb9e3b97
images/accepted/truffle_pistachio/IMG_1987_c012.jpg,17183,51c7063bc13fe1195c9f9c83200ba04a3fc2276295cff9181cf717699938e821
images/accepted/truffle_pistachio/IMG_1987_c013.jpg,15054,f6b86cb4e5fe7098c91e0ad41e72041b7ece60152f3ec4c9b1ed685945eb6e58
images/accepted/truffle_pistachio/IMG_1987_c014.jpg,19990,b479e5b950f24388dc089b36c0c3acb4898cfc7beed963a2de9a8bae7602b8f4
images/accepted/truffle_pistachio/IMG_1987_c015.jpg,20236,60f933b734061ba028bac1837a7b17dd8e655cfcaf0dcfde5846395e87669d4a
images/accepted/truffle_pistachio/IMG_1987_c016.jpg,21103,f555da0d605d59501e6bc87f90391c9f92c0a46381c7eff1148f289a2a6e09b6
images/accepted/truffle_pistachio/IMG_1987_c017.jpg,19749,26021d6d91c6e9fb305a8dcdec7b0c38348a1e8f34f87be1722c5132ee3c61a8
images/accepted/truffle_pistachio/IMG_1987_c018.jpg,15771,657e951ecb1f1ff1b3da1f2e9341f864165483368d200f4f97d5332284c6e630
images/accepted/truffle_pistachio/IMG_1987_c019.jpg,14330,e779eafc88b8ab609bce78960d894e65267cd3288755574bf52c6930e94d6faa
images/accepted/truffle_pistachio/IMG_1987_c020.jpg,15282,2e48624a05ac75804ddbaf2dedff8c12f24c7aacfe871595306ce7277f6ecc1f
images/accepted/truffle_pistachio/IMG_1987_c021.jpg,15567,e92eb18031dbcc557ab3022f3e272880b03ec6ce874c84735c5396e8e6d39d37
images/accepted/truffle_pistachio/IMG_1987_c022.jpg,17918,6a1dad9a3ae56b38d8d8eb59ab126ef848515ce50aa83c89608009c288427d72
images/accepted/truffle_pistachio/IMG_1987_c023.jpg,17953,f2f31b679c36c7a95d82b60dd853eea402fe290b5bccd8ef9f7a895b51fa808d
images/accepted/truffle_pistachio/IMG_1987_c024.jpg,14538,2c22f2d9a3e17ae1a8fd668a29b3b3ceb392b20159e174c9474febbdcb683f07
images/accepted/truffle_pumpkin_spice_latte/IMG_1963_c001.jpg,16902,98f1092db406c55ad557b4dbe4f9ee8e4a839ddf319e8d43b0f2da39c089c08d
images/accepted/truffle_pumpkin_spice_latte/IMG_1963_c002.jpg,17210,dda7c9a5dcf86a46ac7ac702198cbec5a326f7ed2ec2dbcb78e23017b1d56ea6
images/accepted/truffle_pumpkin_spice_latte/IMG_1963_c003.jpg,19078,ed850ab7577657ce713255108929882c449d324efaa0436f9983a22a20f3a4b3
images/accepted/truffle_pumpkin_spice_latte/IMG_1963_c004.jpg,19479,185f709f5463ecbe7c23deb22f34efb3f149ddd4d7b80be93ef945854d1fa4f4
images/accepted/truffle_pumpkin_spice_latte/IMG_1963_c005.jpg,18309,047926319be91f7e4072f3423de8fbc4dff7c89ed8684cdfae0bc87b19fadf52
images/accepted/truffle_pumpkin_spice_latte/IMG_1963_c006.jpg,19391,efd849c56e4001cc9dc7ec624b46bb39d94f656019f5bbd49c175922ddc0fa8c
images/accepted/truffle_pumpkin_spice_latte/IMG_1963_c007.jpg,20926,5e050b22aa5089f8ab0a6c875769047a96c696de59d4f83969771c514a3baeda
images/accepted/truffle_pumpkin_spice_latte/IMG_1963_c008.jpg,19900,fd066215966d17005603d5f8d7c133b42c48ac5aa11a414005b873bd8dfee297
images/accepted/truffle_pumpkin_spice_latte/IMG_1963_c009.jpg,18409,335c2b1da5543764a776e35effa4f69ac38883e92610bc9f6ff5e5ed5496f781
images/accepted/truffle_pumpkin_spice_latte/IMG_1963_c010.jpg,20113,dd185da9acd1456c6d61aa8a96a9b192b984eebeb87295da4917f409df2b1313
images/accepted/truffle_pumpkin_spice_latte/IMG_1963_c011.jpg,22657,619d7c2ba07f706ea37c20840bce5457e3fab83d6a5b40eaa9586bfd3fbb5860
images/accepted/truffle_pumpkin_spice_latte/IMG_1963_c012.jpg,22848,a14b1de62ea28ef3f105f2626c038207156b183faea635c555af4a922a0872e4
images/accepted/truffle_pumpkin_spice_latte/IMG_1963_c013.jpg,19925,d6f85e6a5c624a88847b5fd6c6b0b1836a7db7ecc5df22e513673659302e93a3
images/accepted/truffle_pumpkin_spice_latte/IMG_1963_c014.jpg,18138,39eff88813fead8b1b86c4bd402b04f2656ac0ec54d7e0699d2c552f3da19ac7
images/accepted/truffle_pumpkin_spice_latte/IMG_1963_c015.jpg,21029,5fefe3e3b0f674f86c6a28e67fab15473300a3a46ad2601042d411d2cfaeac00
images/accepted/truffle_pumpkin_spice_latte/IMG_1963_c016.jpg,19964,4e5d6c98b10c6061ba163d4e73c67f0183bef4268ffaff03f85233b27b3b8e3c
images/accepted/truffle_pumpkin_spice_latte/IMG_1963_c017.jpg,19680,23d80b8acb36193b220242b6aeb55c734ddcdad006de3c77387914da51630c01
images/accepted/truffle_pumpkin_spice_latte/IMG_1963_c018.jpg,17580,971983cff2a9f97730b13feb27b2be008617bfc49ee6d1384fe8ed0fa750121f
images/accepted/truffle_pumpkin_spice_latte/IMG_1963_c019.jpg,19702,7883cd100c9461b798c7a0c3c55906838d3cfac509806da40b6cb9b42623d24e
images/accepted/truffle_pumpkin_spice_latte/IMG_1963_c020.jpg,18951,ebd6b73b5a37457c5e656ee20bd0053d199fc536405d13ad9f6cb8b53d1a5121
images/accepted/truffle_pumpkin_spice_latte/IMG_1963_c021.jpg,17723,c2810416f4f020c7e1e006edf2be0cd3e3901c9677569936fbf6fa040452b395
images/accepted/truffle_pumpkin_spice_latte/IMG_1963_c022.jpg,17817,fe38cb1b65d51df91241092247e68f856c87188fda7f78db28bea9f648e38493
images/accepted/truffle_pumpkin_spice_latte/IMG_1963_c023.jpg,17394,9d3f7434dcee9f70c0b7e1f2a3a0776339d24416e8326773df382f731e608dc7
images/accepted/truffle_pumpkin_spice_latte/IMG_1963_c024.jpg,13917,f705123ca406232b679ce0f09bb0b686e31b01d2895f37b9e1ddfe3fb2ad19c0
images/accepted/truffle_pumpkin_spice_latte/IMG_1963_c025.jpg,13712,9dbd6a49a06cb7c4a58500583c44f24276382095f15c9f92fc728b92f7cb2286
images/accepted/truffle_pumpkin_spice_latte/IMG_1963_c026.jpg,15642,e2259187c973da127535a2a9b06a11157ad9a3337e07307406646c38e3e117ce
images/accepted/truffle_pumpkin_spice_latte/IMG_1963_c027.jpg,14474,8589b82c6d154d8f86982e4a991f98239a47ae45726d14f81f160f6d51272da6
images/accepted/truffle_pumpkin_spice_latte/IMG_1963_c029.jpg,12637,d45fbb7d86c4fb1da4267aabd6c417fde8dc32cc154954c0f493ce021de1e308
images/accepted/truffle_raspberry/IMG_1969_c001.jpg,18499,ec2266970ab88f65d63b1a1508fa52174fba6d94d3e719bba886c3da43bdeda7
images/accepted/truffle_raspberry/IMG_1969_c002.jpg,16376,2abdb45cd3b94622f9283ee73a263c5165e01f6a2d7f5f439b7c8a0160277a4e
images/accepted/truffle_raspberry/IMG_1969_c003.jpg,16250,f6ec33f4e78a78272b146126d0595918bbc66af4d8755d60709a3fd4d250cf3a
images/accepted/truffle_raspberry/IMG_1969_c004.jpg,16287,0eba1bf5937182c11fba07949b0a02e487a174f4833df4ceb68f45dda355c297
images/accepted/truffle_raspberry/IMG_1969_c005.jpg,17169,931d32f34bb0156b833b3c30e059dfe5a86baabd53a828b96d017c121dbe35ef
images/accepted/truffle_raspberry/IMG_1969_c006.jpg,17931,e6eb13540b5595d67b83fb2714acb8d3213849681602f0f29d9fa84ada8f04d4
images/accepted/truffle_raspberry/IMG_1969_c007.jpg,19126,f7509cfc5c80889842380791e2b189b585dcabf25cd1bac555c96c2ba234f430
images/accepted/truffle_raspberry/IMG_1969_c008.jpg,18590,eb860a637a329e9fa3693d6f52b821bbd4004bc8f6729d09fdb2c96b9ee306e0
images/accepted/truffle_raspberry/IMG_1969_c009.jpg,17404,20e7ff59c3e39f7cb0481ee4844c1a54d287e07283fd3a1dfe86b09929e75558
images/accepted/truffle_raspberry/IMG_1969_c010.jpg,18116,fb1e346294b407914384343a2b07154736ddd09c97f5c6a5f62c84f01135cb52
images/accepted/truffle_raspberry/IMG_1969_c011.jpg,18358,8bc9941c68ff4639385e35df63ae62a20bbc8ea75aa324b3ed5ecf24207c4822
images/accepted/truffle_raspberry/IMG_1969_c012.jpg,17226,1fea4ac1cc58023a0cf454f60e40adb597109b8ba8d85d86293dfc8ff5ff78f5
images/accepted/truffle_raspberry/IMG_1969_c013.jpg,16352,8feaf714a6bfbc9cd32cd243c774638025d2cf0fd6b49995893a089992de23ea
images/accepted/truffle_raspberry/IMG_1969_c014.jpg,18162,4cb1d5f2249f9d1270d029381b8d9f8f1e35a5ad8a6f4b57ea68d22618471f7f
images/accepted/truffle_raspberry/IMG_1969_c015.jpg,18335,e81fc544daf4f36241d02e89b18e820144df4a213452f4cdaff306407f493938
images/accepted/truffle_raspberry/IMG_1969_c016.jpg,18686,6372738a0279e58e27aae1d0d55575aef102a2028a9fb4fd5eb756f049598a19
images/accepted/truffle_raspberry/IMG_1969_c017.jpg,16297,a202afb2af320611ae70030a45f245870e97c3ad8aa90d80308f4b79b68fdf49
images/accepted/truffle_raspberry/IMG_1969_c018.jpg,17128,c03b80d5cee82f51312c9959ee8cc5687bfc82e7c8a7108e60f056d23f68105f
images/accepted/truffle_raspberry/IMG_1969_c019.jpg,17911,7ecf2215ea53f41ad60607046a3a2781b50f433979a9776dd837a8e5bb6b0f97
images/accepted/truffle_raspberry/IMG_1969_c020.jpg,17856,1b473281b4f170f2967d0efd2476d2846e79bb603ab8f91054272aa5fdd7e904
images/accepted/truffle_raspberry/IMG_1969_c021.jpg,15653,313ebaa7d4ca9fdf8b48d41e48cb6dab39450ad894645d8e3b8e4e7c6738fcd8
images/accepted/truffle_raspberry/IMG_1969_c022.jpg,16167,172dd9f6739ce031f06684712a5bb1ce1b136687c3e3d2fa72da6069477a8a78
images/accepted/truffle_raspberry/IMG_1969_c023.jpg,17217,b3188f773efdab78a11dfe8f1d5d3453720bb7d1c351850dd4576bdde3c1c2b4
images/accepted/truffle_raspberry/IMG_1969_c024.jpg,16149,ed5549d76ec3aadd670b2c7e3ba5a47b4e80a42012470618aeed1efeab61f4ad
images/accepted/truffle_s_mores/IMG_1971_c001.jpg,19377,c7ee6c47bcb5ab5bdab289d4d2b2d211e2ded5140780f63bfb2f540afd7c4ff0
images/accepted/truffle_s_mores/IMG_1971_c002.jpg,19905,025595f98232ce79fe3d8b2e1440473f8dc22e4d81ca7efef13f9ae65a2473ac
images/accepted/truffle_s_mores/IMG_1971_c003.jpg,17384,53347ae615a89624d87f6f4a26d9a697d74e7c7361e9c462ff1bb50fce42d7f2
images/accepted/truffle_s_mores/IMG_1971_c004.jpg,16708,1f8d355828b31059b29d7333ad1399c375f6bc74fd6cad941c737506c14b8a43
images/accepted/truffle_s_mores/IMG_1971_c005.jpg,20946,f76cbd607e449d2528518e7293cfa1a47a9259f5233fb7855cc8567157ba8dab
images/accepted/truffle_s_mores/IMG_1971_c006.jpg,20452,43f39aee9a3cbdc1e3c5950a1231278f336c34363958ae161f768d2ceb265ee3
images/accepted/truffle_s_mores/IMG_1971_c007.jpg,20518,959d0b340fdf7fc378d3a51909c9efe7a41fde6959efb06537aadfa6eeda416e
images/accepted/truffle_s_mores/IMG_1971_c008.jpg,18068,9d1d0f245cee70e50f83d6a004eaa07fc97f1f3d795e114eea3b7aae65c1dbad
images/accepted/truffle_s_mores/IMG_1971_c009.jpg,14994,0c74de4fd669f3c549993d271857cef52a1f4935a4ebec3d54aebd8c97f7aa0a
images/accepted/truffle_s_mores/IMG_1971_c010.jpg,18306,1c6f38633a5d1bb67afebde7df6c7df3d9991b13381f7fc8dfa4b63ff17d6147
images/accepted/truffle_s_mores/IMG_1971_c011.jpg,21960,92d7772fc47fa1065e61e34e662860ddf85384c2bd01a2144323c8854b41b9f7
images/accepted/truffle_s_mores/IMG_1971_c012.jpg,20118,de1d5f353c52d2245d2700669841b2bbccad55a07d8b06d418dc044800ea4e8f
images/accepted/truffle_s_mores/IMG_1971_c013.jpg,14032,22060b1a422358ca545f9ed758b54e7fe6d96936dbd434a000f32adedf8f64d9
images/accepted/truffle_s_mores/IMG_1971_c014.jpg,15932,3231a00832cae655bb7c075449aeafe69a702143300004df8ccac0ad6f64a277
images/accepted/truffle_s_mores/IMG_1971_c015.jpg,20751,34a356fcf403a769a5b1a87823f398bc88b56f050f834b242d079669a13268c4
images/accepted/truffle_s_mores/IMG_1971_c016.jpg,16722,406e9b0214c3058a9c4176c70e4ff6687a2f4bda3952d861fdf5161e15a3c162
images/accepted/truffle_s_mores/IMG_1971_c017.jpg,14857,009580ab7396ac8c88d97cc2b4ad1fb8d97130ebb387f9eadff4c710a7e22c1d
images/accepted/truffle_s_mores/IMG_1971_c018.jpg,15564,a080cdccfa2316b608a2c60fd5541be51445e6b2c0be439b6dce0600a0ee3709
images/accepted/truffle_s_mores/IMG_1971_c019.jpg,18741,4928158b17f67e91923798042f5f90b922d442fdd1b570dd6383efe484aea002
images/accepted/truffle_s_mores/IMG_1971_c020.jpg,18563,aaf76f9774911dda68b69c97014865a7ec643f6a5acb3cced0d84c87853d9f83
images/accepted/truffle_s_mores/IMG_1971_c021.jpg,13946,4727052c547feef782055c7f7523997ad000c6526d65f903e3786bd4d0537b1c
images/accepted/truffle_s_mores/IMG_1971_c022.jpg,15837,7fa11fa4b4ddd71d34c0351dd04e1735e37b01d53f6959fe52d10d205eed14d9
images/accepted/truffle_s_mores/IMG_1971_c023.jpg,16742,bdf5ff708cc9a0ddf08957c3d5473269deace1d0d7bacab686592af698f33e14
images/accepted/truffle_s_mores/IMG_1971_c024.jpg,16203,11d4dac995426c8f1637101616ceb7d8e3555e7e000f15573f04b2d9e7355c85
images/accepted/truffle_s_mores/IMG_1985_c001.jpg,20422,9f0b68facd0e44cbce4e2212b8780dd9b71729ee9a06b4662c63b0b0cb0df341
images/accepted/truffle_s_mores/IMG_1985_c002.jpg,15476,6133ecad41434ae9274480bbe83f688cfbe7dd68b66e7e2c9c4e0142efa1a12b
images/accepted/truffle_s_mores/IMG_1985_c003.jpg,15904,dfb9e80535269ff127b0f879b280285a354cb5a9f3a4d8535d618927ee738f4b
images/accepted/truffle_s_mores/IMG_1985_c004.jpg,15941,31664a8c96a557c4df2863494b2a798f885bff7f034507472dfd1b144c523f34
images/accepted/truffle_s_mores/IMG_1985_c005.jpg,20190,b99e6ef0eea06276cd6a3f7f2e9ba9e3f64fc8462d44aebc232b7933563ceb79
images/accepted/truffle_s_mores/IMG_1985_c006.jpg,17301,348bef2149073bde7c7cb505dff0e7e481d5fe8e83499be3c1642ab460c570c0
images/accepted/truffle_s_mores/IMG_1985_c007.jpg,15871,c1876023b2730dafb1d971230f8dda1d0e3387346a9cd5c2ee8e6b3596c1988e
images/accepted/truffle_s_mores/IMG_1985_c008.jpg,16475,3fd8895c426334e6172f1abf0080cdabf12c830338455f0fb3f8402e8391d023
images/accepted/truffle_s_mores/IMG_1985_c009.jpg,19763,59ba9156c2dea39b41afd5e1f3d71dcc883318aaa26624f7fb1653db11c1261f
images/accepted/truffle_s_mores/IMG_1985_c010.jpg,16191,7cad927b6cf6844ba2145637f6a1967cf745e032579b6df2b6f3456968cb98f1
images/accepted/truffle_s_mores/IMG_1985_c011.jpg,15616,5126887c694a8e167cee7825d6aedc39952d73074a21e36c95ae1f9fe659e0b0
images/accepted/truffle_s_mores/IMG_1985_c012.jpg,15889,a7c5d3846654daf37068bfcdc45b21d3dced510f33f59a39e88ec889294b4a6b
images/accepted/truffle_s_mores/IMG_1985_c013.jpg,21320,bb6de33ff4de5842e4c813a0bd8cf647d786f35eaa6ab3dc346107f886092413
images/accepted/truffle_s_mores/IMG_1985_c014.jpg,20434,23f2dcb50796f7b89879244961fb2d8d2e57e95d6506b41b06aeedb16159460e
images/accepted/truffle_s_mores/IMG_1985_c015.jpg,20201,0517a9414382e3b61b497e25a26fd16f7fa24b1fc0a636072dcc14b384e6bab3
images/accepted/truffle_s_mores/IMG_1985_c016.jpg,17786,35d099d646afffaac0fe2a223b920a9bec8361da567a1c745840df6a12c80922
images/accepted/truffle_s_mores/IMG_1985_c017.jpg,20783,36365ca317045a093656cf5479809366183aea57d9c0cd89736dd8a32761fadd
images/accepted/truffle_s_mores/IMG_1985_c018.jpg,20066,cbe038144e608e8a3c4dcd9792e82ca038bf277adcd24f0b1fadb6f72a08ae10
images/accepted/truffle_s_mores/IMG_1985_c019.jpg,23809,c4f6b1e0bc7586d93200014e6bcbdce05d7c1915caa287d23cc005cfb2e9edd6
images/accepted/truffle_s_mores/IMG_1985_c020.jpg,21117,670c299cb97b239fc39e46a1c99e6ab1f3f7ab2c82833303ced968bb21a319e3
images/accepted/truffle_s_mores/IMG_1985_c021.jpg,19165,80d4dadabc5d98a200ad9a64358b1b5f5926db48d29066d2eba5881cb730407b
images/accepted/truffle_s_mores/IMG_1985_c022.jpg,20734,accf2aded884291cb36307af5bbbf7b35a3712d75848524153a1a967b3f4f9c6
images/accepted/truffle_s_mores/IMG_1985_c023.jpg,18211,8f151adcb00e02aaf2ab49ae8fb6cd88998804e015879e4b2f985f06662ca17e
images/accepted/truffle_s_mores/IMG_1985_c024.jpg,21301,1b54cb093fd37127009e3457259123d1226e4a90faf7d0beaecb83654bff642f
images/accepted/truffle_s_mores/IMG_1985_c025.jpg,18469,00dffa12ca7f15e4e1ba18f3f6963a3edf2c945c04faf7d3e7a93a6500238538
images/accepted/truffle_s_mores/IMG_1985_c026.jpg,17393,29318f21431c35f7f77983b327d79138dca0d245c9b2e39e9ba96eb33faad2dc
images/accepted/truffle_s_mores/IMG_1985_c027.jpg,17733,701f0ad08ed4260bb976a02e3b757e4eb3b110f809c636b5174ec015a05ec815
images/accepted/truffle_s_mores/IMG_1985_c028.jpg,19073,c4cc018b9db1a97b700326a64eef304ad74874dfe6e4bd4608661d20c81f9a1e
images/accepted/truffle_salted_caramel/IMG_1967_c001.jpg,19258,d6f8dca5584e7f88f194553a58821c6ffbb6288cfe99c5f4dbe3e8ace11903c7
images/accepted/truffle_salted_caramel/IMG_1967_c002.jpg,20710,405b4049e53481700ee36f501c8e4608ce016019277f8902827e2571d7240b48
images/accepted/truffle_salted_caramel/IMG_1967_c003.jpg,21533,54746ee7cadb856e4afecbf812bb00ac776276682f939090099f70a5f31feb35
images/accepted/truffle_salted_caramel/IMG_1967_c004.jpg,20536,2b7a0d5ab60d437d84508563fb4df6fd4a069ff5e2f6f90434b1aa9c1f66dc27
images/accepted/truffle_salted_caramel/IMG_1967_c005.jpg,20302,f80ac0f44f45a7e14ae8816c8c73716bb7df8b704ab2c814eb020f109647093b
images/accepted/truffle_salted_caramel/IMG_1967_c006.jpg,21470,71f976680b63c3ea5b191a07ba0b2daaacb7c5dbfb2e646dbaf3d04c838c86ea
images/accepted/truffle_salted_caramel/IMG_1967_c007.jpg,22202,98db610eff96467088c2a3583a5c74e65d5400616436a8be0bf2011648a2f8b8
images/accepted/truffle_salted_caramel/IMG_1967_c008.jpg,22338,437190b28843d35f12b5c453893b7fe3550c7da62b4d3242c2415dbe1fa03694
images/accepted/truffle_salted_caramel/IMG_1967_c009.jpg,22460,9bda3224f936cc192467afaf3e501b3a2acfa2090af8ee4c630df223c6e985c8
images/accepted/truffle_salted_caramel/IMG_1967_c010.jpg,23348,24e2a4cde5a84a948cb0cf936f65ac628079736416619d3509ac450b31878def
images/accepted/truffle_salted_caramel/IMG_1967_c011.jpg,22683,b502daa0507d45c1393d7a7f1988aab6b31386dffcb1624b408c09edcfe44cc3
images/accepted/truffle_salted_caramel/IMG_1967_c012.jpg,22570,0f53f8e3e90fb2305c28910696df48753e85dda61449cae5aadb3f8a3344fb8c
images/accepted/truffle_salted_caramel/IMG_1967_c013.jpg,21213,d7d12d9285da8b12d189bc01bc0205825e997a6aba00a7936eb2d5da3d9667c2
images/accepted/truffle_salted_caramel/IMG_1967_c014.jpg,21795,d208cb3d037cb9bf35c14b50356533000b3a39d8b489c1c4d3f6e20ccc3c9bbe
images/accepted/truffle_salted_caramel/IMG_1967_c015.jpg,22731,2085196f949fccad6977290556c95d85879c8ccd69ad4afdd3e80545473e0ebc
images/accepted/truffle_salted_caramel/IMG_1967_c016.jpg,20557,093b7d163aa50e8bd21c6cd1ce53ec8dcfabcc0e65139516ba10c3b7e2af1be6
images/accepted/truffle_salted_caramel/IMG_1967_c017.jpg,20060,3e31fee818b2b9e3a368d7c48c763e9d802adf13bf6613e96e74a6aede0d301e
images/accepted/truffle_salted_caramel/IMG_1967_c018.jpg,20297,6d1aad6f4b85b95b7dadb92f7052b9c19a557a0881bee935913c8fde7eb77e7a
images/accepted/truffle_salted_caramel/IMG_1967_c019.jpg,19570,a711cf69cfdc8e2e47e8a6a0e731224ce17082d30ebdbb0c1ce909c99de5ec23
images/accepted/truffle_salted_caramel/IMG_1967_c020.jpg,21335,cfd8061f0ad0c5a51df0f00e9320d792fa8ce89c610db5247e6331d5c0aeaab6
images/accepted/truffle_salted_caramel/IMG_1967_c021.jpg,20213,371f61c772da8e03ac3408ee0b696c67a8340fc10101341e7794a1550d2bd034
images/accepted/truffle_salted_caramel/IMG_1967_c022.jpg,19459,e32ff9f65379c356a2cb615183958351ddfc93d23bfef11c568ad46602293469
images/accepted/truffle_salted_caramel/IMG_1967_c023.jpg,19268,41efefaef449532aa2dad9b7accf0a0f544ad62bba6601c62bd345125ef2b457
images/accepted/truffle_salted_caramel/IMG_1967_c024.jpg,18592,28f0b7154ee0ec902b4becae4dd4bcc2507c169161d33930e26664025a690dd0
images/accepted/truffle_salted_caramel/IMG_1967_c025.jpg,19158,adf8fd608b6ad69d8fd1242e591ba21ee707c63b960cb7e90aa1bf2f007be079
images/accepted/truffle_salted_caramel/IMG_1967_c026.jpg,19910,57d90a2fcb09f2080d58ae031ee61234b3ac5cec0d5a83d7a495cd1b1a302fc3
images/accepted/truffle_salted_caramel/IMG_1967_c027.jpg,19716,7c41199e59b13e482309dea4a5534398e2867165e328c90a3236b91e8168214c
images/accepted/truffle_salted_caramel/IMG_1967_c028.jpg,18656,b21e8b2582aeab71056c459b0cd52a4432756d740f15dc07774ebe5cda8da6d2
images/accepted/truffle_strawberry_shortcake/IMG_1990_c001.jpg,12868,8a2bbbb3f5dd4b5562d7134fd9b909237ea02d979dc0c8a0956b48730b2fc2ae
images/accepted/truffle_strawberry_shortcake/IMG_1990_c002.jpg,12143,b41a460657d139a6633fc60c7b79fd48534b3d52d96295c35770eda5f084d534
images/accepted/truffle_strawberry_shortcake/IMG_1990_c003.jpg,12813,dc4001ee2bdbbe5c21bce55985deaa61627fd11d010982d84f092848470d2797
images/accepted/truffle_strawberry_shortcake/IMG_1990_c004.jpg,15311,19d844600781f02705d8622b52858a661909768ca8264a4bb862612c4940535e
images/accepted/truffle_strawberry_shortcake/IMG_1990_c005.jpg,12122,7ab4154a4b75acedf7fd078fcc17bf2a717d4a63010432828f2d9ac1042a3201
images/accepted/truffle_strawberry_shortcake/IMG_1990_c007.jpg,18871,956e7a19b6aea96c48c0c47e7939e07ce5befba89ae4b37a6f329ed2cad65bc5
images/accepted/truffle_strawberry_shortcake/IMG_1990_c008.jpg,14973,0125b9768a66e614120a3ab9891a83c61977d393317865d4d01faf3809458ad5
images/accepted/truffle_strawberry_shortcake/IMG_1990_c009.jpg,18743,837a585fea566bf42aad611fdf947deab4bf644e1a6af7023c69daee13aaef49
images/accepted/truffle_strawberry_shortcake/IMG_1990_c010.jpg,19585,9f412b585acb67559654424e4c1615caf5b8b7a4e7983dc351913866c3b47bca
images/accepted/truffle_strawberry_shortcake/IMG_1990_c011.jpg,21910,e923779af53382076e784d7b8a651c4b34cb1e27b804bfa9026f47d0f975e4b5
images/accepted/truffle_strawberry_shortcake/IMG_1990_c012.jpg,16289,6d7231964cce1bf78e412288363b61abe426c8e880facabe217e8c2a1f225eec
images/accepted/truffle_strawberry_shortcake/IMG_1990_c013.jpg,19104,2f41e67bc6ed38242d78ad6ab91f6c888db77e83807a392e54e525e7ab8c216b
images/accepted/truffle_strawberry_shortcake/IMG_1990_c014.jpg,19560,ceabee12c2dcd9395ee32f3830df16ef3c108e9e7a717c640965c62a02aed0e0
images/accepted/truffle_strawberry_shortcake/IMG_1990_c015.jpg,19465,7fb9dc712d716a3c585afb2df5fb54665f0698404a3b3efa3a49d4e8160e5f3d
images/accepted/truffle_strawberry_shortcake/IMG_1990_c016.jpg,18190,9e6804930362715e489542d813e665fdf1a131b6a4740d28958777ddd8f8de95
images/accepted/truffle_strawberry_shortcake/IMG_1990_c017.jpg,18060,7cdc7398ab4bcd8d082040a990b0d34723f54f83f09d08c46b6bb6163b52729f
images/accepted/truffle_strawberry_shortcake/IMG_1990_c018.jpg,19503,900e8738995ccabc68b64286e3f34bdf5556bf29636dcb04b1c5c7456c80b689
images/accepted/truffle_strawberry_shortcake/IMG_1990_c019.jpg,18869,3b9f41be46893ac9cde540bfdf21f7233f53ce85151b70b381c8fc8523e5ee8d
images/accepted/truffle_strawberry_shortcake/IMG_1990_c020.jpg,17128,15d2d02631931758926cd24d41bebd56143adba0525631f64d0ea0997990104c
images/accepted/truffle_strawberry_shortcake/IMG_1990_c021.jpg,14752,3fbff850325fe0174b83bb3f4c1973d29b5b55556a8c33036052eb9d3d24af01
images/accepted/truffle_strawberry_shortcake/IMG_1990_c022.jpg,18096,ab5044759b94bb7d5bcc10d92ab1ae3ecdb112edbb6128cbc98af8cfa06317bd
images/accepted/truffle_strawberry_shortcake/IMG_1990_c023.jpg,18096,9da5c4e2124ddf68ed74f4a95874f7f473bff19d8fa28ec361791eb5c5d5c2b6
images/accepted/truffle_strawberry_shortcake/IMG_1990_c024.jpg,16318,ae13754a68bc0d1175126979d7883a482b4e06fda4f9d220904ffe45cc4788e8
images/accepted/truffle_tea_honey/IMG_1959_c001.jpg,18138,8096d43c478a27c7edf5fefe3075f295a95f43cf0f569b2703d7089f70c807d6
images/accepted/truffle_tea_honey/IMG_1959_c002.jpg,17430,ef18e385797277efb7609fbb5e095d46ec70033888471c3ce50c5368f58d3663
images/accepted/truffle_tea_honey/IMG_1959_c003.jpg,18991,ecc8504c02f475a285528aad46136a3d069557df7c207aa98772bc271739a37c
images/accepted/truffle_tea_honey/IMG_1959_c004.jpg,18242,b0a31b49f1bc762f34a78c1905f97ac185eb87bcda71616263ab1689f1f571e4
images/accepted/truffle_tea_honey/IMG_1959_c005.jpg,20783,640e263316feeed8c97555f36e558fe31d93ca7f4c18851f4f7986adaef761c2
images/accepted/truffle_tea_honey/IMG_1959_c006.jpg,22823,a66c4f683b1566d22f09028d0c5ab7c9d63bb2bc742c40f2de94e497620fcc33
images/accepted/truffle_tea_honey/IMG_1959_c007.jpg,23375,572ee9ecb715778f2f8f588ad3784bea925843668a0e860aa506f50ab1068cb7
images/accepted/truffle_tea_honey/IMG_1959_c008.jpg,21550,d5c3a09b5e29c3a38f9710029b9cb1687deb2fffc7ddda43c862c16a6993893e
images/accepted/truffle_tea_honey/IMG_1959_c009.jpg,20373,5f1b02d2c7398fa4b3926fac65c013b49cb9ad2e641e0d6fba2a81461f741e1c
images/accepted/truffle_tea_honey/IMG_1959_c010.jpg,21056,908eaab4bc73ad732e5c27f39a305b1c5e041cea990ee6f6f786a3a1a9e891d9
images/accepted/truffle_tea_honey/IMG_1959_c011.jpg,21447,3fb4950160663d730bf6b75a19dc4fabc8453802bce3714d47e7a19b1a32af44
images/accepted/truffle_tea_honey/IMG_1959_c012.jpg,20562,9ff0053bf0513bf95f1b983759b3f6af1397b3b517b7368006b8555be96f018a
images/accepted/truffle_tea_honey/IMG_1959_c013.jpg,21988,2e1aa5712981db3a03d6dcd029843464a5cc309a0230c11e8c33cb7f0c10a5bd
images/accepted/truffle_tea_honey/IMG_1959_c014.jpg,24798,43d9a02285a043ef4f7828b087188414075eaa0a71d0f8b0d9aad7c7273f5224
images/accepted/truffle_tea_honey/IMG_1959_c015.jpg,24445,d145e0e65d3ecd6477daa6a493641f2f7ee9a76c79e0bdd38a2f3b9a273dd055
images/accepted/truffle_tea_honey/IMG_1959_c016.jpg,21357,896718f085a0063856df675dd8a2c06a68acb13db2a555286e9f1939043c66a4
images/accepted/truffle_tea_honey/IMG_1959_c017.jpg,20058,d26c244fc725c25a2ee1ee87e8f1fe4a3975356029f459e297683cb8327271e7
images/accepted/truffle_tea_honey/IMG_1959_c018.jpg,22789,8b3de433966cf78f75d95b1e0cbd327e480643b76af9f2a1c1d0d8db85244947
images/accepted/truffle_tea_honey/IMG_1959_c019.jpg,24117,437b74ca32c2e87c7623117658e77c1ba728289c755344bd8d88a427ce49ef55
images/accepted/truffle_tea_honey/IMG_1959_c020.jpg,21407,d8ece2abba678025bc07eea75af6bf8fb9768e6de961c3b0f5d24461dc24bdeb
images/accepted/truffle_tea_honey/IMG_1959_c021.jpg,18923,bfdc58c0bd2200d788415c9cc85355fcb9e23a9c227ad021fcb792d472ece366
images/accepted/truffle_tea_honey/IMG_1959_c022.jpg,19262,c31d131a3cf3e8f3226a6de434737144e2a3b8ce4508d0f7eb65b5a1620896a5
images/accepted/truffle_tea_honey/IMG_1959_c023.jpg,19857,fb98a4fa75a4d04884d6469e6d713fa6319dfb8d610d1f02db843b7e353479e4
images/accepted/truffle_tea_honey/IMG_1959_c024.jpg,19490,1a060614c4d8b7fa30086b21dd58122e8d9be4f2be006407b64ed549a3d279b7
images/accepted/truffle_tea_honey/IMG_1959_c025.jpg,17791,47fa1c28f4dfa09ab97aa23985f42f686d4741993197b87ea9a1993d47f7d05b
images/accepted/truffle_tea_honey/IMG_1959_c026.jpg,21626,b6e4f7d7006e8df6330511b6f5bbe551904fb5ac5a1f5c425fa56b68710e4e64
images/accepted/truffle_tea_honey/IMG_1959_c027.jpg,21312,d22952536e8f4cd9004f3f1a8cd82555ba6d3aa7ce98f16612328a0149c03e07
images/accepted/truffle_tea_honey/IMG_1959_c028.jpg,17877,3e82bb3f45584ea0103b4dfdac604da45d8dc71c750f6b3a7ef81917b3e3f5a9
images/accepted/truffle_tea_honey/IMG_1959_c029.jpg,17962,f02ac769cdb694b6e1177514ef1cac269e1cb7970254a3e1a417afec788884d5
images/accepted/truffle_tea_honey/IMG_1959_c030.jpg,19499,d8d76496e9348d9a846ccffd839d88323f7683c222af46bc3e10cef1b189b4ea
images/accepted/truffle_tea_honey/IMG_1959_c031.jpg,20213,b08c09b663b2ba6cf61a576d34327045794ec54d0f4ebc3ad2569c1c51ba2acd
images/accepted/truffle_tea_honey/IMG_1959_c032.jpg,16515,19f94e52a0bf388ba62693e15327943eb145a1e09c758e37706247ee71aeaabc
images/accepted/truffle_turtle/IMG_1968_c001.jpg,18433,1d50c439dedf979f1677765240440558af6fad8c80d8fbdbf811417ad9be15d4
images/accepted/truffle_turtle/IMG_1968_c002.jpg,20609,c791e4d8003a17c87f6618b7367826988c791419a3c56dca6d833a6ac137cb10
images/accepted/truffle_turtle/IMG_1968_c003.jpg,18850,ebf93df3ba6ac89581c67923492f12a23000cc9f68b4958e6be842254c0b2248
images/accepted/truffle_turtle/IMG_1968_c004.jpg,18627,fad67f70aba63912794396e4d68536a134a5f34abda6eba9a5c358ff8d968521
images/accepted/truffle_turtle/IMG_1968_c005.jpg,19943,1a13365e03d4c488e5b5c35320b0bfa79d110c8690f8b60a825da97f83f3e526
images/accepted/truffle_turtle/IMG_1968_c006.jpg,21263,a95b2eae2907dd9bd685fbfe0e4fa7c4deacbef4d0998f17451d6cd9e0fa450b
images/accepted/truffle_turtle/IMG_1968_c007.jpg,21485,11ce97bd630a2413ce2f99bda66c3db1522419791757e04379b1edc53782b071
images/accepted/truffle_turtle/IMG_1968_c008.jpg,20826,20c77e9ca4d2a8a365d0d5e2d9c41dd1e74d8cfc0bae550e69b07b224e206ff4
images/accepted/truffle_turtle/IMG_1968_c009.jpg,19168,64c7d5a72333f48bcff3f4474e19a21e04e0911c8131c801112e58e75882dedc
images/accepted/truffle_turtle/IMG_1968_c010.jpg,22783,8d115716191ba39498fec18055d41ac934d4efefdfdc385ed0f8196caf39cbf2
images/accepted/truffle_turtle/IMG_1968_c011.jpg,22303,b9b61fd2d3a538871e004f35db6af5f19208b8db6c955a03331ba643a3dac851
images/accepted/truffle_turtle/IMG_1968_c012.jpg,19922,b264c1df09630d8dc12785bcb011191cafa73527795373b2d3e124db4c60b2c5
images/accepted/truffle_turtle/IMG_1968_c013.jpg,18009,96d1430717893ebd2a46b5824b471905e77b86cad6c2cfd50b663e9ce5b5f64c
images/accepted/truffle_turtle/IMG_1968_c014.jpg,19491,2b9a59665521d0886b716ee51005a0b2554c903e742576122d2cccea29766087
images/accepted/truffle_turtle/IMG_1968_c015.jpg,19841,6a4af97da32ed505639cd9e111eb466daaee14c2284b1679bffad3da3117a880
images/accepted/truffle_turtle/IMG_1968_c016.jpg,19205,16826efe782a4500b7f6765629b9ef28e787bc20c34c706291575c01e030a71b
images/accepted/truffle_turtle/IMG_1968_c017.jpg,17985,3d39f1bb0e0b01601d05a7b1db6f5e3e2f9eae181df31da854c19f67c6b4baa6
images/accepted/truffle_turtle/IMG_1968_c018.jpg,19472,11d9a2f869e6ea6c343ac5a520eee5b72a16587ba5398b57c1483581248eb2a8
images/accepted/truffle_turtle/IMG_1968_c019.jpg,18595,7727d88490fe7aa0e57e8bd250ca0c0f261d746d00287db78565a2884636048b
images/accepted/truffle_turtle/IMG_1968_c020.jpg,19292,40970acb160c448140cad7ac1b1f7c60ecc2a8100d199e3d1f496ad457d9a214
images/accepted/truffle_turtle/IMG_1968_c021.jpg,17505,2e891ecb8a4b72b070fe1ca2f437964cf198a423b7fb8be0a93188a5d324b1b2
images/accepted/truffle_turtle/IMG_1968_c022.jpg,17484,ccd59aa8753d3a8a2aae63dc2b3462f7acb2dfc82cff479e25d762717b8ed8c3
images/accepted/truffle_turtle/IMG_1968_c023.jpg,17180,594ac807c017e80800be589d927f6390c7739e0f588aae57d74d93a5a5745254
images/accepted/truffle_turtle/IMG_1968_c024.jpg,18318,0d5de03dc90c8b81841f1dc7aa534cd669153af713238b20426193a47b01b8e0
images/rejected/truffle_confetti_cake/IMG_1994_c025.jpg,14139,3c0d7b96694ae259e0ddb9f961b856eb613a55ab2552b1182a94b470cc589cd1
images/rejected/truffle_creamsicle/IMG_1989_c001.jpg,8988,52562364a4eefe5f917a198c11c647be6835a743c68c7acdb0906808ee4bdc93
images/rejected/truffle_espresso_martini/IMG_1972_c017.jpg,15881,5be7d46011938eaf246aac12ea25b18f634b15a0dacffa2fd9d80a0718272b41
images/rejected/truffle_espresso_martini/IMG_1972_c021.jpg,14975,115c2b13878513f64506caaabf79bee862f5eb5d62e41af011a6bc748feda005
images/rejected/truffle_key_lime_pie/IMG_1995_c028.jpg,8863,3d25cd075f28c8eb59e8b5ba6f76bdfcb0a6613943cf4a21945ea9f183a86296
images/rejected/truffle_pineapple_moscato/IMG_1997_c001.jpg,11976,dfe7320c8ab7be0722fbfe71025feceed460846ea3d6599ff571142f6c3f03a2
images/rejected/truffle_pineapple_moscato/IMG_1997_c003.jpg,15219,13cda4c7e4bfd157366b1140b2733ba64d86df3785da1b7705574175958bd1b9
images/rejected/truffle_pineapple_moscato/IMG_1997_c004.jpg,16536,640962fd1b5f0be0af6a5609c37233dae5ada3bf5c6d818f5e951f0c9d75ee2d
images/rejected/truffle_pumpkin_spice_latte/IMG_1963_c028.jpg,11075,57506d6b511d0f027d4ba06ed4fcb7589da6e57772f2dc27769f050f81b1e223
images/rejected/truffle_strawberry_shortcake/IMG_1990_c006.jpg,12627,4a3af65cedfa97869e310c4d2f6a1674f2b9370612d7586b5d01dc09c0b3380a
metadata/accepted_dataset_manifest.csv,308688,c6a4886ada6edb0e667c9e66220ab07a9aa43d43f00cd93a813f3dad784b150d
metadata/all_candidates_manifest.csv,312415,f195ae8067eeff4b8ee66c35bd6005aa006e543ffb3b18134096720849b4d757
metadata/final_chocolate_dataset_manifest.csv,263302,33e1cd1860e457139866f0ea56f2ca1da0810fadd4413997853d09c171dd2fe3
metadata/flavor_catalog.csv,1566,4f6de83d21b03e9dda9b8a09d26100a906ad31af8c1e95f9216a21923263931a
metadata/individual_candidates_manifest.csv,262982,90fbe36746944fe1a59e8f0998150620f309dae5cb3cf47bf3e37b78e1baa96e
metadata/rejected_candidates_manifest.csv,4085,70a0b40bdf5e5bc0a50b613fac16ae4b6fcb94425f57f147879902708de587f4
metadata/tray_flavor_mapping.csv,4350,527b1088690c965d5fd2a7414c733ea16b282752856e5a08545e423b43cbc1d0
metadata/tray_layout_review.csv,2174,883432d50074df07006ad409338800d770f2ad8bc94f30af6eab06f4e3b53edd
source_trays/_unlabeled/IMG_1959.jpg,1296796,acac57d75774d4257c67fed889ab425aa8d3fe4c01f0ac9d10787549b14861df
source_trays/_unlabeled/IMG_1960.jpg,1118578,d68dedadd040014692ca0f918b7c1024a6f3d643ce247119c87539f93a3588fd
source_trays/_unlabeled/IMG_1961.jpg,1058873,e20f7c25400269cb4a786351bb34693c374cd14aeae15da399db97fd654fb966
source_trays/_unlabeled/IMG_1963.jpg,1117794,4bf043b862062cb9fcbb6c669a25c4b9f853d437a5adccd102e23bfc3ec3724d
source_trays/_unlabeled/IMG_1964.jpg,970232,fb2fbc4bb1518ef35080776e4c827ee9baad772d61c5a255bfa12c6f142a97f4
source_trays/_unlabeled/IMG_1965.jpg,1316596,d38703abff22fe5c622da057191c3a17119fe48eaac95565f9dd681cc5c14193
source_trays/_unlabeled/IMG_1966.jpg,1296452,38ad1f9a7f54fd335ef0ed87f247262467f22ef39d827ddb7da65fbdea175569
source_trays/_unlabeled/IMG_1967.jpg,1376617,61584e2d856f8fd96aafc6254e10a1435c5f2fbe671730a95ed5c5fcab3b2652
source_trays/_unlabeled/IMG_1968.jpg,1269041,7d8e4dcbd34dd56df811d9af47ce023cd4898f283499fc1657a2e889db9f7f74
source_trays/_unlabeled/IMG_1969.jpg,1011322,1438f26140281500c4bd7bef2d76a8a3e66ccd083569ccf13761f790f2bbdd11
source_trays/_unlabeled/IMG_1970.jpg,1157311,f07e7dc27a5817e7003ea0f6eb9c9844d0e301a8359e8ec3eed240b97ac4b1a4
source_trays/_unlabeled/IMG_1971.jpg,1019141,51ff47f1666431e943e6da94c20f89124dc927e5524415f5d69aa1a5fc44bcfd
source_trays/_unlabeled/IMG_1972.jpg,1211217,0c112bfd478d3f6c45e5157b0c93783546ed1d80314ca59ed3e50115b6fe1684
source_trays/_unlabeled/IMG_1973.jpg,1619284,8c3f23bd783033429bfd55c0a438444789e2bc1de2607e9ad804d84a41d0bae3
source_trays/_unlabeled/IMG_1974.jpg,1264435,427120c8e53ea2c9af5c312c0ccf7fc1614b847db1d794c87c82cdd0b31fdba8
source_trays/_unlabeled/IMG_1975.jpg,1057142,44e7e1aa429bbbc5a8329174f6cb01cc0ea9bced6942125ac0320dc81948d1e3
source_trays/_unlabeled/IMG_1976.jpg,1637925,537b6614a82302e1d1931ba5b92f17235c6e40b14eaea390b0957535225cefa7
source_trays/_unlabeled/IMG_1977.jpg,1332962,73818c3c5675610c53663ce81bf2c98e0b5c45c6d5fe83f668a100eec673dd76
source_trays/_unlabeled/IMG_1978.jpg,1289984,d6dbf35eed1d48c08ad29b24fdb0ac877f071c15325d6d2c502d65dfcbf179d4
source_trays/_unlabeled/IMG_1979.jpg,1450367,f1a418f5aff8a97576feb8cccf7fee210bd1a6a88a638bfce61ad73ef3a0a62b
source_trays/_unlabeled/IMG_1980.jpg,1268972,79a8e53f66f1e56ba18a51ca0d63c8a2b0fdf9f2039c880084b29e81b664b60d
source_trays/_unlabeled/IMG_1981.jpg,1210167,48f9681a5bfcc451659beb5e68460600dcf5ca4cdc0db7e7fec90dca9b53f45c
source_trays/_unlabeled/IMG_1982.jpg,1254372,0ba72e762714fc9c8fb0185c56cce607a4c83b40d856c4f9c52f2ed5897ce999
source_trays/_unlabeled/IMG_1983.jpg,1016874,8ad07c49606c467a1e4e79f5885e0ce908da3246e01659d8a7816276b42b2991
source_trays/_unlabeled/IMG_1984.jpg,892582,20bc67c29430df455f708ff00ee276577152701e688b15da01461fc2007d409e
source_trays/_unlabeled/IMG_1985.jpg,1383858,49fe7f43b310edd39faa07877ce85eef684ee6a53b0538b280d163a94b5882e5
source_trays/_unlabeled/IMG_1986.jpg,1000994,ba2ba9bc5924716ded23db46fdaa4d1db910cdbe4d355c5923252868e2fb1d28
source_trays/_unlabeled/IMG_1987.jpg,1128992,47f173a90fac46dc868bdf2538ffa5cf349fa1854f78540e0d34c73c04b96f57
source_trays/_unlabeled/IMG_1988.jpg,1282243,5f4c6c26bc9b03b5833602437c79dd92f41fa6aa1f96360c68f70c978930768b
source_trays/_unlabeled/IMG_1989.jpg,989056,9b21ce2b61946473298b086964f790b345d484b1b5de965d6c4daae0a464d61c
source_trays/_unlabeled/IMG_1990.jpg,1176499,f8b15d4bb1b1c3b4c835c3492ef63079955a45464cab49a53e1ceb333ebd13e7
source_trays/_unlabeled/IMG_1991.jpg,901809,356862272cd6e96d2af963e1b248f941cb2dee4f1080b925f611e8471831d476
source_trays/_unlabeled/IMG_1992.jpg,991989,c7f984ca60f58a29e84adceda7d1654abbfad9b1130052a173e46822bb44b601
source_trays/_unlabeled/IMG_1993.jpg,996657,131871d71070251dee7910825888fdfc2510e5ef09a4c5b3bf2651a0d5396c22
source_trays/_unlabeled/IMG_1994.jpg,1478530,85cec04cbddfaff70e4441ac09cca2b6721ba374899b0fa6ef0eb51d608f9dc3
source_trays/_unlabeled/IMG_1995.jpg,995940,2ecdb793d4dc1e671e4212ecc827e27a89005c70a04f851e0b6d320314645386
source_trays/_unlabeled/IMG_1996.jpg,954894,1599dc96c7ae9379b482990d1709ec266652a73e98397e1226bc2c31d64e5f73
source_trays/_unlabeled/IMG_1997.jpg,1162139,e18268d40bf8bab878ed20bab35f19c58593e81acf03549baca86449e473c1f6
